text,category
আপনাকে ধন্যবাদ প্রশ্ন করার জন্য । আপনি বমির জন্য ট্যাবলেট ওমিডন ১০ মিলিগ্রাম খাবার আগে খান । ট্যাবলেট ওমেপ্রাজল ২০ মিলিগ্রাম সকালে ও রায়ে একটা করে খাবার আগে খান । ধন্যবাদ ।,nutrition
Daktar bhai ke proshno korar jonno dhonnobad . please consult with ENT specialist . Thanks,doctor
ডাক্তার ভাই কে প্রশ্ন করার জন্য ধন্যবাদ । আপনার মায়ের রক্তচাপ রেগুলার পরীক্ষা করবেন । রোগীর কিডনি জনিত কোন সমস্যা আছে কিনা জানান নাই । এজন্য আপাতত ব্যথার ওষুধ দেয়া যাচ্ছে না । আপনি অতি দ্রুত একজন অভিজ্ঞ মেডিসিন বিশেষজ্ঞের পরামর্শ নিন । রোগীর হয়তো ECG করা লাগতে পারে । উনাকে দুশ্চিন্তা করতে নিষেধ করবেন । রোগী কিছু ফ্রি হ্যান্ড এক্সারসাইজ করতে পারেন । ধন্যবাদ,medicine
"ধন্যবাদ আপনাকে প্রশ্ন করার জন্য । সবসময় বেল্ট পড়বেন ঘুম , গোসম ছাড়া । ওষুধ খান ধৈর্য ধরে । ব্যাথা হলে নাপা খাবেন , গরম সেঁক দিবেন । ধন্যবাদ",symptoms
Thanks for your question to daktar Bhai . Please do USG kidney and apply hot water bag . Thanks,doctor
I am suffering from fever last couple ' s of days what should I do,symptoms
"আমার আম্মার কয়েকদিন ধরেই খুব বুকে ব্যাথা । ২ টা কারডিওলজি ডাক্তার দেখালাম কোনো কিছুই ধরতে পারে নি । আজ ২ দিন যাবত নাকি ভিতর থেকে খুব ব্যাথা করে । কোন যায়গা থেকে করে বুঝতে পারে না । খুব খারাপ লাগে । বলে যে কিডনির ভিতর থেকেও নাকি ব্যাথা করে এবং পুরো শরীর ঝাকি দেয় । এখন আমি কোন বিভাগের ডাক্তার দেখাবো ? প্লিজ একটু সাজেস্ট করুন আমাকে । থাইরয়েডের ও সমস্যা আছে । বুকের ইসিজি , আল্ট্রা সব ই করা হয়েছে ১ মাস এর মধ্যে । সব কিছুই নাকি নরমাল ডাক্তার বলেছিলো ।",symptoms
Epistaxis and small polyp in the lower nose,symptoms
"ধন্যবাদ আপনার প্রশ্নের জন্য । না দেখে সমাধান দেয়া যাচ্ছে না । সরাসরি চর্মরোগ বিশেষজ্ঞ দেখিয়ে পরামর্শ নিতে হবে । আপাতত স্যালিসাইলিক এসিড যুক্ত সাবান ব্যবহার করতে পারেন । পানি পান করুন । পর্যাপ্ত ঘুমান । আপনি শাকসব্জি , ফল , আঁশযুক্ত খাবার খাবেন । চা , কফি , গরু , খাসী , মসলাযুক্ত , ভাজাপোড়া কম খাবেন । ধন্যবাদ",nutrition
"আপনাকে ধন্যবাদ প্রশ্ন করার জন্য । আপনার সমস্যা এভাবে সমাধান করা সম্ভব না , পরীক্ষা করা লাগবে । একজন Gastroenterologist এর সাথে যোগাযোগ করে পরামর্শ নিন । ধন্যবাদ ।",doctor
আমার বাচ্ছার বয়স ১১ মাস । তার কানে অনেক খইর হয়েছে । অলিভ ওয়েল ব্যবহার করেছি । কিন্তু তেমন কোন ফল পাই নাই । কান পরিষ্কারের জন্য কি কোন ড্রপ ব্যবহার করব ?,nutrition
আপনাকে ধন্যবাদ প্রশ্ন করার জন্য । আপনি আরো একদিন দেখুন । ভাল না হলে একজন মেডিসিন বিশেষজ্ঞ ডাক্তার কে দেখিয়ে নিন । ধন্যবাদ ।,doctor
আপনাকে ধন্যবাদ প্রশ্ন করার জন্য । আপনার সমস্যা জটিল । প্রাথমিক চিকিৎসা তে তা যাবে না । আপনি একজন ভাল মেডিসিন বিশেষজ্ঞ কে দেখান । ধন্যবাদ ।,doctor
ডাক্তার ভাইকে প্রশ্ন করার জন্য ধন্যবাদ । আপনার ভাইকে দ্রুত একজন হেমাটোলজিস্ট আর অনকোলজিস্ট ডাক্তারকে দেখান । তাদের পরামর্শ অনুযায়ী চিকিৎসা গ্রহন করুন । ধন্যবাদ ।,doctor
ডাক্তার ভাই কে প্রশ্ন করার জন্য ধন্যবাদ । syo . Avolac ৫বছরের নিছে বাচ্ছাদের দেয়া উচিত না । বাচ্চাদের প্রচুর আশযুুক্ত শাক সবজি খাওয়াবেন ।,medicine
আপনাকে ধন্যবাদ প্রশ্ন করার জন্য । আপনি আপনার স্ত্রীর প্রেগনেন্সির পরীক্ষা করান । বাজারে অনেক স্টীপ পাওয়া যায় যা প্রস্রাবের মাধ্যমে পরীক্ষা করতে হয় । প্রয়োজনে একজন গাইনি চিকিৎসকের পরামর্শ নিন । ধন্যবাদ ।,doctor
This is common in pregnancy . But you must consult with gynaecologist & obstetrician in a hospital . You should take ANC regularly . Thanks,medicine
"গ্রাহক , আপনার বয়স কত ? আপনি কি কাজ করেন ? আমাকে জানাবেন । কোন কিছু মনে রাখতে না পারার প্রধান কারন আপনি যে কাজটি করতে যাচ্ছেন বা করছেন তা মনযোগ দিয়ে না করা । অনেক সময় বয়স বাড়ার সাথে সাথে আমাদের নিউরন নস্ট হয় আর আমাদের মনে রাখার ক্ষমতা কমে যায় , আবার তরুন বয়সেও কিছু রোগের কারনেও এ সমস্যা হতে পারে । আপনি একজন মনরোগ চিকিৎসকের পরামর্শ নিন । ভালো থাকবেন ।",doctor
Thanks for questioning daktarbhai . Apply Nebanol powder 3 times in a day for 5 days . . And always keep that area clean and dry . . thanks,medicine
"ডাক্তার ভাই এর সাথে থাকার জন্য আপনাকে ধন্যবাদ । Rx , Tab Algin 50mg : 1 + 1 + 1 Cap Exium 20mg : 1 + 0 + 1 Suppository Voltalin 50mg - ১ স্টিক পায়খানার রাস্তায় দিবেন - ব্যাথা থাকলে Advice : - ওষুধ ব্যাতিত আপাতত মুখে কিছু খাবেন না - জরুরি ভিত্তিতে - USG of Whole Abdomen - Plan X ray Abdomen এই দুটি পরীক্ষা করে ইমার্জেন্সি বিভাগে যোগাযোগ করবেন । - ব্যাথার তীব্রতা বাড়লে দ্রুত হাসপাতালে জরুরি বিভাগে যোগাযোগ করবেন Dr < NAME > Mbbs",emergency
"ডাক্তার ভাই কে প্রশ্ন করার জন্য ধন্যবাদ । Tab xyril 10 mg 1 + 0 + 0 , 5 days , । ধন্যবাদ",medicine
আপনাকে ধন্যবাদ প্রশ্ন করার জন্য । আপনি ভেসেলিন লাগাতে পারেন । সিগারেট ছেড়ে দিলে ধীরে ধীরে দাগ কমে যাবে । ধন্যবাদ,medicine
"ডাক্তার ভাইকে প্রশ্ন করার জন্য ধন্যবাদ । Eromycin paediatric drop , দশ ফোঁটা এক বেলা , পাঁচ দিন । Ziflu Syrup , এক চামচের চারভাগের এক ভাগ , একবেলা , 10 দিন । এছাড়া বাচ্চাকে প্রচুর পরিমাণে বুকের দুধ খাওয়াবেন এবং বাচ্চা দুর্বল হয়ে গেলে অবশ্যই শিশু ডাক্তারের সরাসরি পরামর্শ নিবেন । ধন্যবাদ",medicine
আপনাকে ধন্যবাদ প্রশ্ন করার জন্য । আপনি ঔষধগুল চালিয়ে যান । গরম পানির সেক দিতে পারেন । একজন অর্থোপেডিক্স ডাক্তারের পরামর্শ নিতে পারেন । ধন্যবাদ,doctor
"আজকে অন্ডকোস আলট্রাসনো করছি , রিপর্ট নরমাল আইছে , ডাক্তার এ বলছে সমস্য নাই , কিন্তু আমার অন্ডকোসে মাঝে মাঝে হালকা টাটাই , কি সমস্য প্লিজ বলেন , এর কি কোন সমাধান নেই",symptoms
Thanks for questioning to daktervai . Syrup napa 1 tsf 6 hourly for 3 days . If temperature 101 or more degrees then use napa suppositories 60mg 1 stick per rectal exam,medicine
"ডাক্তার ভাই কে প্রশ্ন করার জন্য ধন্যবাদ । Syrup Ambrox - ২ টেবিল চামচ , ৩ বেলা খাবেন । । ধন্যবাদ",medicine
বয়স ৪০ বছর । মহিলা । TSH 0 . 68 mIU / L . Thyrox 50 প্রতিদিন একটা করে খায় । বর্তমান অবস্থা ও ঔষধ ঠিক আছে কি না ? দয়া করে জানাবেন ।,medicine
"আমি একটা ছেলে , আমার বয়স 21 বছর , আমার শরীর প্রচন্ড দুর্বল রক্ত টেস্ট করে পেলাম শরীরের রক্ত অনেক কম আছে , এখন কিভাবে আমি তাড়াতাড়ি শরীরে এনার্জি আনবো কোন জাতীয় খাবার খাব পরামর্শ দিন",nutrition
"আপনার প্রশ্নের জন্য ধন্যবাদ , আপনি আপনার ব্যাবহার্য কাপর এবং অন্নান্য পরিধেয় পোষাক পরিস্কার রাখবেন , প্রতিদিন পরিস্কার কাপর পরিধান করবেন । গোসলের পানিতে এন্টিসেপটিক দিয়ে গোসল করবেন । যে সমস্ত খাবারে এলার্জি হয় তা পরিহার করবেন । একজন চর্মরোগ বিশেষজ্ঞ চিকিৎসক এর পরামর্শ গ্রহন করুন । ভালো থাকবেন ।",nutrition
"ডাক্তারভাইকে প্রশ্ন করার জন্য ধন্যবাদ । স্ট্রোকের রোগীদের রক্ত দান না করার পরামর্শ দেয়া হয় । পূর্বেই উল্লেখ করেছি , এতে পুনরায় স্ট্রোক হবার সম্ভাবনা ও হার্ট ফেইলারের সম্ভাবনা থাকে । ইতিমধ্যে আপনি গুরুত্বপূর্ণ ঔষধ গ্রহণ করেছেন যা রক্ত দান করলে আপনি এবং যাকে দান করবেন উভয়েরই খারাপ reaction হয়ে থাকবে । ধন্যবাদ ।",emergency
"Thank you for asking your question to daktarbhai . Ashole na dekhe bolata aktu kothin , valo hoy apni jodi kosto kore akjon Orthopaedic doctor ke dekhan .",doctor
আমার হাত এবং পায়ের তালু ঘামে । এবং এটা নিয়ে বেশ বিব্রতকর পরিস্থিতিতে পড়তে হয় । অনুগ্রহ করে এটা থেকে পরিত্রাণের সঠিক সমাধান জানালে উপকৃত হতাম ।,symptoms
ডাক্তার ভাই কে প্রশ্ন করার জন্য ধন্যবাদ । ৭ দিন এন্টিবায়োটিক খাবার পর ও যখন বার বার জ্বর আসে ও গলায় ব্যাথা থাকে সেহেতু অবশ্যই আপনার করোনা টেষ্ট করে দেখা উচিত । এবং টেষ্ট করাক পর পরবর্তীতে চিকিৎকসা গ্রহন করুন ।,fever
দুধের নিচে বুকের খাচায় প্রচুর ব্যাথা | এবং নিঃশ্বাস টান দিলে বুকে খুবব্যাথা করে প্রায় ২ মাস দরে সমস্যা,symptoms
গত রাতে খাবার খাওয়ার পর থেকেই বমি বমি লাগছিল । খাবার টা হজম হয়নি মনে হচ্ছিল । সকালে ফজরের সময়েও এমন লেগেছে । পরে ঘুমিয়ে যাই । ১২টার দিকে উঠি । এখনো এমন লাগছে । বমি বমি ভাব আর শরীর দূর্বল । এখনো কিছু খাইনি সকাল থেকে । কি ঔষধ খাওয়া যেতে পারে ? প্রসঙ্গতঃ আর কোনো সমস্যা নেই । টয়লেট ও ঠিক আছে ।,nutrition
ডাক্তার ভাই কে প্রশ্ন করার জন্য ধন্যবাদ । এই বয়সে osteoarthritis হওয়ার সম্ভাবন বেশি থাকে । xray করে অর্থপেডিক ডাক্তারের পরামর্শ নিবেন । আপাতত ব্যাথার জন্য tab . xenole 500 / 20mg 1 + 0 + 1 . . . . ১৪দিন ( খাবার আগে ),nutrition
"ডাক্তার ভাই কে প্রশ্ন করার জন্য ধন্যবাদ । Tab . Fexo 120 mg 1 + 0 + 1 5days , Tab . Monas 10mg 0 + 0 + 1 5days . প্রয়োজনে হাসপাতালে একজন মেডিসিন বিশেষজ্ঞ ডাক্তার এর পরামর্শ নিন ।",medicine
আমি গত কাল সকাল থেকে রাত পর্যন্ত জ্বর জ্বর বোধ করছিলাম তারপর তৎক্ষণাৎ নাপা প্যারাসিটামল খেয়েছি সকালে দুপুরে এবং রাতে | আজকে শরীরের পরিস্থিতি স্বাভাবিক অবস্থায় আছে জ্বর বোধ করছে না এখন আমি কি করতে পারি ? ? ? ( আমি আড়ং বসুন্ধরা সিটির একজন নিয়মিত বিক্রয়কর্মী ),fever
"ডাক্তার ভাইকে প্রশ্ন করার জন্য ধন্যবাদ । আপনি Tab Napa Extend তিন বেলা 1 টি করে ট্যাবলেট ৩ - ৫ দিন , Tab Monas 10 রাতে একটি করে ট্যাবলেট ৫ দিন , Tab Maxpro 20 একটি করে ট্যাবলেট ২ বেলা ৩ - ৫দিন খেতে পারেন । এছাড়া উষ্ণ গরম পানিতে গা স্পঞ্জ করবেন । গরম পানি , লবন দিয়ে গার্গেল করবেন ৩ - ৪ বেলা প্রতিদিন । ধন্যবাদ",medicine
গ্রাহক ডাক্তারকে প্রশ্ন করার জন্য আপনাকে ধন্যবাদ । আপনার স্ত্রী এখন কোভিড ১৯ এর টিকা নিতে পারবেন । ধন্যবাদ ।,fever
"< NAME > বয়স 35 , গত 18জুন আমার জ্বর শুরু হয় 102 পর্যন্ত উঠেছিল 20তারিখ এন্টিজেন টেস্টে করোনা পজেটিভ আসে নাপা , অ্যাজিত 500 13টি , ইভেরা 6 খেয়েছিলাম 26জুন থেকে জ্বর চলে যায় 28জুন আবার হাসপাতালে স্যাম্পল দিলে এন্টিজেন টেস্টে করোনা নেগিটিভ আসে কিন্তু পিসিআর টেস্টের রেজাল্ট পাই 6জুলাই সেখানে পজেটিভ এসেছে । জ্বর , শ্বাসকষ্ট , গলাব্যথা এগুলো ছিল না এখনো পর্যন্ত নাই । কিন্তু আজ x ray রিপোর্টে ফুসফুসে ক্ষত সৃষ্টি হয়েছে দেখা যাচ্ছে । আমার ব্লাড প্রসারের হালকা সমস্যা আছে । দয়া করে পরামর্শ দিবেন ।",fever
আমার এইচবিএস বি ভাইরাস ধরা পড়েছে । এটা কি বড় কোন রোগ । হোমিওপ্যাথিক ওষুধের মাধ্যমে কি এই রোগ সারানো সম্ভব । এই রোগের চিকিৎসা খুব দ্রুত নেওয়া জরুরি কি ? ?,emergency
আমার জরায়ু থেকে প্রচুর পরিমানে সাদা স্রাব বের হচ্ছে । তা দেখতে অনেকটা ক্রিম রাবারের মতো । আর জরায়ুর পাশে অনেক চুলকানি হয় এখন কি করবো বুঝতে পারছি না ।,symptoms
ডাক্তারভাইকে প্রশ্ন করার জন্য ধন্যবাদ । Syp Pediamin 1 / 2 TSF at night for 7 days খাওয়াতে পারেন । লক্ষ্য রাখুন সেই সাথে বাচ্চার অন্য কোন সমস্যা হচ্ছে কিনা কিংবা বুকের দুধ ঠিকমত পাচ্ছে কিনা । প্রয়োজনে শিশু বিশেষজ্ঞের পরামর্শ নিন । ধন্যবাদ ।,medicine
কোমরে ও পেটের মধ্যে ব্যাথা কি করতে পারি ।,symptoms
আপনার প্রশ্নের জন্য ধন্যবাদ । আপনার সমস্যা গুরুতর নয় । জ্বর এর পর এমন হওয়া স্বাভাবিক । ঠিক হয়ে যাবে ৭ দিনের মধ্যে । ধন্যবাদ,fever
ধন্যবাদ আপনাকে প্রশ্ন করার জন্য । ডায়বেটিস কন্ট্রোল করতে না পারলে খেতে হবে । প্রেশার মাপিয়েছিলেন ?,symptoms
আপনাকে ধন্যবাদ প্রশ্ন করার জন্য । আপনি একজনবিশেষজ্ঞ অর্থপেডিক্স এর পরামর্শ নিন । ধন্যবাদ ।,doctor
ডাক্তার ভাই কে প্রশ্ন করার জন্য ধন্যবাদ । হ্যা coralex - dx খেতে পারবেন । খাবারের অরুচির জন্য tab . motigut 10mg . . . 1 + 1 + 1 . . . 15দিন এবং tab . atoz premium 1 + 0 + 0 . . 1মাস সেবন করুন ।,nutrition
স্যার আমি এক মাসের গর্ভবতী আমার আমার পেটে উপরে ব্যাথা করে দয়া করে জানাবেন কি সমস্যা 15 দিন ধরে আমার এটা 2 সন্তান,symptoms
ডাক্তার ভাই কে প্রশ্ন করার জন্য ধন্যবাদ । উনার ব্লাড প্রেসার কি low থাকে ? ? তাছারা উনার কি জ্বর আসে মাঝেমাঝে ? ? উনার blood pressure চেক করবেন । CBC with ESR with PBF পরীক্ষা করবেন এবং মেডিসিন বিশেষজ্ঞের পরামর্শ নিবেন ।,fever
Thanks for your question . apply hot compression . take clofenac 50 mg . Thanks,medicine
আমার স্ত্রী ৬ মাসের গর্ভবতী তার শুকনো কাশি আর পুরো শরিল চুলকায় চুলকাতে চুলকাতে ঘা উঠতেছে এখন কি করনীয় আশা করি পরামর্শ পাবো ।,fever
Thanks for questioning to daktervai . Tab Omidon 10mg 1 + 1 + 1 before meal 7 days,medicine
আমার স্ত্রীর বয়স ২৫ বছর । ১৪ দিনের বাচ্চা রয়েছে । বাচ্চা বুকের দুধ খাচ্ছে । আমার স্ত্রীর হালকা ঠান্ডা লেগেছে এবং নাকের সর্দি আছে । শরীরে হালকা জ্বর রয়েছে । মাথাব্যথা আছে । এখন কোন ঔষধ খাওয়ানো যাবে কিনা ।,fever
"3 দিন ধরে আমার মেয়ের কাশি , গত রাত বেশি কাশি হয় কাশির সাথে ভূমি করে , এখন ও শুকনো কাশি আছে এখন কি করব ?",fever
hydrocele bilateral and varicocele হইছে দুইটা রোগের জন্য কি আলাদা আলাদা অপারেশন করা দরকার নাকি একটা অপারেশন করলে হবে,symptoms
ডাক্তার ভাই কে প্রশ্ন করার জন্য ধন্যবাদ । এই সমস্যার জন্য সরাসরি রোগী দেখা এবং কিছু পরীক্ষা করানো প্রয়োজন আপনি সরাসরি একজন Pediatrician এর পরামর্শ নিতে পারেন ধন্যবাদ,doctor
গর্ভবতী মায়ের প্রথম দিকে কি কি টেস্ট করা খুবই জরুরি । প্লিজ . . . . . . . .,emergency
আমার স্ত্রীর দৈনিক ই মাথা ব্যথা করে কিন্তু যখন মাথা ব্যথা করে তখন চোখ ফুলে উঠে এবং চোখ দিয়ে পানি পড়ে এমতাবস্থায় কি করনীয় ?,symptoms
Thank you for asking question to Daktarbhai . Take syrp adovas - - 2 tbs x 3 times daily - - after meal for 10 days . Do warm water gurgle 3 times daily . Thanks .,medicine
ডাক্তার ভাইতে প্রশ্ন করার জন্যে আপনাকে ধন্যবাদ । খাবার নিয়ন্ত্রণ এবং ব্যায়াম করতে হবে । একজন পুষ্টি বিদের পরামর্শ নিতে পারেন ।,nutrition
Thank you for your question . Tab . Domin 10mg 1 + 0 + 1 . Thank you .,medicine
খারাপ লাগতে ছিল বমি বমি বুকে চাপ ENO খাবার পরে ভালো লাগতেছে ।,nutrition
আমার মেয়ের বয়স দশ মাস । বেশ কিছুদিন যাবৎ নাকের সর্দি ছিল । মাঝে মাঝে হাচি দিত । ডাক্তারের পরামর্শ অনুযায়ী ফেনাডিন সিরাপ খাওয়ানো হয়েছে । এখন হাচি নাই । এরপর কাশি হয়েছে । এখন কাশিও ঠিক হয়ে গেছে । কিন্তু এখন খিচুড়ি খাওয়ালে তা বমি করে ফেলে দেয় । খাওয়ানোর একটু পরেই বমি করে সব ফেলে দেয় । এখন কি করনীয় পরামর্শ চাই ।,fever
"করোনা হয়েছিলো , ২০ দিন আগে । তখন থেকে গলা ব্যথা , গলা চুলকাচ্ছে এবং কাশি । আদা , লবঙ্গ চা খাচ্ছি সারাক্ষণ । কিন্তু কিছুতেই কমছে না , রাতে গলা ব্যথায় ঘুমাতে পারিনা । নাকও চুলকাচ্ছে । কিকরতে পারি ?",fever
আমার সর্দির সমস্যা আছে । মাঝে মাঝে হঠাৎ করে শুরু হয় । অনেক হাঁচি কাশি হয় । নাক দিয়ে পানি পড়ে । এ সমস্যা হলে ফেক্সোফেনাডিন খাই । নাক বন্ধ হয়ে গেলে রাইনেক্স নেপাল ড্রপ ব্যবহার করি । একবার শুরু হলে ৩ - ৭ দিন থাকে । পুরোপুরি ভালো হওয়ার জন্য কি করতে পারি ? ধন্যবাদ । ।,fever
Thank you for asking your question to daktarbhai . 1 ) Tab . Monas 10mg ( 1 + 0 + 0 ) 15days after meal . 2 ) Syrup . Adovas ( 2 + 2 + 2 ) 10days after meal . 3 ) Gurgling with warm water 2times a day . 4 ) Do covid test as early possible .,medicine
"ডাক্তার ভাইকে প্রশ্ন করার জন্য ধন্যবাদ । আপনি যেকোন ক্লিনিক্যাল ডায়েটিশিয়ানের পরামর্শ নিয়ে একটি ডায়েট চার্ট ফলো করতে পারেন । এছাড়া অতিরিক্ত কার্বোহাইড্রেট , চিনি , ফ্যাট জাতীয় খাবার , জাঙ্কফুড খাওয়া থেকে বিরত থাকুন । রেগুলার 30 থেকে 45 মিনিট করে হাঁটুন , প্রচুর পরিমাণে পানি পান করুন । এবং প্রয়োজনে থাইরয়েড টেস্ট করে ফেলতে পারেন । ধন্যবাদ",nutrition
"আমার পেতে প্রুচুর গ্যাস্টিক , , , , এখন আমি কি ঔষুধ খাবো",symptoms
আমার গত ৬ - ৭ দিন ধরে পেতে গ্যাস এর প্রচুর সমস্যা । মাঝেমাঝে পেত ব্যাথা করে তলপেটের উপর এর দিকে । পায়খানা করতে অনেক সময় লাগে । maxpro - 20 খাচ্ছি । এখন এই সমস্যার জন্য একজন কনসালটেন্ট দেখাবো । অনুগ্রহ করে সাহায্য করুন ।,symptoms
joint pain . plz tell me ' some medicine,symptoms
আপনাকে ধন্যবাদ প্রশ্ন করার জন্য । আপনার সমস্যা র জন্য মেডিসিন বিশেষজ্ঞ ডাক্তার কে দেকাতে হবে । প্রাথমিকভাবে লং প্যারা একটা করে খেতে পারেন । বিশ্রাম নিন । ধন্যবাদ ।,medicine
আমার স্ত্রীর বয়স ২৭ বছর ২ টি বাচ্চা আছে । প্রায় ২ বছর যাবত ফেমিকন পিল খাচ্ছে । আমার প্রশ্ন হচ্ছে এভাবে পিল খাওয়া চালিয়ে গেলে কি কোনো অসুবিধা হতে পারে ? সে পিল খাওয়া চালিয়ে যেতে চাচ্ছে ।,medicine
"ডাক্তারভাইকে প্রশ্ন করার জন্য ধন্যবাদ । প্রত্যেকবার পাতলা পায়খানার পর ৫০০মিলি পানিতে ১ প্যাক ORS মিশিয়ে পান করুন । বেশি করে পানি , ডাবের পানি পান করবেন । পেট শক্ত করা খাবার জাউ ভাত , কাঁচা কলা ভর্তা , পেপে ভর্তা খাবেন । নিম্নোক্ত ঔষধ নিতে পারেন । 1 ) Tab Amodis 200mg - - 1 + 1 + 1 after meal for 3 days 2 ) Tab Napa Extend 665mg - - 1 + 1 + 1 after meal when there is pain 3 ) Cap Probitor 40mg - - 1 + 0 + 1 30min before meal for 15 days লাভবান না হলে দ্রুত হাসপাতালে চলে যাবেন । ধন্যবাদ ।",nutrition
"ডাক্তারভাই এর পক্ষ থেকে আপনাকে অনেক ধন্যবাদ , নিউ নেটাল বেবির যেকোনো প্রবলেম অবশ্যই ডাক্তার কে দেখিয়ে পরামর্শ নিতে হবে । ডাক্তার না দেখিয়ে কোন ধরণের ঔষধ সেবন করানো ঠিক হবে না । যত দ্রুত সম্ভব একজন শিশু বিশেষজ্ঞের সহায়তা নিন ।",doctor
"আপনাকে ধন্যবাদ প্রশ্ন করার জন্য । আপনি কাঁচ কলা , পোলার চালের জাউ ভাত খান । ট্যাবলেট সিপ্রোফ্লক্সাসিন ৫০০ মিলিগ্রাম সকালে ও রাতে একটা করে ৩ দিন খান । পানি বেশি করে পান করুন । ওরস্যালাইন খান । ধন্যবাদ ।",medicine
"? আসসালামু আলাইকুম । আমার বয়স ২২ বছর । কিছু দিন যাবৎ , আমার অনেক ( মাত্যারিক্ত ) জিঞ্জি উঠে । আগে এমন হত না । আমার মাঝে মাঝে এমন জিঞ্জি উঠে যে হাত - পা নড়াতেও পারি না । বেশি সময় হাতে , আবার এক সাইট অবশ হয়ে যায় জিঞ্জি উঠার সময়ে । এ সমস্যার সমাধান কি ? প্লিজ বলবেন ?",symptoms
আপনাকে ধন্যবাদ প্রশ্ন করার জন্য । আপনার খুব সম্ভবত স্কেবিস হয়েছে । আপনি আপনার কাপড় ভাল করে ধুয়ে শুকাতে দিন । গরম পানি দিয়ে গোসল করে স্কেবেক্স ক্রিম গলার নিচ থেকে পায়ের পাতা পর্যন্ত লাগান । আট ঘন্টা রাখুন । পানি লাগাবেন না । ট্যাবলেট এলাট্রল ১০ মিলিগ্রাম রাতে একটা করে খেতে পারেন । ভাল না হলে একজন চর্ম রোগ বিশেষজ্ঞ কে দেখাতে হবে । ধন্যবাদ ।,symptoms
আপনাকে ধন্যবাদ প্রশ্ন করার জন্য । আপনি আপনার বোনকে নাপা ২টা করে ৩ বার খাবার পর খাওান । পানি বেশি করে খাওাবেন । বমির জন্য খাওয়ার আগে ট্যাবলেট ওমিডন একটা করে খাওয়াতে পারেন । একজন মেডিসিন এর ডাক্তার এর পরামর্শ নিন । ধন্যবাদ,nutrition
Thank you for your question This may b a hormonal problem . Do serum TSH and visit a medicine specialist and act accordingly . Grey hair is also familial . Take proper care of scalp and use matched shapmoo . Excess tension also causes hair fall . Thank you,doctor
"আমি গতকাল হাসপাতাল থেকে বাসায় এসেছি , ডক্টর এক সপ্তাহ এর মেডিসিন দিয়েছে , এখন আমি ইনসুরে্নস কিভাবে ক্লেইম করব",medicine
"Sir , sisoder mirakof drop r vkof drop ki same roger kas kore . Sir ei doita ki sisoder kofer kas kore .",medicine
"বাচ্চা বদ হজম এর কথা বলে কিনা , ? ওজন কত হবে ? Dr < NAME > Mbbs",symptoms
"শরীরের ওজন , উচ্চতা ও খাদ্যাভ্যাস সবই ঠিক আছে । শারিরিক পরিশ্রম ছাড়া ছেলেদের বুকের মেদ কমানোর কি কোন ওষুধ আছে ? উচ্চতা 5 ফুট 11 ইঞ্চি , ওজন 74 কেজি ।",nutrition
ডাক্তার ভাই এর সাথে থাকার জন্য ধন্যবাদ । আপাতত একটি গ্যাস্ট্রিকের একটি ঔষধ দিচ্ছি সেবন করুনঃ Cap Seclo 20mg : 1 + 0 + 1 - খাবার আগে । ব্যাথা এরপর ও থাকলে বা বাড়লে নিচের পরীক্ষাটি করে জরুরি বিভাগে যোগাযোগ করবেন Test : ECG Dr < NAME > Mbbs ( DU ),emergency
ধন্যবাদ আপনাকে প্রশ্নের জন্য । আপনার অনেক সমস্যা । প্রতিটি বিস্তারিত শুনতে হবে । মেডিসিন বিশেষজ্ঞ ডাক্তারের পরামর্শ নিন । ধন্যবাদ,doctor
Thanks for questioning daktarbhai . Please continue medicine for 7 days Sponging whole body when temp more than 100F Continue Napa syrup 6hrly And if temperature > = 101F then Apply Napa Suppository 125mg per rectally ( You can apply 8 hrly if needed ) Thanks,medicine
স্যার সকাল থেকে পেটের ব্যাথা ও পাতলা পায়খানা । তলপেটের ব্যাথা ।,symptoms
ডাক্তার ভাই কে প্রশ্ন করার জন্য ধন্যবাদ আপনি Clofenac gel প্রতি বেলা আক্রান্ত স্হানে লাগাবেন । আপনি একজন Medicine specialist এর পরামর্শ নিতে পারেন । ধন্যবাদ,medicine
আমার স্রীর বয়স ৩৫ । সাদা স্রাব শরীর দুর্বল । পরামর্শ চাই ।,symptoms
"আমার বাবার বয়স ৪৭ , তার ইতিমধ্যে ১ টা টিউমার , আর ১ টা পাইলসের অপারেশন হইছে , টিউমার অপারেশন এর পর থেকেই বাবার ঘন ঘন বলতে খাওয়ার পরেই বাথরুম হয় , আনুমানিক দিনে ৩ - ৪ বার , মাঝে মাঝে শরীর দূর্বল হলে বমিও হয় , এমতাবস্থায় আমাদের করণীয় কি ? ?",symptoms
"ডাক্তার ভাই কে প্রশ্ন করার জন্য ধন্যবাদ । আপনি কাছের কোন হাসপাতাল চলে যান । এক্স রে করতে হবে মাথার , এখন বিশেষজ্ঞ দেখান । এটা জরুরি । ধন্যবাদ ।",emergency
"আপনার প্রশ্নের জন্য ধন্যবাদ । শোয়ার ক্ষেত্রে অনিয়মের জন্য হতে পারে । ব্যাথা হলে নাপা খাবেন , গরম সেঁক দিবেন । ধন্যবাদ",symptoms
চোখ লাল হয়েছে এবং চোখে আতুস করতেছে এবং মাঝে মধ্যে পানি আসে,symptoms
আমার মায়ের শরীরের বিভিন্ন জায়গায় দাদ দেখা দিয়েছে । এখন আমাদের এলাকা সম্পূর্ণ লকডাউন আর এছাড়া এই সময়ে বাইরে যাওয়াটাও নিরাপদবোধ করছেন না । যদি কিছু মেডিসেন জরুরি ভিত্তিতে লিখে দিতেন উপকৃত হতাম ।,emergency
Thank you for your question Tab . Napa 1 + 1 + 1 for 2days . Take rest . Measure blood pressure . Have proper sleep Thank you,medicine
Age - 24 7 din dhore pete onek jala pora r uncomfortable feel hocche 3 din dhore sergel 20mg and entacyd suspension khawar poro pet er jola and uncomfortable jacche na . ajke kheyechi gaviscon still jacchena . er agey amon kokhono hoini . Akhon ki kora jai ? Problem ta ki hoyeche ?,symptoms
আজকে হঠাৎ বিকাল থেকে আমার বুকটা প্রচন্ড ব্যাথা করতাছে বুকের মধ্যে চাপ দিয়ে ধরে রাখছে শ্বাসকষ্ট হইতাছে এখন কি ওষুধ খেতে পারি,symptoms
"আসসালামু আলাইকুম । স্যার , ডায়বেটিক রোগীর রক্ত নিয়ে কি কি টেস্ট করা যায় , ডায়বেটিস লেভেল চেক করার জন্য । কাইন্ডলি জানাবেন প্লিজ । খুবই দরকার এটি ।",symptoms
"amr wife er 11 / 04 / 20 c / s operation hoie amr baby hoi , but after 45 days means hosse normal hosse na , akhon kono dr o passi na , Tai emergency kono medicine dile onek help hoto",symptoms
"মাল্টি ভিটামিন খাচ্ছি প্রায় কিছুদিন ধরে । এই পরিস্থিতে ভাবছি ভিটামিন ডি সাপ্লিমেন্ট খাওয়ার কথা । আমি কি মাল্টি ভিটামিনের সাথে ভিটামিন ডি সাপ্লিমেন্ট খেতে পারবো ? ঔষুধের নাম আর ব্যবহারবিধি জানালে উপকৃত হব । বয়স : ২৪ , ২৮ আর ৩০ + ।",nutrition
ডাক্তার ভাইতে প্রশ্ন করার জন্যে আপনাকে ধন্যবাদ । tab - tory 120 mg 1 + 0 + 1 ব্যাথা থাকলে ভরা পেটে ৩ দিন । cap - Exium 20 mg 1 + 0 + 1 খাবার আগে ৫ দিন । একজন দন্ত চিকিৎসকও এর পরামর্শ নিবেন ।,nutrition
"আপনার প্রশ্নের জন্য ধন্যবাদ । দুশ্চিন্তা কমান , পর্যাপ্ত বিশ্রাম নিন । পানিশূন্যতা আছে শরীরে । আপনি তরল খাবার , স্যালাইন , তরমুজ , শসা , ডাবের পানি খাবেন । কোলেস্টেরল বাড়লে হার্ট এটাক , স্ট্রোকের ঝুঁকি বাড়ে । রোগীর সাথে সরাসরি কথা বলে হিস্ট্রি নিয়ে সমস্যা শুনে সমাধান দিতে হবে । বিশদ আলোচনার জন্য আপনি এই এপের মাধ্যমে ভিডিও কনফারেন্সে চিকিৎসকের পরামর্শ নিতে পারেন । ধন্যবাদ",emergency
"DaktarBhai a proshno korar Jonno dhonnobad . apni Tab . Alcet ( 5mg ) protidin rate ekta kore 7din khaben , alargy jatio khabar Kom khaben . dhonnobad .",medicine
"আসসালামুয়ালাইকুম , আমি < NAME > , , , বয়স - ৪৫ । ৫মাস আগে আমার প্রচন্ড কাশি হয় এবং প্রচুর রক্তক্ষরণ হয় । গত সাত দিন যাবৎ আমার আবার এই সব সমস্যা শুরু হয়েছে । আমি ট্রানেকজামিক ঔষধ সেবন করার পরও রক্তক্ষরণ বন্ধ হয়নি । । আমার বুকের ডান দিকে ব্যাথা করে । । এই মুহূর্তে আপনার পরামর্শ কামনা করছি । । । ধন্যবাদ ।",emergency
"cystic কি সমস্য , এটি আমার অন্ডকোসে আল্ট্রসনো তে ধরা পড়েছে , এটির জন্য কি ঔসুধ খাবো",symptoms
"আপনি প্রতিদিন ৬ / ৭ লিটার পানি পান করুন । আলভেরা জুস , আপেল জুস ও খেতে পারেন । ব্রনের দাগের উপর আলউর রস , ডিমের সাদা অংশ দিতে পারেন । প্রতিদিন ৬ / ৮ ঘন্টা ঘুমাবেন । দুশ্চিন্তা করবেন না । চর্ম রোগ বিশেষজ্ঞের পরামর্শ নিন । ধন্যবাদ",doctor
Thank you for your question Do covid test . Gurgle with Luke warm water and salt . Take lemon ginger tea . Eat fresh fruits and vegetables . Tab . Fexo 120mg 0 + 0 + 1 for 7days . Thank you,medicine
বাচ্চার বয়স ৭৮ দিন গত রাত থেকে হঠাৎ ঠান্ডা লেগে নাখ বন্দ হয়ে যাচ্ছে দুধ টানতে পাচ্ছে না Nosomist Nasal Drop দিচ্ছি এখন কি ওষুধ দেওয়া যাবে ?,symptoms
ধন্যবাদ আপনাকে প্রশ্ন করার জন্য । এণ্টাজোল স্প্রে ব্যবহার করে দেখুন । ধন্যবাদ,medicine
ডাক্তার ভাইকে প্রশ্ন করার জন্য আপনাকে ধন্যবাদ । মহিলাদের কোমর ব্যথার জন্য একজন অর্থোপেডিক সার্জনের সাথে সাক্ষাত করে তার দেয়া পরামর্শ মেনে চলুন । ধন্যবাদ ।,doctor
ডাক্তার ভাইকে প্রশ্ন করার জন্য ধন্যবাদ । আপনি দ্রুত একজন ইন্টারনাল মেডিসিন বিশেষজ্ঞের পরামর্শ নিন । ধন্যবাদ ।,doctor
"Thank you for your question . Please do a CBC , dengue NS1 ag test . Check if the doses are accurate of napa and dinafex . Tab . Monas 5mg once daily for 5days for dry cough . Antibiotic should be started according to the test results . Thank you",medicine
can i take albendazole 400 mg with rosen 28 ? will it reduce the effectiveness of the contraceptive pill ?,medicine
"হ্যালো , দয়া করে জানাবেন কট্রিম খালি পেটে নাকি ভরা পেটে খেতে হয় ?",medicine
ডাক্তার ভাইকে প্রশ্ন করার জন্য ধন্যবাদ । আক্রান্ত স্থানে গরম সেক দিন । Tab Naproxen 250 mg দুই বেলা খেতে পারেন । পা বেশি নড়াচড়া করবেন না । সম্পূর্ণ রেস্টে থাকার চেষ্টা করুন । ধন্যবাদ,medicine
ডাক্তার ভাইকে প্রশ্ন করার জন্য ধন্যবাদ । আপনি Cortimet Cream আক্রান্ত স্থানে লাগাতে পারেন দিনে দুই থেকে তিনবার । এছাড়া যদি অবস্থার উন্নতি না হয় তবে একজন স্কিন বিশেষজ্ঞের পরামর্শ নিন । ধন্যবাদ,medicine
"স্যার , কেনোলা দিয়ে স্যালাইন দেওয়ার সময় যদি বাতাস রগে ডুকে তা বাহির করার উপায় কি ? ডাক্তার এর কাছে যাইতে হলে কোন বিভাগের ডাক্তার এর কাছে যাব । গত শুক্রবার নিউরো সার্জন দ্বারা আমার কোমরে একটি অপারেশন করিয়েছি । ধন্যবাদ ।",symptoms
ডাক্তার ভাইকে প্রশ্ন করার জন্য ধন্যবাদ । এখন তো গরম সেঁক নেন । সম্পূর্ণ রেস্টে থাকেন । Volinac Gel - ব্যথার স্থানে মালিশ করতে পারেন । ধন্যবাদ,medicine
Emergency Pill খাওয়ার পর 4Hour পর সহবাস করলে কি Pregnant হওয়ার সম্ভাবনা আছে ?,medicine
"6জুন থেকে আমার গলাব্যাথা । আর অন্য কোনো উপসর্গ নাই । Fexo120 সকালে , রাতে Tofen 1 mg , সঙ্গে বিকোজিং ও গ্যাসের টেবলেট খাচ্ছি । গলাব্যাথা আজকে হালকা মনে হচ্ছে । কিন্তুু বিকালে ঘুমের ( 45 মিনিট পর ) শেষের দিকে বুজলাম কাত হয়ে শুয়ে থাকলে যা নিশ্বাস নিচ্ছি তার পুরোটা মনে হয় use করতে পারছি না । আমার পেসার ১৩০ / ৯০ থাকে । কিন্তুু ঔষধ খাইনা , অনুশীলনে ভালো থাকি । বয়স ৩১ . আমি পূর্বরাজাবাজার এ আছি । টেস্ট করি নাই । আমি আর কী কী ঔষধ খেতে পারি । কোন ডক্টর এর নাম্বার দিতে পারেন কী , যার সঙ্গে সঙ্কটের সময় কথা বলতে পারি ।",symptoms
আপনাকে ধন্যবাদ প্রশ্ন করার জন্য । আপনি জ্বর হলে প্যারাসিটামল খাবার পরে খাবেন । ট্যাবলেট নিউরো বি সকালে ও রাতে একটা করে খান । তরল খাবার বেশি করে খাবেন । ধন্যবাদ ।,fever
"আমি গত এক বছর আগে মাইন স্ট্রোক করেছিলাম । তখন নিউরোলজি ডাক্তারের পরামর্শে tab . rosuva 10 mg , ecosprin 75 mg , mirtaz 30 mg , radex , alaxen 0 . 5 mg , cap . rememo . সেবন করি । এরপর আমি মোটামুটি ভালো অনুভব করি । কিন্তু এখন আমার বিভিন্ন সমস্যা দেখা দিচ্ছে । ঘুমাইতে গেলে খুব ছটফট অনুভব করি , একটু টেনশন করলে আর ঘুম আসেনা , মাথায় কোনো লোড নিতে পারি না , কোনো সাধারন চিন্তাও করতে পারি না , শরীরে প্রচুর ঘাম দেয় , বাম হাত এবং বাম পা খিচুনি দেয় । এখন আমি কি সাহায্য পেতে পারি ?",emergency
আপনাকে ধন্যবাদ প্রশ্ন করার জন্য । অনেক দিন ধরে গেস্টাইটিস থাকলে পেটের ভিতর রক্তক্ষরণ হতে পারে । এই কারনে আপনার পায়খানা কালো হতে পারে । এতে মারাত্মক কোন ক্ষতি হতে পারে । আপনি একজন মেডিসিন বিশেষজ্ঞ ডাক্তার র পরামর্শ নিন । ধন্যবাদ,emergency
"ডাক্তার ভাইকে প্রশ্ন করার জন্য ধন্যবাদ । আপনি অতি দ্রুত শিশুকে একজন শিশু ডাক্তারের কাছে নিয়ে যান , ডাক্তার দেখে - পরীক্ষা করে চিকিৎসা দিবে । ধন্যবাদ",doctor
আপনাকে ধন্যবাদ প্রশ্ন করার জন্য । আপনি নাক কান গলা ডাক্তারের পরামর্শ নিন । আপনার অপারেশন লাগতে পারে । ধন্যবাদ,doctor
"age 21 , kal bikal the jor , sorir bethe kore , sathe gola betha ache , ki medicine grohon korbo . sir or madam pls prescribe me ?",symptoms
আমার সমস্যা অনিয়মিত পায়খানা তাই আমি এটির সমাধান চাই,symptoms
আসসালামুয়ালিকুম । একজন স্ট্রোকের রোগীর জীবনযাপনের অর্থাৎ লাইফস্টাইল এ সর্ম্পকে যদি একটু বলতেন উপকৃত হতাম ।,emergency
"Thank you for asking your question to daktarbhai . Onek shomoi bacchader jokhon pet betha kore tokhon amon kore kanna kore , or keno pet betha korse othoba onno kono karone amon kanna korse kina ta physically na dekhe bujha jasse na ar oke na dekhe medicine o dewa jabe na . Valo hoy apni akjon paediatric doctor er shate consult korun .",doctor
"ধন্যবাদ আপনাকে প্রশ্নের জন্য । ডিম , দুধ , ডাবের পানি , ওরস্যালাইন , মাংস । ধন্যবাদ",medicine
আমার এক মাস ধরে ঠান্ডা নাক বুঝে আছে প্রতিদিন মাথা প্রচন্ড ব্যথা করে মাথা ভারী হয়ে আছে প্রচন্ড মাথা ব্যথা করে আমার এখন কি করনীয়,symptoms
প্রশ্ন করার জন্য ধন্যবাদ । আপনি একজন নাক কান গলা বিশেষজ্ঞ ডাক্তার কে দেখিয়ে কান পরীক্ষা করিয়ে তার পরামর্শ মতো চিকিৎসা নিন । ধন্যবাদ ।,doctor
thanda vab ektu ase . hachi kasi day majhe majhe . ato besina . gas er jonno flacol daily tinbar dissi . tarporo feeding korte chayna .,symptoms
আমার বয়স 20 height 5 feet 3 inch গ্রোথ হরমোন বাড়ানোর কোন কার্যকর মেডিসিন আছে কি ? আর এখন height improve করা সম্ভব ?,medicine
Thank you for your question . Use mouth wash daily . Brush your teeth after every meal . Take plenty of water . Visit a dentist if problem persist . you might have gingivitis . Thank you,symptoms
আপনাকে ধন্যবাদ প্রশ্ন করার জন্য । আপনি ভাজা পোড়া কম খাবেন । রাতে খাওয়ার পর ১ ঘন্টা পর ঘুমাবেন । Endoscopy test করিয়ে নিন । গ্যাস্ট্রিকের ঔষধ বন্ধ করবেন না । একজন গ্যাস্ট্রো এন্টারোলজিস্ট কে দেখিয়ে নিতে পারেন । ধন্যবাদ,doctor
"উচ্চ রক্তচাপ এর জন্য tenoren 50 , nidipine sr 20 and olmevas 20 মেডিসিন গুলা কি খেতে পারব ? আমার প্রেসার রিডিং ১১০ / ১৫৫",symptoms
"ডাক্তার ভাইকে প্রশ্ন করার জন্য ধন্যবাদ এখনো দুইটা ডিম খান , দুই গ্লাস দুধ খান , স্যালাইন খান । ধন্যবাদ",medicine
ডাক্তার ভাইতে প্রশ্ন করার জন্যে আপনাকে ধন্যবাদ । বাচ্চারা এমনিতেও অনেক সময় অনেক রকম মুভমেন্ট করে । না দেখে আসলে এই ক্ষেত্রে খুব বেশি কিছু বলা মুশকিল । আপনি একজন শিশু বিশেষজ্ঞ চিকিৎসক কে সামনে থেকে দেখিয়ে পরামর্শ নিবেন ।,doctor
রক্ত আমাশয় সর্বচ্চো কত দিন থাকতে পারে ? আর আমাশয় ঠিক হয়ে গেলেও কিছুদিন মলের গায়ের সাথে লেগে রক্ত বের হতে পারে ?,symptoms
আপনাকে ধন্যবাদ প্রশ্ন করার জন্য । আপনি মনকে নিয়ন্ত্রণ করুন । মেডিটেশন করতে পারেন । ব্যায়াম করুন । খারাপ চিন্তা বাদ দিন । একজন মন রোগের ডাক্তারকে দেখাতে পারেন । ধন্যবাদ,doctor
"কোমরে ব্যাথা , রুকুর পজিশন বা L শেপ ঠিক মত করতে পারিনা প্রচন্ড ব্যাথা সল্প সংখ্যক প্রেস্ক্রাইভড ওষধ খেয়েছিলাম । এই কোমর ব্যাথার ওষধের সাথে কি ব্যায়াম করা উচিত ?",symptoms
daktar bhai ke proshno korar jonno dhonnobad . shishu daktar dekhan . saline khawan . Thanks,medicine
আপনাকে ধন্যবাদ প্রশ্ন করার জন্য । আপনার সমস্যা জটিল মনে হচ্ছে । আপনি একজন নাক কান গলা বিশেষজ্ঞ কে দেখিয়ে চিকিৎসা নিন । ধন্যবাদ ।,doctor
আমার নানুর দুইদিন আগে জ্বর ছিল । বয়স ৭৫ । তখন নাপা এক্সটেন্ড সাথে জিম্যাক্স খাওয়ানো হইসে দুইদিন যাবৎ । এখনো কোর্স শেষ হয়নি । প্রেসারের সমস্যা আছে । কয়েক মাস আগে মাইল্ড স্ট্রোক করসিল । এখন স্ট্রেচারে ভর দিয়ে হাটে । গতকাল একদম জ্বর ছিলোনা । এখন আবার জ্বর আসছে ১০১ এর কাছাকাছি । ওষুধ কি আগের মতো চলবে ?,emergency
আপনাকে ধন্যবাদ প্রশ্ন করার জন্য । এলার্জি সমস্যা একবারে ভাল হয় না । যে কারনে এলার্জি হচ্ছে তা বের করুন এবং তা থেকে দূরে থাকুন । বেশি সমস্যা হলে ফেক্সো ১২০ মিলিগ্রাম রাতে একটা করে খেতে পারেন । পায়ের গোড়ালিতে গরম পানির সেক দিন । প্যারাসিটামল ৫০০ মিলিগ্রাম খেতে পারেন বেশি ব্যাথা হলে । একটানা আধা ঘন্টার বেশি দাঁড়িয়ে বা বসে থাকবেন না । Anklet ব্যবহার করতে পারেন । ধন্যবাদ ।,medicine
Thanks for your question to daktar Bhai . Please do stool r / e and stool for ova . And please consult with child doctor . Thanks,doctor
আমার ভাবীর বয়স ৩০ বছর । গলার ভিতরে ঘাঁ হয়েছে খাবার খেতে সমস্যা হয় । গলা ব্যাথা করে । কি করবো ?,nutrition
"আপনাকে ধন্যবাদ প্রশ্ন করার জন্য । প্রতিদিন দুই থেকে তিনটা ডিম খেতে পারবেন । বেশি ডিম খেলে কলেস্টেরলের পরিমাণ বেড়ে যেতে পারে । হার্টের রোগ , স্ট্রোক , এর সম্ভাবনা থাকে ধন্যবাদ ।",emergency
which will be the best hospital to get vaccinated for HPV ? I am considering Marie Stopes . please advice me accordingly .,doctor
জরুরি ভিত্তিতে একজন প্রসূতি বিশেষজ্ঞ এর সাথে যোগাযোগ করুন । Dr < NAME > Mbbs,emergency
Amar cheler boyos 7 bochor . se rate ghomer maje dat kotmot kore . ami solution chai .,symptoms
"আমার এলার্জির সম্লস্যা হচ্ছে । হাতে পায়ে শরির এ চাকা চাকা হয়ে যাচ্ছে । ফেক্স১৮০ খেয়েছি কয়েকদিন , এখন খাচ্ছিনা , ৩ দিন ভালো ছিলো , আবার শুরু হয়েছে । যৌনতা নিয়ে দুসচিন্তায় আছি । ক্ষমতা প্রায় নেই বললেই চলে । ইন্টিমিটি ১০ খাই মাঝে মাঝে । কিন্তু ইচ্ছাটাও মরে যাচ্ছে ।",symptoms
আপনাকে ধন্যবাদ প্রশ্ন করার জন্য । আপনি একজন শিশু ডাক্তারের পরামর্শ নিন । আপনার বাচ্চার বদ হজম হচ্ছে বলে মনে হচ্ছে । সিরাপ জিনক খাওয়াতে পারেন । ধন্যবাদ,medicine
ডাক্তার ভাই কে প্রশ্ন করার জন্য ধন্যবাদ । Avoquin 4 % cream প্রতিরাতে ঘুমানোর ৩০মিনিট পূর্বে আক্রান্ত স্থানে লাগাবেন . . . . ২মাস । উপদেশ - সূর্যালোকে যাবার সময় সানস্ক্রিন / ছাতা ব্যবহার করবেন ।,medicine
ডাক্তার ভাই কে প্রশ্ন করার জন্য ধন্যবাদ । আপনি মনে হয় ছুলি / ছৈয় রোগের কথা বলেছেন । tab . flugal 50mg 0 + 1 + 0 . . . . ১৫দিন clopirox 1 % cream দিনে ২ বার . . . ১মাস resolve shampoo . . . গোসোলের ১৫মিনিট আগে সারা শরীরে মাখবেন . . . ২মাস,symptoms
"সার , , আমার ছোট ভাই , বয়স ২৪ । দিনে একবার টয়লেট করে । ৩ বেলা ভাত খান কিন্তু টয়লেটের পরিমাণ অনেক কম হয় । টয়লেট করতে সমায় লাগে এবং চাপাচাপি করতে হয় । পল্লী গ্রামে বসবাস তাই ভাল ডক্টর নাই বললেই চলে । কিছু মেডিসিনের নাম বলে দিলে উপকার হইত ।",symptoms
"আপনাকে ধন্যবাদ প্রশ্ন করার জন্য । আপনি ইসপগুলের ভুসি ১চামচ করে দিনে দুইবেলা পানিতে গুলিয়ে খান । প্রিয় গ্রাহক , আপনি ডাক্তারভাই এপ্লিকেশন থেকে ' Video Call To A Doctor ' সার্ভিসটি ব্যবহার করে একজন বিশেষজ্ঞ ডাক্তারের এপয়েন্টমেন্ট নিয়ে ভিডিও কল এ কথা বলতে পারেন এবং ডাক্তারএর লেখা প্রেস্ক্রিপশন আপনি আপনার এপ্লিকেশন এ পেয়ে যাবেন । আরও বিস্তারিত জানতে < NUMBER > তে কল করুন । ধন্যবাদ ।",medicine
১ ঘন্টা আগে মডার্না ভ্যাক্সিন নিয়ে আসলাম । ভ্যাক্সিন দেওয়ার পর থেকে ওই জায়গা থেকে শুরু করে ঘাড় পর্যন্ত কন কন করছে । শুধু এক পাশেই । এটা কি স্বাভাবিক ? দয়া করে বলবেন আর কোন ঔষধ খাওয়া লাগবে কি না ?,symptoms
আপনাকে ধন্যবাদ প্রশ্ন করার জন্য । আপনি আপনার মাকে বেশি করে পানি পান করান । দৈনিক ১২ গ্লাস । ওরস্যালাইন খাওয়াতে পারেন প্রতিদিন এক প্যাকেট । ক্যালসিয়াম ট্যাবলেট খেতে দিন প্রতিদিন ১ টা করে । ভিটামিন খেতে পারে । একজন অর্থোপেডিক্স ডাক্তারের সাহায্য নিতে পারেন । ধন্যবাদ,nutrition
"ধন্যবাদ আপনাকে প্রশ্ন করার জন্য । আপনি তরল খাবার , স্যালাইন , পানি খাবেন । আপনি টক ফল , সিভিট খান । গরম পানি খাবেন একটু পর পর । মাথায় পানি দিবেন , গা মুছবেন । জ্বর ১০০ ডিগ্রির উপরে উঠলে নাপা খাবেন ৬ ঘন্টা পর পর । ১০২ এর উপরে উঠলে সাপোসিটর দিবেন । জ্বর ৭ দিন এমন উঠানামা করতে পারে , চিন্তার কারণ নেই । ধন্যবাদ",fever
"Thanks for questioning to daktervai . Please check baby ' s urine output . If it is 6 _ 7 times in a day then brest milk is enough . Do feeding to mother like lau , shing mach , kalijiraa . For mother . . Tab Omidon 10mg 1 + 1 + 1 + 1 for 15 days before meal .",medicine
ধন্যবাদ আপনাকে প্রশ্নের জন্য । আপনাকে ইনহেলার আর কিছু এডভান্সড ওষুধ নিতে হবে । আপনি বক্ষব্যাধি বিশেষজ্ঞএর পরামর্শ নিন । ধন্যবাদ,medicine
"আস সালামু আলাইকুম আমার মায়ের ডায়াবেটিক আছে । এর মধ্যে স্ট্রোক করে ১৫ দিনের মত ক্লিনিকে ভর্তি ছিল । ভর্তি থাকা অবস্থায় তার দু পায়ের গোড়ালিতে ঘা হয়েছে , এই ঘা শুকানোর ঔষধ কি ? বা তাকে কোন ধরনের বিশেষঙ্ঘ ডাক্তার দেখাব পরামর্শ দিলে উপকৃত হতাম ।",emergency
"পায়খানা হালকা হলুদ হলে এর সাথে রক্ত গেলে , পেটে ব্যাথা হলে কিসের লক্ষন",symptoms
ধন্যবাদ আপনাকে প্রশ্নের জন্য । Tablet algin 50 mg 1 + 0 + 1 ভরা পেটে খান । ধন্যবাদ,medicine
আপনাকে ধন্যবাদ প্রশ্ন করার জন্য । আপনি প্যারাসিটামল জাতীয় ঔষধ খান । ধ্যবাদ,medicine
ধন্যবাদ আপনাকে প্রশ্নের জন্য । নাপা আর সিভিট খান ৩ বেলা । লবন গরম পানি দিয়ে গড়গড়া করুন । ধন্যবাদ,medicine
"Thanks for your question . Eat timely , sleep adequately , Eat less spicy foods , avoid deep fried oily foods , drink plenty of water . don ' t skip meal . take esomep 20 mg before meal two times a day . Thanks",medicine
ডাক্তার ভাই কে প্রশ্ন করার জন্য ধন্যবাদ এই অবস্হায় সরাসরি না দেখে এবং পরীক্ষা না করে কিছু বলা ঠিক হবেনা আপনি একজন Surgery specialist এর পরামর্শ নিন ধন্যবাদ,doctor
আপনাকে ধন্যবাদ প্রশ্ন করার জন্য । অনেক কারণে পায়ে ব্যথা হতে পারে । উনার কি ডায়াবেটিস আছে ? যে কোন নেউরলজিকাল কারনে পায়ে ব্যথা হতে পারে । আপনি একজন মেডিসিন বিশেষজ্ঞ র সাথে যোগাযোগ করুন । ধন্যবাদ,symptoms
"আপনাকে ধন্যবাদ প্রশ্ন করার জন্য । ওয়ালাইকুমুস সালাম । উপরের ( systolic ) প্রেশার বেশি আছে । প্রেশারের কি ঔষধ খান জানা থাকলে ভাল হত । উনাকে নিয়মিত হাঁটতে বলেন । আধা ঘন্টা করে , জোর কদমে । ডায়াবেটিস মাত্রা বেশি আছে । খাবার নিয়ন্ত্রণ করতে হবে । পাতলা পায়খানা হলে ওরস্যালাইন খাওয়াবেন , তা না হলে প্রয়োজন নাই । ধন্যবাদ ।",nutrition
সাধারণত কাজের অথবা পড়াশুনা পরীক্ষার চাপ থাকলে এমন উপসর্গ দেখা দেয় চোখে । আপনি দুশ্চিন্তা করবেন না । দৈনিক ৬ / ৮ ঘন্টা ঘুমাবেন । আপনি একজন চক্ষু বিশেষজ্ঞের পরামর্শ নিন । ধন্যবাদ,doctor
"ধন্যবাদ আপনাকে প্রশ্ন করার জন্য । মেন্থলের ভাপ নিন । টক ফল , সিভিট খান । ধন্যবাদ",nutrition
আপনাকে ধন্যবাদ প্রশ্ন করার জন্য । ঔষধ খেতে থাকুন । থেরাপি দিলে উপকার পাবেন । গরম পানির সেক দিন । একজন অর্থপেডিক্স সার্জনকে দেখিয়ে নিন । ধন্যবাদ,doctor
is any major side effects in pain killer ( naproxen ) to use long - term ? ? ?,medicine
"ধন্যবাদ আপনার প্রশ্নের জন্য । না দেখে সমাধান দেয়া যাচ্ছে না । যদি ভাইরাস জনিত কারণে গোটা হয়ে থাকে তাহলে এন্টিবায়োটিকে যাবে না । আপনি তরল খাবার , স্যালাইন , পানি খাবেন । আপনি টক ফল , সিভিট খান । জ্বর ১০০ ডিগ্রির উপরে উঠলে নাপা খাবেন । ধন্যবাদ",fever
"ডাক্তার ভাই কে প্রশ্ন করার জন্য ধন্যবাদ । গলায় ব্যাথার জন্য syrup , profen ৩ চামচ * দিনে ২ বার . . . . . ৫দিন এবং জ্বর থাকলে tab . napa extend 1 + 1 + 1 . . . . প্রয়োজন মত । হাল্কা গরম পানি দিয়ে গড়গড়া করবেন । ঠান্ডা থেকে দুরে থাকবেন ।",fever
"আপনাকে ধন্যবাদ প্রশ্ন করার জন্য । আপনি একজন Rheumatologist এর সাথে যোগাযোগ করবেন । Tab . Naprosyn plus 1 + 0 + 0 . . . . . . ৫ দিন খান । বেড রেস্টে থাকুন , অতিরিক্ত হাটা চলার দরকার নাই । ধন্যবাদ ।",medicine
Thanks for the question . Did u check your blood pressure ? ?,doctor
আপনাকে ধন্যবাদ প্রশ্ন করার জন্য । Syp . Fexo টাই এ সমস্যার জন্য যথেষ্ট । অন্য আর কোন ঔষধের প্রয়োজন নেই । ধন্যবাদ ।,medicine
আমার স্ত্রীর 4 দিন হয় শুধু সর্দি । নাক বন্ধ মাঝে মাঝে । আপনি fexofast প্রতি রাতে একটি করে 5 দিন দিয়েছেন 4 টি খেয়েছে কিন্তু এখনো পুরোপুরি সারেনি । জর কাশি হাঁচি নাই ।,fever
গর্ভবর্তী মহিলারা ডাবের পানি খেলে নাকি বাচ্চার চোখের রং নাকি পাল্টে যায়,symptoms
"আমার মেয়ের বয়স ৪ বছর , গতকাল রাত তার হঠাৎ করে জ্বর ও বমি হয় । এখন একটু সুস্হ আছে আল্লাহর রহমতে । পরশুরাত্রেও জ্বর ছিলো । তবে একটু কাশ রয়েছে । এমত অবস্হায় আপনার মূল্যবান পরামর্শ চাইতেছি ।",fever
"সালাম জানাই ডাঃ ভাইকে , আমার সমস্যা হলো - ০৫ দিন ধরে AC রুমে ট্রেনিং করি । যার ফলে ঠান্ডা লেগে গেছে , সাথে কাশিও আছে । আজ তিন দিন হলো কমছে না fexo 120 খেয়েছি । কিন্তু তাতেও কমছে না । এখন কি করবো বা কি ঔষধ খাবো জানালে কৃতজ্ঞ হবো । গায়ে তেমন জ্বর নেই । নাক দিয়ে পানি পড়ছে ।",fever
"আপনাকে ধন্যবাদ প্রশ্ন করার জন্য । আপনি পূর্বের ঔষধ ই খাবেন । ধুলাবালি , অতিরিক্ত ঠান্ডা , অতিরিক্ত গরম পরিবেশ যেসকল খাবারে অ্যালার্জি বাড়ে এধরনের খাবার যথাসম্ভব পরিহার করবেন । Tab . Aristovit M . . . . 1 + 0 + 0 খান । ধন্যবাদ ।",nutrition
"স্যার , আমার রিপোর্টটা ঠিক আছে কিনা , জানাবেন ( LMP - 24 . 12 . 2019 ) Report of USG ( p / p ) 1 . The uterus is gravid 2 . There is single viable pregnancy with Unstable Lie at the moment 3 . Fetal anthropometric profile is - BPD : 2 . 25cm , FL : 1 . 33cm 4 . Fetal cardiac activity is present and regular . FHR : 157 b / min 5 . Active fetal movement is presen 6 . Liquor amount is adequate for gastetional age 7 . Placenta : Anterior Forming Comment : A case of single live pregnancy of about 30 weeks 6 day with Unstable Lie at present .",symptoms
আমার ছোট ভাই এর বয়স ১৪ । । মাঝে মাঝে ঘাড়ে ব্যাথা করতো । । । গতকাল রাত্রে ব্যাথার কান্না করেছিলো । । এখন কি করবো,symptoms
I want a appointment with a hematology doctor . but when I am going to confirm that it say undefined . how solve this issue,doctor
আমার হালকা কাশি আমি কি xiclav 250mg ও Doxiva 200mg কোতে পারি,fever
আমার 3 দিন ধরে জর হালকা কাশি কাশি দিলে গলা বেথা করে এখন কেন হাসপাতালে জাবো,fever
আমার নাম < NAME > বয়স 29 বছর 1 দিন হচ্ছে পাতলা পায় খানা হচ্ছে এখন কি ঔষধ খাবো জানান,symptoms
"Thank you for asking your question to daktarbhai . 1 ) CBC - for blood 2 ) Serum creatinine , GFR - for kidney .",doctor
ডাক্তার ভাই এর সাথে থাকার জন্য ধন্যবাদ । সরাসরি একজন স্কিন এন্ড কস্মেটিক স্পেশালিষ্ট এর পরামর্শ গ্রহণ করুন । Dr < NAME > Mbbs,doctor
ডাক্তারভাইকে প্রশ্ন করার জন্য ধন্যবাদ । প্রাথমিকভাবে কিছু ঘরোয়া পদ্ধতি অবলম্বন করতে পারেন । বাচ্চাকে বুকের দুধের পাশাপাশি পর্যাপ্ত পরিমাণ পানি পান করাবেন । বাচ্চার মা নিজেও হাই ফাইবার যুক্ত খাবার বেশী করে খাবেন । বাচ্চাকে চিৎ করে শুইয়ে রেখে বাচ্চার পা দুটো Cycling Motion এ নাড়ান । এই movement বাচ্চার পায়খানা হওয়াতে সাহায্য করবে । সেই সাথে কুসুমগরম পানিতে গোসল করাবেন । কুসুম গরম পানিতে বাচ্চার muscle relax এ সাহায্য করবে । প্রথমে Suppository Glysup 1 . 15gm - - - per rectally 1 stick per 24 hr ব্যবহার করে দেখতে পারেন । তারপরও পায়খানা না হলে Syp Osmolax - - 1 / 2 TSF 2 times after meal for 5 days দিতে পারেন । এতেও লাভবান না হলে অবশ্যই শিশু বিশেষজ্ঞের পরামর্শ নিবেন । ধন্যবাদ ।,nutrition
"গ্রাহক , ডাক্তার ভাইকে প্রশ্ন করার জন্য আপনাকে ধন্যবাদ । আপনি একজন এন্ডোক্রাইনোলজিস্ট বা হরমোন বিশেষজ্ঞের সাথে সাক্ষাত করে তার দেয়া পরামর্শ অনুযায়ী ঔষধ সেবন করুন । ধন্যবাদ ।",doctor
ডাক্তার ভাই কে প্রশ্ন করার জন্য ধন্যবাদ । সাপসিটরি দিনে ৭ - ৮ ঘণ্টা পর পর মোট ৩ বার ব্যাবহার করা যাবে । ধন্যবাদ,medicine
ডাক্তার ভাই কে প্রশ্ন করার জন্য ধন্যবাদ । আপনি Tab Tufnil 200mg ১ টা খেতে পারেন একজন Medicine specialist এরপরামর্শ নিতে পারেন ধন্যবাদ,medicine
আমার মায়ের বয়স ৪০ + তার মাঝে মাঝে অনেক শরীর ব্যাথা হয় । শরীর ব্যাথা হলে তার করনীয় জানাবেন । ধন্যবাদ ।,symptoms
Thank you for asking your question to daktarbhai . Apni akjon pediatric doctor er shate consult korun .,doctor
"ডাক্তার ভাইকে প্রশ্ন করার জন্য ধন্যবাদ । বাঁচার যদি অতিরিক্ত আমাশয় সাথে বমি থাকে বাচ্চা যদি বমি এবং পাতলা পায়খানার কারণে নিতান্ত দুর্বল হয়ে যায় সে ক্ষেত্রে Ciprocin Syrup , বয়স ও ওজন অনুযায়ী বাচ্চাদের ১ / ২ , ১ অথবা দুই চামচ করে দেয়া যাবে । ধন্যবাদ",symptoms
"ধন্যবাদ আপনাকে প্রশ্ন করার জন্য । আপনি পুষ্টিকর খাবার , সুষম খাদ্য , পানি পান করুন । পর্যাপ্ত ঘুমান । প্রয়োজনে আপনি ডাক্তারভাই এপ্লিকেশন থেকে ' Video Call To A Doctor ' সার্ভিসটি ব্যবহার করে একজন গাইনি বিশেষজ্ঞ ডাক্তারের এপয়েন্টমেন্ট নিয়ে ভিডিও কল এ কথা বলতে পারেন এবং আপনার রিপোর্ট র ছবি তুলে ডাক্তার কে পাঠাতে পারবেন । ডাক্তারএর লেখা প্রেস্ক্রিপশন আপনি আপনার এপ্লিকেশন এ পেয়ে যাবেন । ধন্যবাদ",nutrition
আপনাকে ধন্যবাদ প্রশ্ন করার জন্য । আপনার বাচ্চাকে দ্রুত একজন নাক কান গলা ও শিশু বিশেষজ্ঞ কে দেখিয়ে প্রয়োজনীয় চিকিৎসা নিন । ধন্যবাদ ।,doctor
আপনার প্রশ্নের জন্য ধন্যবাদ । আপনার সমস্যা গুরুতর । অতিসত্বর নিকটবর্তী হাসপাতালের জরুরি বিভাগে যান । ক্যাথেটার করতে হবে । ধন্যবাদ,emergency
"pre - qu , বয়স ৩২ , মাথা সোজা করে বসতে অসুবিধা হয় । শুয়ে থাকলে ভালো লাগে । না এটা সবসময় হয়না ।",symptoms
"আমার ছেলের বয়ষ ১৬ মাস , কয়েকদিন পরপর মুখের ভিতর বিশেষ করে জিহ্বায় খোলস উঠে যা খাবার খাওয়াতে খুব সমস্যা হয় , একেবারে খেতে চায়না , নাইস্টেট দিয়েছি বেশ কয়েকবার , কিছুদিন ভালো থাকে আবার হয়এছাড়া মাইক্রো ওয়েল জেল ও ব্যবহার করেছি তাও ভালো হয়নি , জোর করে খাবার খাওয়াতে হয় , এ ক্ষেত্রে কি করতে পারি জানালে উপকৃত হবো . . . .",nutrition
"গত চার পাঁচ দিন ধরে হালকা ঠান্ডা । গলা ব্যথা , বুকের ভিতর কফ জমে আছে । কালকে থেকে হালকা জ্বর জ্বর লাগছে । কি ওষুধ খাওয়া যেতে পারে ?",fever
ডাক্তার ভাইকে প্রশ্ন করার জন্য ধন্যবাদ । অবশ্যই জরুরি ভিত্তিতে এই মুহূর্তেই শিশু বিশেষজ্ঞের পরামর্শ নিন ‌ । ধন্যবাদ,emergency
আমার ওয়াইফের কিছু দিন যাবত তার ডান পাশের Breast খুব ব্যাথা করছে । বাম পাশ অল্প । কিন্তু ডান পাশে এত বেশি ব্যাথা যে ডান হাত দিয়ে কোন ভারি কাজ ও করতে পারছে না । এই অবস্থা এখন কোন ডাক্তার ও দেখাতে পাচ্ছিনা । আশেপাশে সব চেম্বার বন্ধ । প্রাথমিক ভাবে এখন কি করা যেতে পারে ?,symptoms
"ডাক্তার ভাই কে প্রশ্ন করার জন্য ধন্যবাদ । না বুক পরিক্ষা করে ত বলা যায় না , আপনি chest xray করে শিশু বিশেষজ্ঞের পরামর্শ নিন ।",doctor
ডাক্তার ভাইকে প্রশ্ন করার জন্য ধন্যবাদ । আপনি মেডিসিন বিশেষজ্ঞ অথবা কার্ডিওলজিস্ট দেখাতে পারেন । ধন্যবাদ,doctor
"নিচের দিকে ঝুকলে , বা নামাযে রুকু , সিজদাই গিলে কাপালে কেমন যেন মাঝে ব্যথাচ্ছে , মনে হচ্ছে ২সাইট থেকে পানি এসে কপালের মাঝে জমা হচ্ছে , ঠান্ডা লাগছে",symptoms
"আমি < NAME > ! রোগঃ ডাষ্ট এর্লাজি , বয়স ২৭ , বর্তমান alcet 5 চলতেছে ২ মাস যাবত ! ঔষধ বাধ দিল , পুনরায় সর্দি হাছি চলে আসে । এখন কি ? করবো",fever
ডাক্তার ভাই কে প্রশ্ন করার জন্য ধন্যবাদ আপনি NAN 1 খাওয়াতে পারেন একজন শিশু Specialist এর পরামর্শ নিতে পারেন ধন্যবাদ,doctor
ডাক্তার ভাইতে প্রশ্ন করার জন্যে আপনাকে ধন্যবাদ । এরিথ্রোমাইসিন ৭ দিন খাওয়ান । নাপা খাওয়ান প্রয়োজন মত । এরিথ্রোমাইসিন কে একটু সময় দিতে হবে । কোভিড টেস্ট করে নিতে পারেন ।,fever
Thank You for your question . You can try meditation . Counseling will help you to get rid of this problem . You can visit a psychiatrist . Thank You,doctor
আপনাকে ধন্যবাদ প্রশ্ন করার জন্য । প্রেগন্যান্সির সময় যত কম ঔষধ খাওয়া যায় ততই ভাল । এতে বাচ্চা ও মায়ের ক্ষতির সম্ভাবনা কম থাকে । আপনি আয়রন ও ক্যালসিয়াম খান । একজন গাইনী ডাক্তার কে দেখিয়ে নিন । ধন্যবাদ,symptoms
Thanks for your question to daktar Bhai . Please give him warm water bath and massage his belly very softly with warm clothes . And visit a child doctor . Thanks,doctor
ডাক্তার ভাইতে প্রশ্ন করার জন্য আপনাকে ধন্যবাদ । । tab - algin 50 mg 1 + 1 + 1 ভরা পেটে খাবে ব্যাথা থাকলে । cap - sergel 20 mg 1 + 0 + 1 খাবার আগে ৩ দিন । যেহেতু সময় হয়ে যাচ্ছে তাই একজন গাইনি ডাক্তার অথবা হসপিটালে দেখিয়ে নিন ।,nutrition
"হাই প্রেসার এর জন্য মেডিসিন বিশেষজ্ঞ দের কাছে পরামর্শ নিয়ে পরীক্ষা করে olmezest am 5 / 20 , ribotril 0 . 5 খাইতেছি তবুও সম্পুর্ণ সুস্থ মনে হয় না",symptoms
"ডাক্তার ভাইকে প্রশ্ন করার জন্য আপনাকে ধন্যবাদ ৷ আপনি জরের জন্য napa extend ১ + ১ + ১ - ৩ দিন । ভরা পেটে খাবেন । সাথে tabe rabe 20 mg - - ১ + ০ + ১ - - ৫ দিন খাবেন বমির জন্য tab . omidon 10mg - - ১ + ১ + ১ - - ৩ দিন খাবেন ৷ জর যদি ৩ দিন এর মধ্যে হয় তাহলে NS1 antigen for dengue করাবেন । আর ৩ দিন এর বেশি হলে dengue IgG , IgM করাবেন । সাথে RT PCR for covid 19 , widal test করাবেন । ধন্যবাদ ।",symptoms
Ami paromita . Amar age 22 . Amar 2 year er 1 ta baby ache . to Amar problem holo Ami goto 1 month theke Amar Dan side er breast a betha onuvob korchi . baby k khawate gele vetor theke onek betha lagche . Ami hat diye kono shokto gota Kichu paini . othocho baby k breastfeeding korale niple shoho vetore betha lage . to ami etar treatment chacchilam . . .,symptoms
"Thank you for asking your question to daktarbhai . Anustat ointment , apni anus er bahirew use korte parben . Ar anus er hygiene maintain korben .",medicine
Thank you for asking question . You can consult with a medicine specialist . Detailed history and physical examination is needed for the diagnosis . Thank you .,doctor
Syrup Boxol 2 spoon kore dine 3 Bela for 7 days Tab . Monas 10mg 0 + 0 + 1 for 15 days Eteo Valo na hole please do a chest x - ray PA view and show a doctor . Thanks,medicine
আমার স্ত্রীর ২তৃতীয় বার গর্ভ ৯ মাস চলছে এমন অবস্থা আজকে তল পেটে খিল লেগে বেদনা হচ্ছে আর ভুমি ভুমি হচ্ছে মাজা বেদনা হচ্ছে,symptoms
"ডাক্তার ভাই কে প্রশ্ন করার জন্য ধন্যবাদ । tab . neuro - b 1 + 0 + 1 . . . চলবে , tab . nervex 0 . 5 mg 1 + 1 + 1 . . . ১মাস ৫বার করে হাতের আন্ঙুল মুষ্টিবন্ধ করবেন ও খুলবেন দিনে ৩ - ৪বার ।",medicine
ডাক্তার ভাই কে প্রশ্ন করার জন্য ধন্যবাদ আপনি যে ঔষধ খাওয়াচ্ছেন তা খাওয়াতে থাকেন । আপনি Covid 19 এবং CBC পরীক্ষা দুটি করাবেন আপনি একজন Medicine specialist এর পরামর্শ নিতে পারেন । ধন্যবাদ,doctor
"সার লোবেক পেইন আছে সকালে ব্যায়াম করি , দিনে ব্যাথা নাই রাতে হাল্কা ব্যাথা , ওষুধ খাই না naprosin jel দেওয়া যাবে কি",symptoms
", , , আমি আজ তিন দিন হল আমার একটা আক্কেল দাত অপারেশন করে ফেলেছি , সেলাই লেগেছে , এখন আমার খুব প্রচন্ড বেথা করতেছে মনে হচ্ছে পাগল হয়ে যাব ডাঃ মোতাবেক ঔষধ খাচ্ছি কিন্তু বেথা বেশি , , এখন এমন একটা ঔষধ এর নাম বলে দিন যাতে বেথা কমে , , , , এবং এর মধ্যে কি লেবু রস খাওয়া যাবে কি না তা একটু জানাবেন , , , ধন্যবাদ",symptoms
আপনাকে ধন্যবাদ প্রশ্ন করার জন্য । একজন Rheumatologist এর সাথে দেখা করে সরাসরি পরামর্শ নিন । ধন্যবাদ ।,doctor
"আমার স্ত্রীর যোনিপতের মুখে মাংসের টুকরার মত দেখা যায় । আজকে দেখি , এর আগে দেখি নাই । বয়স ২৯ বছর । বেবি কনসিভ হওয়ার ঔষধ চলছে ১ মাস হয় । এখন কি করতে পারি জানালে উপকৃত হব । ধন্যবাদ ।",symptoms
আপনাকে ধন্যবাদ প্রশ্ন করার জন্য । পায়খানার সাথে স্বাভাবিক অবস্থায় এমন কিছু যাওয়ার কথা না । আপনি stool routine examination পরিক্ষা করান । একজন গেস্ট্রোএন্টারোলোজিস্ট ডাক্তারকে দেখিয়ে নিতে পারেন । ধন্যবাদ,doctor
আমার গত সপ্তাহ টনসিল ও জ্বর হয়েছিল ৭ দিন Tab - zimax - 500 mg খেয়ছি । এখন ভাল হয়েছে কিন্তু ঠুটে জ্বর ঠুসা ভাল হয়তেছে না । শরীরটা একটু দুর্বল Tab - xinc B খাওয়া যাবে কি ?,fever
"আমার ছেলের নাম : < NAME > বয়স - 15 সমস্যা পেটে ও রানের চিপায় চাকা চাকা দাউদ হয়েছে , দয়াকরে পরামর্শ দিলে উপকৃত হব ,",symptoms
"গ্রাহক ডাক্তার ভাইকে প্রশ্ন করার জন্য আপনাকে ধন্যবাদ । আপনি নিম্নলিখিত ওষুধগুলো সেবন করতে পারেন - - Tab . Flagyl 400mg ১ + ১ + ১ - - - - - ৫ দিন Cap . Sergel 20mg ১ + ০ + ১ - - - - - - - - - - - - - - ৭ দিন ( খাবার ৩০ মিনিট আগে ) ORS ১ টি প্যাকেট 500 মিলি লিটার পানির সাথে মিশিয়ে তৈরি করবেন এবং প্রতিবার পাতলা পায়খানার পর একগ্লাস করে ওর স্যালাইন পান করবেন । আপনার দিনে 6 বার প্রস্রাব হয় কিনা , সেদিকে লক্ষ্য রাখবেন । যদি প্রস্রাবের পরিমান কমে যায় ও আপনি দুর্বল বোধ করেন তাহলে অতি সত্তর নিকটস্থ হাসপাতালে যাবেন । ধন্যবাদ ।",nutrition
আমার মায়ের বয়স 34 বছর presser অনেক low শরীর অনেক দুর্বল কোনো কাজ করতে ভালো লাগে না,symptoms
"আলহামদুলিল্লাহ এখন অনেকটা সুস্থবোধ করছি । জ্বর , মাথাব্যাথা , সর্দি , গলাব্যাথা নাই । কিন্তু মাঝে মাঝে কাশি কফ আসে না । এখন শুধু Napa Extra খাইছি । গত দুই রাতে Fexo 120 একটি করে খাইছি । গতকাল sample দিছি আগামীকাল রিপোর্ট আসবে । এখন আর কোন ঔষধ খাইতে হবে ? দয়া করে জানাবেন ।",fever
ডাক্তার ভাই কে প্রশ্ন করার জন্য ধন্যবাদ । এটা দেখতে হবে । আপনি একজন চর্ম ডাক্তার এর কাছে যান । ধন্যবাদ ।,doctor
"my wife suffering fever , sneezing , cough , weakness from yesterday . temperature 101dec . c , age : 29 , weight : 80 . . she already taken ace ( paracetamol ) . . . . but temperature did not decrease . . . what can I do now ?",symptoms
"গ্রাহক , ডাক্তার ভাইকে প্রশ্ন করার জন্য আপনাকে ধন্যবাদ । আপনি আপনার বাচ্চাকে নিম্নলিখিত ঔষধ সেবন করাতে পারেন - - Syp . Histacin আধা চা চামচ দিনে ২ বার - - - - - - - - ৭ দিন Norsol nasal drop ১ ফোটাঁ করে দুই নাসারন্ধ্রে দেবেন , দিনে ৩ বার - - - ৭ দিন",medicine
আপনাকে ধন্যবাদ প্রশ্ন করার জন্য । আপনার বাচ্চাকে একজন শিশু বিশেষজ্ঞ চিকিৎসক কে দেখান । বার বার ঠান্ডা লাগা কোনো ক্রনিক রোগ হতে পারে । এলার্জি থেকেও হতে পারে । ধন্যবাদ ।,symptoms
ঠোটের কালো দাগ দুর করে গোলাপি করার প্রাকৃতিক উপায় কি জানালে উপকার হয় ।,symptoms
ডাক্তার ভাই কে প্রশ্ন করার জন্য ধন্যবাদ । বাচ্চাকে শিশু বিশেষজ্ঞ ডাক্তার দেখান ।,doctor
আপনাকে ধন্যবাদ প্রশ্ন করার জন্য । ইউনানি ঔষধ এর ব্যপারে আপনাকে কোনো পরামর্শ দেয়া কঠিন । কারন ইউনানি ঔষধ সম্বন্ধে আমার জানা নাই । তবে একসাথে না খাওয়াই ভাল । ধন্যবাদ,medicine
ডাক্তার ভাই কে প্রশ্ন করার জন্য ধন্যবাদ । চোখের পাওয়ার পরিক্ষা করতে হবে । ধন্যবাদ ।,doctor
"আমার মেয়ের বয়স ৫ বছর , সে কিছুতেই খেতে চায়না । দিন দিন শুকিয়ে যাচ্ছে । মাঝে ভিটামিন জাতীয় সিরাপ খাইয়েছি কিন্তু কাজ হচ্ছে না । আশা করি জানাবেন ।",nutrition
স্যার আমার মুখের রুচি একদম নাই । খাওয়া দাওয়া করতে পারিনা । মুখের রুচির জন্য কোন ওসুধ খাওয়া যায় । স্যার স্কয়ার এর কোন ভিটামিন সিরাপ খাওয়া যায় । যা মুখের রুচি ও শরীরে শক্তি ও বল পাব ? ? ? ? ? ?,nutrition
"আমার মিসেসের গায়ে হালকা জ্বর ও সর্দি , তার সাথে বাচ্চা বুকের দুধ পান করে । বাচ্চার বয়স ৬ মাস । আমার মিসেসকে এখন কি ঔষধ খাওয়ানো যেতে পারে । জানালে উপকৃত হতাম ।",fever
ডাক্তার ভাই কে প্রশ্ন করার জন্য ধন্যবাদ । Tab Fexo 120 mg 1 + 0 + 0 5 days । জ্বর কত বলতে হবে ? মাড়ি র জন্য দাতের ডাক্তার দেখান । ধন্যবাদ ।,fever
আপনাকে ধন্যবাদ প্রশ্ন করার জন্য । একজন শিশু বিশেষজ্ঞের সাথে যোগাযোগ করুন । ধন্যবাদ ।,doctor
"আপনাকে ধন্যবাদ প্রশ্ন করার জন্য । আপনার প্রশ্ন সঠিক ভাবে বোঝা যাচ্ছে না । মনে হচ্ছে আপনি সাপজিটরির কথা বলতে চাচ্ছেন । যদি তাই হয় , কেন পায়খানা কষা হচ্ছে তা জানা জরুরি । আপনি বাচ্চাকে একজন শিশু বিশেষজ্ঞ কে দেখান । ধন্যবাদ ।",emergency
মুখে মেছতার কালো দাগ দূর করার কোন ক্রিম ভালো মানে আছে জানাবেন,symptoms
ডাক্তার ভাইতে প্রশ্ন করার জন্যে আপনাকে ধন্যবাদ । আপনি একজন মেডিসিন বিশেষজ্ঞ চিকিৎসক এবং একজন ডেন্টিস্ট দেখাতে পারেন ।,doctor
"ঘুম থেকে উঠার পর বুকের ডান পাশে ব্যাথা হয় ! ৷ লম্বা শাস নিলে , হাত উপরে তুললে ব্যাথা করে না ! বুকে চাপ দিলে , সামনের দিকে ঝুঁকলে ব্যাথা হয় ! কিছুক্ষণ পরেই ব্যাথা ঠিক হয়ে যায় ! মাঝে মধ্যে বুক টান - টান ৷ করলে , ভিতরে একটা শব্দ হয়ে ব্যাথা ঠিক হয়ে যায় ! Any suggestions ?",symptoms
ডাক্তার ভাই কে প্রশ্ন করার জন্য ধন্যবাদ । ইদানীং আবহাওয়া পরিবর্তনের জন্য জ্বর মাথা ব্যাথা হতে পারে । tab . Napa rapid 1 + 1 + 1 ও tab . fexo120 mg 0 + 0 + 1 খাওয়াবেন । জ্বর বেশি আসলে শরীর স্পন্জ করবেন ।,fever
"ডাক্তারভাইকে প্রশ্ন করার জন্য ধন্যবাদ । বাচ্চাকে খাবার নিয়ে বেশি জোর করবেন না । ক্ষুধা অনুভব হলে সে অবশ্যই খাবে । আপাতপক্ষে , Syp Pogo - - 1 TSF 2 times daily after meal for 1 month দিতে পারেন । লাভবান না হলে , বাচ্চার শরীর অসুস্থতার দিকে গেলে দ্রুত শিশু বিশেষজ্ঞের পরামর্শ নিবেন । ধন্যবাদ ।",nutrition
"আমি গত ১৫ইজুন কোভিড পজেটিভ হই । ১লা জুলাই নেগেটিভ আসে । এরপর থেকে নানা ধরনের সমস্যায় পড়তে থাকি । গত ৩০শে জুলাই শ্বাসকষ্টের জন্য বক্ষব্যাধী বিশেষজ্ঞ দেখাই । এরপরেও অবস্থার উন্নতি না হওয়ায় আমি আবার ডাক্তারের শরণাপন্ন হই , এবং মস্তিষ্কের সমস্যা অনুভব করতে থাকি । এখন ১জন ডাক্তারের সাথে পরামর্শ নিলাম সে বললো মিনি স্ট্রোক এর কথা , কারন আগষ্ট মাসের মাঝামাঝি ১দিন সকাল ১০টার দিকে আমার প্রচণ্ড খারাপ লাগা শুরু হয় , চোখে ঝাপসা দেখি কিছু সময় আমার ব্রেইন নিস্তেজ হয়ে পড়েছিল । এখন আমি কিভাবে শিউর হতে পারি স্ট্রোকের ব্যাপারে ? ?",emergency
"amr baby girl 4 Years + , hotat kore dekhi upper lip blackish hoie jasse , akhon ki medicine khaobo , r kon speciality dr dekhabo , suggesion pls",symptoms
আসসালামু আলাইকুম ডাক্তার ভাই গারে আর পায়ে প্রচুর চুলকানি । চুলকানির পর জ্বালা এখন ডাক্তার ভাই কি করতে পারি ?,symptoms
আপনাকে ধন্যবাদ প্রশ্ন করার জন্য । আপনি একটি পেটের আল্ট্রাসনোগ্রাম করে একজন ডাক্তারের পরামর্শ নিন । ধন্যবাদ,doctor
আমার খাবার খাওয়ার পর বমি বমি লাগে গত দুই দিন থেকে । কি সমস্যা ?,nutrition
"ডাক্তার ভাইতে প্রশ্ন করার জন্যে আপনাকে ধন্যবাদ । যেহেতু নাপা খেলে কমে গিয়ে আবার হচ্ছে , তাই আমার মনে হয় একজন মেডিসিন বিশেষজ্ঞ চিকিৎসক কে দেখিয়ে পরবর্তী পদক্ষেপ নেওয়া ভালো হবে ।",medicine
আপনাকে ধন্যবাদ প্রশ্ন করার জন্য । আপনি বাজে অভ্যাস চ্যাগ করার চেষ্টা করুন । একজন মানুষিক ডাক্তার ও একজন মেডিসিন বিশেষজ্ঞ কে দেখান । ধন্যবাদ,doctor
কানে প্রচন্ড ব্যাথা কি উশধ খেতে পারি জরুরি পরামর্শ প্রজন,emergency
Thank you for asking your question to daktarbhai . Apni akjon paediatric doctor er shate consult korun . . Apnar cheler buke kof ache kina X - ray kore dekte hobe abong oke physically check up korte hobe .,symptoms
ডাক্তার ভাই কে প্রশ্ন করার জন্য ধন্যবাদ । এই সমস্যার জন্য সরাসরি রোগী দেখা প্রয়োজন Tab HPR এবং Cap Sergel MUPS ঔষধ গুলো সকালে এবং রাতে খাওয়াতে পারেন আপনি সরাসরি একজন Gynaecologist এর পরামর্শ নিন ধন্যবাদ,medicine
"ডাক্তার ভাইতে প্রশ্ন করার জন্যে আপনাকে ধন্যবাদ । আপনি একজন নাক , কান , গলা বিশেষজ্ঞ চিকিৎসক এর পরামর্শ নিবেন । আপাতত tab - fexo 120 mg 0 + 0 + 1 ৭ দিন খাবেন ।",medicine
"সমস্যা আমার স্ত্রী , সাত দিন জ্বর ও মাথাব্যাথা , নাপা ৫দিন খাওয়ানো হলে জ্বর কম থাকে তবে সম্পুর্ন ভাল হয় না , মাথাব্যাথা থাকে ৬ষ্ঠ , ৭ম , ৮ম , দিন "" এন্টিবায়োটিক জি ম্যাক্স "" খাওয়ানো হলেও মাথার পিছন অংশে ব্যাথা ও জ্বর আছে "" ১০১ "" অনুগ্রহ করে সমাধান ও পরামর্শ জানাবেন",fever
আমার মুখে নাকের উপর whiteheads দেখা দিয়েছে । এটি থেকে কিভাবে মুক্তি পেতে পারি ?,symptoms
ডাক্তার ভাই কে প্রশ্ন করার জন্য ধন্যবাদ আপনি খাওয়ার আগে Tab Motigut 10mg প্রতি বেলা ১টা করে এবং Cap Sergel 40mg সকাল ও রাতে ১ টা করে খাওয়াবেন । আপনি একজন Medicine specialist এর পরামর্শ নিন । ধন্যবাদ,medicine
"আমার স্ত্রির বয়স ২০ বছর । গত কয়েকদিন ধরে ১০০ - ১০২ জর , নাপা খেলে কয়েক ঘন্টা কমে , আবার উঠে , সাথে বমি বমি ভাব , হাচি , কাশি , শরীর দুরবল , খাওয়ায় অরুচি । কিভাবে সেরে উঠতে পারবে ? ? ?",fever
"আমার মেয়ের বয়স ৮ মাস । ২ দিন যাবৎ সর্দি , নাক দিয়ে পানি পড়েছে । খাবারের মাঝে বমিও করছে । কোনো ডাক্তারও পাচ্ছি না । কি করা যায় ।",fever
"৭ দিন যাবত আমি জ্বরে ভুগছিলাম , এখন আমার জ্বর ভালো হয়েছে কিন্তু মাথা ব্যাথা কমেনি এবং এখন খাবারের রুচি একদমই নাই , এখন আমি কি করতে পারি ?",fever
"ultrasonography test korla ki aga sex kora hoisa kina , abortion hoisa kina Jana ki jai",symptoms
"হাই , আমি প্রায় ২ - ২ . ৫ বছর আই . ভি ড্রাগ এ্যাবিউজার ছিলাম । বিগত প্রায় ৪ বছর সফলতার সাথে আমি এই অ্যাডিকশান থেকে নিজেকে মুক্ত করেছি । কিন্তু আমার বেশিরভাগ শিরা ব্লক হয়ে আছে অনেকদিন হলো । বিশেষ করে আমার হাতের শিরাগুলো বেশি ক্ষতিগ্রস্ত । আমি ভারি কিছু তুললে আমার হাতে প্রচন্ড ব্যাথা করে ও হাতের তালু অস্বাভাবিক ভাবে ফুলে যায় । বিশেষায়িত কোনো সংস্হা কি আছে এই iv abuser দের medical support provide করে । অথবা কি ভাবে আমি সঠিক চিকিৎসা পাবো প্লিজ জানাবেন ।",nutrition
ডাক্তার ভাইতে প্রশ্ন করার জন্য আপনাকে ধন্যবাদ । আপনি একজন ইনফার্টিলিটি বিশেষজ্ঞ চিকিৎসক এর পরামর্শ নিবেন । আর ওজন একটু কমানোর চেষ্টা করবেন । মাসিক ঠিকমত না হলে Tab - normens 5 mg 1 + 1 + 1 ২১ দিন খেতে পারেন,medicine
আপনাকে ধন্যবাদ প্রশ্ন করার জন্য । দাতের অপারেশন এর পরে অবশ্যই ডাক্তারের ব্যাথার ঔষধ দেয়ার কথা । আপনি ডাক্তারের পরামর্শ মত ঔষধ খেতে থাকেন । বাড়তি ঔষধ খাবেন না । প্রয়োজনে আপনার ডাক্তারের কাছে আবার পরামর্শ নিন । লেবুর রস খেতে পারবেন । ধন্যবাদ,medicine
ওয়ালাইকুম আসসালাম । এই মেডিসিন টা আপনাকে সারাজীবন খেয়ে যেতে হবে । এই কম্পানির না পেলে অন্য কম্পানির কিনে খেতে হবে কিন্তু এই ঔষধ বন্ধ করা যাবে না । অন্য কম্পানির যেমন Cabretol or Anleptic CR নামে ও পাওয়া যায় । কিন্তু আপনার ডাক্তার এর পরামর্শ অনুযায়ী খাওয়া ভালো হবে । এতে করে আগের অবস্থা আর এখন কার অবস্থা অনুযায়ী ওষুধ এর ডোস ঠিক করে নিতে পারেন । ধন্যবাদ,medicine
"ডাক্তার ভাইকে প্রশ্ন করার জন্য ধন্যবাদ । Tab Xinc B , 1 + 0 + 1 , 10 days . এছাড়া , প্রচুর পরিমানে স্যালাইন , ডাবের পানি খাবেন । ধন্যবাদ",medicine
"Sir , Amr babyter boiyos 08 mas . Sir babyter gutokal dupor hoite nag r choj dea jol pore r jor ase surire . Sir , napa khawasi jor kome aber jor ache . Ekn ki kurbo sir",symptoms
"Thank you for your question . Its very difficult to answer your question as there are lot of cause for headache . Check your eyesight from a eye specialist . Do you have migraine if so avoid crowded place , coffee , chocolate . Avoid tension . Take sound sleeps . Consult with a doctor physically and do the relevant test for diagnosis of headache . Thank you .",doctor
চোখ হঠাৎ করে চুলকাচ্ছে আর পানি পড়তেছে আগে কোন এই রকম হয় নাই আর অনেক খারাপ লাগতেছে এখন এটার জন্য কি করনীয় ?,symptoms
"Sir , ATV 10 mg tablet ki putidin 1ta kore tablet khete hoi naki 1 / 2 .",medicine
"স্যার আমি প্রায় দুই মাস আগে ওয়েল্ডিং করতে গিয়ে আমার ডান হাত এর ১২ % পুড়ে যায় । তাই ডাক্তার ৬ বার ড্রেসিং করার পর আমার হাত মোটামুটি ভালো আছে , কিন্তু আমার হাত এর চামড়া পুরো ওঠানোর কারনেই হাত এর দাগ থেকে যায় , ডাক্তার ভেসলিন ব্যবহার করতে বলসে কিন্তু আজ প্রায় ২০ ভেসলিন ব্যবহার করছি কোন দাগ ই এখনো যায় নাই , আমার হাত এখনো লাল এবং অনক যায়গা সাদা হয়ে আছে , তাই আমি দাগ দূর করার জন্য কি ব্যবহার করতে পারি ? ?",symptoms
ডাক্তার ভাইকে প্রশ্ন করার জন্য ধন্যবাদ । আপনি এ বিষয়ে একজন ডেন্টিস্ট এর সাথে কথা বলুন । ধন্যবাদ,doctor
আপনাকে ধন্যবাদ প্রশ্ন করার জন্য । আপনি ইতিমধ্যে প্রাথমিক ঔষধ খেয়েছেন । আপনার চর্ম রোগের ডাক্তারকে আবার দেখান । ধন্যবাদ,doctor
"Thanks for questioning daktarbhai . Please stop Filmet ds and start Tab . Ciprofloxacin 500mg 1 + 0 + 1 for 7 days Cap . Receca 100mg 1 + 0 + 1 for 3 days Take 1 packed ORS saline after each loose motion . Eat chira , jaw vaat with kacha kola . Thanks",medicine
"বয়স ২৮ বছর , বিয়ে হয়েছিল ১২ বছর আগে , এক বছর পরে ডিভোর্স হয়ে যায় , আর বিয়ে হয় নি । বিগত ২ বছর ধরে ব্রেস্ট ব্যাথা করে , বুকে চাপ দিয়ে ধরে , শ্বাসকষ্ট হয়",symptoms
My son of 2 . 5 year old is suffering from tooth decay . Edge of one front tooth has already broken down and some teeth also about to break . What should I do to protect rest of the teeth ?,symptoms
আমার করনা পজিটিভ আছে । কিন্তু এখন আমি কোন অসুস্থ মনে করছি না ! এখন আমি কি ওষুধ খাব ?,symptoms
আপনাকে ধন্যবাদ প্রশ্ন করার জন্য । M kast একটি ঠান্ডার ঔষধ যা ঠান্ডা বা এজমা প্রতিরোধ করে । আপনি খেতে পারেন । কিন্তু এই মুহুর্তে শ্বাস কষ্ট হলে তা কমাতে পারবে না । আপনি একজন রেসপিরেটরি ডাক্তারের পরামর্শ নিন । ধন্যবাদ,symptoms
sir 2 din jabot jor thanda kashi ki korbo ?,symptoms
আমার বয়স ২২ বছর । গত ৭ আগস্ট পিরিয়ড হয়েছিল । এর পর আর পিরিয়ড হয়নি আমার । প্রেগন্যান্ট কিনা জানার জন্য ইউরিন টেস্ট করিয়েছিলাম । কিন্তু নেগেটিভ আসছে । পিরিয়ড হওয়ার জন্য ৭ দিন remens এই ঔষধ টআ খেয়েছিলাম কিন্তু এখনো পিরিয়ড হচ্ছে না । এমতাবস্থায় আমার করনীয় কি ?,symptoms
আমার ওয়াইফ 2 মাসের গর্ভবতী । corona vaccine তৃতীয় dose দেয়া যাবে কি ?,symptoms
আপনাকে ধন্যবাদ প্রশ্ন করার জন্য । প্রাথমিকভাবে এমব্রোক্স খাওয়াতে পারেন । বেশি করে বুকের দুধ খাওয়াতে হবে । না দেখে এই বয়সের বাচ্চাদের চিকিৎসা দেয়া কঠিন । আপনি একজন শিশু বিশেষজ্ঞ চিকিৎসক কে দেখিয়ে নিন । ধন্যবাদ ।,medicine
Thanks for questioning daktarbhai . You should check first the size of the cyst . Please consult with a hepatologist . Thanks,doctor
আমার আজকে সকাল থেকে জ্বর ১০০ । দুপুরে পেরাসিটামোল টমেন টার্বো খেয়েছি । এতে ব্যাথা সামান্য কমলেও জ্বর কমেনি । আর এই মুহূর্তে জ্বর ১০২ . আমার সর্দি কাশি গলাব্যথা হাচি নেই । ঘ্রাণ এবং স্বাদ ও ঠিকাছে । উল্লেখ্য আমি গত ৯ . ৮ . ২১ এ ভ্যাকসিন নেয়ার ২ দিন গায়ে ব্যাথা ছিল কিন্তু গতকাল ছিলাম ফিট । আমাকে ফিল্ডওয়ার্ক করতে হয় এবং কিছু বৃষ্টির ফোঁটা মাথায় ও পরে । আমি এখন কি করব ? আমি একজন ব্র্যাক কর্মী ।,fever
ডাক্তার ভাই কে প্রশ্ন করার জন্য ধন্যবাদ । আপনার প্রশ্নটিতে আপনার রোগ সম্পর্কিত সকল তথ্য নেই । আপনি একজন Medicine Specialist এর সাথে যোগাযোগ করুন । ধন্যবাদ ।,doctor
আমার বাবার বয়স ৭০ . ওনার দীর্ঘদীন ধরেই কোষ্ঠকাঠিন্যের সমস্যা থাকার কারণে sinalax powder খাচ্ছে । গতদিন থেকে ওনার মলদ্বার হতে পায়খানা করার সময় রক্ত বের হচ্ছে । তবে আজ তুলণামূলকভাবে এটি অনেকটা কমেছে । এ নিয়ে আমরা দুশ্চিন্তা ও আতঙ্কের মধ্যে আছি । উনি দুবার মাইনর স্ট্রোক করার কারণে উনি স্বাভাবিক হাঁটা - - চলায় অনেকটাই অক্ষম । এখন এ ব্যাপারে দয়া করে পরামর্শ চাচ্ছি ।,emergency
ডাক্তার ভাইতে প্রশ্ন করার জন্যে আপনাকে ধন্যবাদ । আপনার একটা আল্ট্রাসনোগ্রাম করা জরুরি । একটা সনোগ্রাফি করে একজন গাইনি বিশেষজ্ঞ চিকিৎসক এর পরামর্শ নিন ।,emergency
Thank you for your question Consult with a medicine specialist and act accordingly Thank you,doctor
Thanks for asking question . pls do covid - 19 test . Thanks,doctor
আপনাকে ধন্যবাদ প্রশ্ন করার জন্য । আপনি আধা ঘন্টা দাঁড়িয়ে থাকলে ১০ মিনিটের জন্য বসবেন । কোমড়ের ব্যায়াম করুন । গরম পানির সেক দিন । একজন অর্থোপেডিক্স ডাক্তারের পরামর্শ নিন । ধন্যবাদ,doctor
"ডাক্তার আমার জর , সর্দি এবং কাশি হয়েছে আজ ৩দিন । ভাইরাচ জনিত জর এই জন্য জর সারতেছে । এখন আমি কি পদক্ষেফ গ্রহন করতে পারি",fever
"Amar nam Shanti begum . Amar boyos 70 bosor . Amar diabetes ase . Khali Pete 9 . 0 . Amar sobsomoy prochundo porimane sorir theke gham ber hoi . sob somoy buk dorfor Kore , hat payer gira ghulo bengy ase , hoyran lage , matha guray . khabare kono Ruchi neyi . Akhon apnar poramorso jante chassi",symptoms
ami 16 weeks pregnant . amar c reactive protine test result asce 17 . 5 . ki kora uchit ? amar haater angul betha kore .,symptoms
আমার আব্বুর বয়স ৫৫ বছর । ২৩ দিন আগে উনি একটি এক্সিডেন্টে পায়ের পাতার উপরের হাড় ভেংগে যায় এবং আংগুলের কিছু হাড়ও ভেংগে যায় । ২২ দিন যাবত CMH hospital Bogra তে ছিলেন । নিয়মিত পায়ের ড্রেসিং করিয়েছে এবং একটা শক্ত সাপোর্ট দিয়েই ব্যান্ডেজ করা ছিলো । গতকাল ওনাকে হাসপাতাল থেকে ওনারা রিলিজ দেন এবং ওই ব্যান্ডেজ আর শক্ত সাপোর্টটি খুলে দেন । উনারা বললেন হাড় নাকি গুড়ো গুড়ো হয়েছে তাই প্লাস্টার করে লাভ হবে না । ওনারা এভাবেই খোলা অবস্থায় পা রাখতে বললেন আর ওষুধ দিলেন ? চিকিৎসাটি কি ঠিক আছে ? আমার কি অন্য ডাক্তার দেখানো উচিত ?,symptoms
Thank you for your question Give syp . Napa 3ml 3times a day for 3days . Drop . Ambolyt 1ml 2times a day for 3day . Give baby Luke warm water to drink . Thank you,medicine
"ডাক্তার ভাইকে প্রশ্ন করার জন্য ধন্যবাদ । অবশ্যই ভিটামিন - সি কাটা ঘা দ্রুত সারাতে সাহায্য করে । বেশি করে লেবু , কমলালেবুর শরবত খাবেন । সীভিট চুষে খাবেন দিনে দুই বেলা । এবং কাটা ঘা Viodin 10 % Solution দিয়ে পরিষ্কার করবেন , দিনে দুই থেকে তিন বেলা । ধন্যবাদ ।",nutrition
ধন্যবাদ আপনাকে প্রশ্ন করার জন্য । নাপা খাবেন ৩ বেলা ভরা পেটে । সেনসোডাইন টুথপেস্ট ব্যবহার করুন । গরম পানি লবণ দিয়ে গড়গড়া করুন । ধন্যবাদ,medicine
"my child is 3 month23 days old now who has frequent greeny stools , her pus cells are 20 - 30 hpf and RBC is 2 - 3 hpf found in stool test . srarch granules is ( + + ) written . what does it mean ? what is the treatment i can give to my infant",symptoms
"ধন্যবাদ আপনার প্রশ্নের জন্য । এলারজি উদ্রেককারী খাবার , ধূলাবালি এড়িয়ে চলুন । আপনি তরল খাবার , স্যালাইন , পানি খাবেন । আপনি টক ফল , সিভিট খান । গরম পানি খাবেন একটু পর পর । জ্বর ১০০ ডিগ্রির উপরে উঠলে নাপা খাবেন । ধন্যবাদ",fever
"ডাক্তার ভাই কে প্রশ্ন করার জন্য ধন্যবাদ । ১০৩ জর থাকলে napa suppository 250 mg দিতে পারবেন । গোসল দিতে পারেন । মাথা ওয়াশ করে দিতে পারেন । গলায় পট্টি , কপালে পট্টি দিতে পারেন । ধন্যবাদ ।",medicine
আমার ছেলের বয়স দেড় বছর । ফিডারের দুধ খায় । সাথে অন্য খাবার দেয়া হয় । কক্সবাজার থাকি । সমস্যা ঢাকার সাপ্লাই পানি দিয়ে গোসল করাবার পর সারা গায়ে চাকার মত এলারজি উঠেছে ভীষন চুল্কায় । ঘুমাতে পারে না । সিরাপ atrizin খাওয়াচ্ছি ।,nutrition
আপনাকে ধন্যবাদ প্রশ্ন করার জন্য । আপনি বাচ্চাকে কৃমির ঔষধ খাওয়ান । একজন শিশু বিশেষজ্ঞ কে দেখান । ধন্যবাদ,medicine
গত কয়েকদিন যাবত মাঝে মাঝে চোখে হঠাত কেমন যেন অন্ধকার / ঝাপসা দেখি । রোদ থেকে ঘরে আসলে যেরকম লাগে অনেকটা সেরকম । কিছুক্ষন পর এমনিতেই আবার ঠিক হয়ে যায় । এরকম কন্ডিশনে কোন স্পেসালিস্ট ডাক্তার দেখাতে পারি ? এটা কি চোখের সমস্যা নাকি অন্য কিছু বুঝতে পারছিনা । এটা কি সিরিয়াস কিছু হতে পারে ? প্লিজ সাহায্য করবেন গাইড করে । ধন্যবাদ,symptoms
"আপনাকে ধন্যবাদ প্রশ্ন করার জন্য । আপনি একজন চর্ম রোগের ডাক্তারের পরামর্শ নিন । আধুনিক চিকিৎসা যেমন PRP , Hair transplant , stem cell therapy ইত্যাদি চেষ্টা করে দেখতে পারেন । ধন্যবাদ",doctor
"আমার বাচ্চার বয়স আট বছর , প্রচুর ঠান্ডা কি করা যায় ?",symptoms
আমার মেয়ের বয়স১৫দিন জিহ্বায় সাদা সাদা কিযেন ঘায়ের মত হইছে বুকের দুধ পান করতে পারে না কান্নাকরে এখন কি করতে পারি,symptoms
Thank you for asking question to Daktarbhai . Give syrp Napa syrp for fever and syrp omidon 1 tbsx 3 times daily for vomiting . Pls consult pediatrician physically . Thank you .,medicine
"amar gorbokalin somoy , 7 mash 3 soptaho colche , aj dui din dhore posrab atkate pari na , mane oniontrito posrab cholse . . ekhon ki korbo ? ? ?",symptoms
"আমার মার 6 / 7 দিন যাবৎ খুবই কাশি । বয়স 55 ,",fever
"আপনাকে ধন্যবাদ প্রশ্ন করার জন্য । মনে হচ্ছে ওনার এখন পিত্তথলির পাথর অপারেশন করা টা জরুরী , আপনি ওনার ল্যাপারোস্কপিক অপারেশন করাতে পারেন , তার আগে ওনার বর্তমান শারীরিক অবস্থার ইভালুয়েশন প্রয়োজন । আপনি আপনার সুবিধা , ব্যয় , প্রয়োজন অনুসারে যেকোন হাসপাতালে চিকিৎসা নিতে পারেন । ধন্যবাদ ।",doctor
"আসসালামুআলাইকুম রোগীর নাম হুমায়রা বয়স - সাড়ে ৩ বছর গত দুই দিন ধরে সর্দি জ্বর কাশী , চোখ ভেজা ভেজা লাল হয়ে আছে , কোন ঔষধ খায় নি এখন জ্বর তেমন নেই কিন্তু নাক দিয়ে পানি পড়ছে কাশী হচ্ছে চোখ লাল হয়ে আছে করণীয় কি ?",fever
আসসালামু আলাইকুম । আমার নাম < NAME > । বয়স ২০ বছর । আমার প্রথম দিকে সর্দি আর জ্বর ছিল । Fexo 120 mg 0 + 0 + 1 আর Napa Extend 665mg 0 + 2 + 2খাওয়ার পর সর্দি কমে গিয়ে হলুদ কফ বের হচ্ছে আর কাশি হচ্ছে । সন্ধ্যার সময় শরীর গরম থাকে । এমতাবস্থায় কোন ধরনের মেডিসিন খাওয়া উচিত ?,fever
Adovas কাশির শিরাপ । পায়খানা না হলে / কষা হলে - syp . Avolac ৩চা চামচ - দিনে ২ বেলা - ৩দিন খেতে পারেন । ধন্যবাদ ।,fever
ডাক্তার ভাই এর সাথে থাকার জন্য ধন্যবাদ । কোভিড সনাক্তকরণে RT PCR টেস্ট করুন । ফোন কলে মেডিসিন বিশেষজ্ঞ এর পরামর্শ গ্রহণ করুন । Dr < NAME > Mbbs ( du ),fever
ধন্যবাদ আপনাকে প্রশ্ন করার জন্য । আপনার চিকিৎসার জন্য আরও বিস্তারিত তথ্য জানা দরকার । আপনি ডাক্তারভাই এপ্লিকেশন থেকে ' Video Call To A Doctor ' সার্ভিসটি ব্যবহার করে একজন paediatric বিশেষজ্ঞ ডাক্তারের এপয়েন্টমেন্ট নিয়ে ভিডিও কল এ কথা বলতে পারেন এবং ডাক্তারএর লেখা প্রেস্ক্রিপশন আপনি আপনার এপ্লিকেশন এ পেয়ে যাবেন । আরও বিস্তারিত জানতে < NUMBER > তে কল করুন । ধন্যবাদ ।,doctor
Thanks for questioning daktarbhai . Use Norsol nasal drop 1 drop each nostril for 5 days . And please do physical check up by a pediatric doctor . Thanks,medicine
শরীরে অনেক জ্বর জরুরি মেডিসিন কি খাব । তাপমাত্রা অনেক,emergency
"ডাক্তারভাইকে প্রশ্ন করার জন্য ধন্যবাদ । জ্বর ১০২ ডিগ্রী বা তার বেশী উঠলে Napa Suppository দিবেন । বাচ্চা যেন ঠিকমত খায় লক্ষ্য রাখবেন । নিয়মিত গোসল করাবেন । যেহেতু জ্বরের ৩ দিন হয়ে গিয়েছে , সেহেতু দ্রুত একজন শিশু বিশেষজ্ঞের পরামর্শ নিয়ে ঔষধ দিবেন । ধন্যবাদ ।",fever
আমার লিঙ্গে ফুসকুড়ি হয় আর প্রচুর চুলকায় করনীয় কোন ঔষধ খাবো,symptoms
"শরীরে গরমের কারনে ঘামাচির মতো হয়ে গিয়েছে , কি করবো এখন ? গোসল করে বের হলেও শরীর চুলকায় ।",symptoms
আপনাকে ধন্যবাদ প্রশ্ন করার জন্য । চর্ম রোগ গুলো দেখতে কাছাকাছি কিন্তু চিকিৎসা ভিন্ন । রোগ না ফেখে চিকিৎসা নিলে উল্টো রিয়েকশন হতে পারে । আপনি একজন চর্ম রোগের ডাক্তার কে দেখিয়ে চিকিৎসা নিলে ভাল করবেন । ধন্যবাদ,doctor
"আপনাকে ধন্যবাদ প্রশ্ন করার জন্য । আপনার সমস্যার সমাধানের জন্য আপনার কোনো রোগের কারনে এমন হচ্ছে কিনা তা জানা প্রয়োজন । আপনি আপনার ডায়াবেটিস , থাইরয়েড হরমোন পরীক্ষা করান । একজন মেডিসিন বিশেষজ্ঞ কে দেখান । ধন্যবাদ ।",doctor
"খুসখুসপ কাশি ১৫ দিন ধরে । আদা , লেবু চা খাচ্ছি দিনে ৩ - ৪ বার । ঔষধ নিচ্ছি Ambrox , আর মাঝে মধ্যে tofen খাচ্ছি ।",fever
আমার তলপেটে রাত 3 - 4টার দিকে ব্যথা অনুভূত হয় এবং ঘুম ভেঙ্গে যায় । প্রস্রাব করলে ভালো লাগে । কিন্তু প্রস্রাব হয় খুবই সামান্য । প্রতি রাতে এই সমস্যা হয় । এর কারণ এবং প্রতিকার কী ?,symptoms
"ধন্যবাদ আপনার প্রশ্নের জন্য । না দেখে সমাধান দেয়া যাচ্ছে না । তবে রোদ , তাপ এড়িয়ে চলতে হবে । সানস্ক্রিন মাখতে হবে । সরাসরি চর্মরোগ বিশেষজ্ঞ দেখিয়ে পরামর্শ নিতে হবে ধন্যবাদ",doctor
ডাক্তার ভাইতে প্রশ্ন করার জন্যে আপনাকে ধন্যবাদ । আপনি Tab - Fexo 120 mg 0 + 0 + 1 7 din Tab - Bukof 1 + 0 + 1 7 din খেতে পারেন ।,medicine
"আপনার প্রশ্নের জন্য ধন্যবাদ । দুশ্চিন্তা কমান , পর্যাপ্ত বিশ্রাম নিন । নাপা খান । ধন্যবাদ",medicine
Thank you for your question . Please attend Emergency Department of a Govt Hospital ( preferably Dhaka Medical College ) immediately . Don ' t waste time . It may cost your life . Thank you .,doctor
"আমার ৮ - ১০ দিন আগে হঠাৎ রাতে জ্বর আসে . . . আমি পরদিন এক্সপা এক্সআর খাই . . . এতে জ্বর কমে যায় . . . . এরপর থেকে কোনো সমস্যা ছিলোনা . . . . গত তিনদিন আগে আমি হঠাৎ নাকে কোনো ঘ্রান নিতে পারিনা , এমনকি জিহবা তেও কোনো স্বাদ পাচ্ছিনা . . . . এমতাবস্থায় আমার করনীয় কি ? ? ? ? আমি নাকে ভাপ নিচ্ছি , গরম পানি খাচ্ছি , আদা চা খাচ্ছি . . . . .",fever
আমার সমস্যা হচ্ছে আমার দুই রানের চিপায় প্রচুর চুলকানি হয়েছে ঔষধ নিলে কিছুদিন ভাল থাকে পরে আবার হয় আর প্রচুর দুর্গন্ধ হয় এর থেকে মুক্তির উপায় কি ? ? ?,symptoms
আপনাকে ধন্যবাদ প্রশ্ন করার জন্য । আপনার সমস্যার জন্য আপনাকে ভাল করে পরীক্ষা করা প্রয়োজন । একজন গাইনী বিশেষজ্ঞ চিকিৎসক কে দেখিয়ে নিন । ধন্যবাদ ।,doctor
আমার ঘারে দাউদ অনেক চুলকায় কি করা যায় ? ইস্পেক্টাজল ব্যবহার করি কিছুদিন পরে আবার হয়,symptoms
হাতের আঙ্গুলে এবং তালুতে ঘামাচির মত হয় সাথে কস বের হয় অনেক চুলকায় ফলে হাতের আঙ্গুল এবং তালু লাল হয়ে গিয়েছে এজন্য আঙ্গুল এবং তালু খসখসে হয়ে গিয়েছে অনেক চুলকানি হয় এর থেকে কিভাবে মুক্তি পাবো ?,nutrition
আমার মা দীর্ঘদিন যাবত অসুস্হতার দরুন বিছানায় শোয়া । শুয়ে থাকতে থাকতে পিঠ ও কোমরের কিছু অংশ ছিলে গেছে । কি ব্যবহার করতে পারি,symptoms
"আসসালামু আলাইকুম আমি একটা সমস্যায় পড়েছি কি আমার গতকালকে থেকে জর , গলায় খুশখুশে কাশি এবং গলা সুধু শুকিয়ে আসে এবং খুশখুশে কাশি আছে , রাতে জ্বর শরীরে 100 / 101 আমি এখন কি করতে পারি আর শরীর খুব ব্যথা ।",fever
আমার গত তিন ধরে প্রচন্ড গ্যাস্ট্রিকের সমস্যা হচ্ছে । Sergel 20 & Dexiland 30 দিনে দুই বার করে খাওয়ার পরেও সমস্যা যাচ্ছে না । খুব কষ্টে আছি । একটা ওষুধ পরামর্শ দিলে উপকৃত হতাম ।,symptoms
আমার বাচ্চার বয়স ২ মাস ১৫ দিন । তাকে ১ মাসের সরকারি টিকা গুলো দেয়া হচ্ছে । এখন শুনলাম তাকে নাকি ডায়রিয়ার টিকা ( রোটা ভাইরাস ) দেয়া উত্তম যেটা সরকারিভাবে দেয়া হয়না । বাইরে থেকে কিনে দিতে হয় আর পাওয়াও যায়না বেশি । এঅবস্থায় এই টিকাটা কি দেয়া জরুরি ?,emergency
"আমি নতুন বিবাহিত । আমার স্ত্রীর যোনির ভিতরে ৩ দিন ধরে ছোট একটা গোটা হয়েছে । প্রথমে চুলকানি ছিলো , এখন শুধু ব্যাথা আছে । এছাড়া আর কোন সমস্যা নাই । এটা কি আমার কারণে হতে পারে কিনা ? কি চিকিৎসা নিতে পারে ?",symptoms
Tab . Fexo 120mg 0 + 0 + 1 5days . Hope it will improve your condition . Thanks .,medicine
"আপনাকে ধন্যবাদ প্রশ্ন করার জন্য । ভাইরাস দ্বারা আক্রান্ত হলে সর্দি ও পাতলা পায়খানা হতে পারে । আপনি ওরস্যালাইন খান । কাচ কলা , জাউ ভাত , শিঙ মাছ খান । মেডিসিন ডাক্তার এর পরামর্ষ নিন । ধন্যবাদ",fever
আমার স্ত্রীর বয়স ৩০ । গত রাতে তার আংগুল বটিতে গভীরভাবে কাটছে । সাথে সাথে viodin আর savlon cream লাগিয়ে ব্যান্ডেজ করে দিয়েছি । কিন্ত ব্যাথা না কমায় একটি নাপা ট্যাবলেট খেয়েছে রাতে । এখন পর্যন্ত ব্যাথা যায়নি । ব্যাথা কমানোর জন্য কি ওষুধ দিতে পারি ? কোন এন্টিবায়োটিক দিতে হবে ? উল্লেখ্য তার টিটেনাস এর টিকা দেওয়া আছে । জরুরি ভিত্তিতে জানাবেন ধন্যবাদ ।,emergency
Thanks for your question . Apnar kan porikkha korte hobe . Bisheshoggo dorkar nei . je kono graduate doctor diye kan porikkha kore medicine nin . Andaje kono medicine ami dei na . Thanks .,doctor
ডাক্তার ভাই কে প্রশ্ন করার জন্য ধন্যবাদ । এই ঔষধটি আপনাকে কোন ডাক্তার দিয়েছে কিনা তা উল্লেখ করেনি । আপনি একজন Medicine specialist এর সাথে যোগাযোগ করুন ধন্যবাদ ।,doctor
"ডাক্তার ভাই কে প্রশ্ন করার জন্য ধন্যবাদ এই অবস্হায় সরাসরি রোগী না দেখা প্রয়োজন , আপনি Ace , Renova , Tamen , Xpa , Reset এগুলোর যে কোন একটা খাওয়াতে পারেন আপনি একজন Gynea বিশেষজ্ঞ চিকিৎসকের পরামর্শ নিতে পারেন ধন্যবাদ ।",medicine
ফার্মাসিস্ট ৩ মাসের জন্মবিরতিকরণ ' স্বস্তি ' ইঞ্জেকশন টি দিয়েছিলেন গত ১৮ই মে । মেয়াদ বাকি ১০ দিন । এখন সহবাস করলে গর্ভধারণের ঝুকি আছে কিনা । আর নেক্সট ইঞ্জেকশন কবে নেওয়া উচিত ।,medicine
"ডাক্তার ভাই এর সাথে থাকার জন্য ধন্যবাদ । নিচের পরীক্ষা গুলো করিয়ে যোগাযোগ করবেন - FBS , RBS - S . TSH - Urine RME Dr . < NAME > Mbbs",doctor
"Thanks for questioning daktarbhai . Tab . Algin 50mg 1 + 1 + 1 for 3 days , Tab . Omidon 10mg 1 + 1 + 1 ( before meal ) for 5 days . No oily food . take 3 litre of water daily . Thanks",medicine
Optimox eye drop 1 drop in affected eye 3 times in a day for 7 days . . Tab . Fexo 180mg 0 + 0 + 1 for 5 days Thanks,medicine
আমার মেয়ের রাত থেকে জর । মেয়ের বয়স ৯ মাস । কি করতে পারি /,symptoms
"গত ৭ / ৮ দিন যাবত নাকে ঘ্রাণ নেই । প্রথম তিন চারদিন হালকা জ্বর ও সর্দি ছিলো এখন নেই । এখন যে সমস্যাটা তা হল নিঃস্বাস নিলে নাক জ্বলে , মাথা ভার লাগে , নাকের ভিতর মাথায় জ্বালা করে ওঠে , নাকের ভিতর পানি গেলে যেমনটা লাগে এমন । মাথায় ব্যাথা হয় , পিছনের অংশে ব্যাথাটা বেশি হয় । স্বাভাবিক ঘ্রাণ নেই সব সময় নাকে একটা কেমিক্যাল টাইপ গন্ধ বেজে থাকে । গতকাল কোভিড টেস্ট করিয়েছি , রিপোর্ট নেগেটিভ । একটা ব্যাতিক্রম করেছিলাম তা হলো সর্দি লাগার আগের দিন রাতে ঘর্মাক্ত অবস্থায় গাড়িতে এসির ভিতর ছিলাম । এখন আমার করিনীয় কি ?",fever
Tab fexo 180mg 0 + 0 + 1 for 5 days,medicine
"ঠান্ডা জনিত কারনে প্রায় তিন মাস যাবৎ আমার নাক অনেক সময় বন্ধ হয়ে যায় , কিন্তু কাশি হয়না , শ্বাসকষ্ট হয় কিছুটা ড্রপ না দিলে নাক দিয়ে নিশ্বাস নিতে পারিনা , এর চিকিৎসা কি একটু বলবেন এবং আমি করোনার টিকা নিতে চাচ্ছি নিলে এর কোনো এর জন্য আমি এফ্যাকটেড হবো কিনা জানাবেন প্লিজ",fever
আমার হজম টিকমতে হচ্চে না ৷ বেশিরভাগ পাতলা পায়খানা হয় । পায়খানা টিকমতে হয় না । পেট ফুলে থাকে বেশিরভাগ । এখন আমি কি ওষুধ খেতে পারি । জানাবেন প্লিজ,symptoms
ডাক্তার ভাইতে প্রশ্ন করার জন্যে আপনাকে ধন্যবাদ । fexo aro 1 week dite paren . . সাথে অন্য কোনো সমস্যা আছে কিনা দেখুন,medicine
V plex 0 + 1 + 0 Ceevitt 1 + 1 + 1 Acical D 0 + 1 + 0 Sergel 20 1 + 0 + 1 এগুলো খেলে মুখের স্বাস্থ উন্নতি করবে ?,medicine
"আপনাকে ধন্যবাদ প্রশ্ন করার জন্য । আপনার বাচ্চাকে আদা , মধু , গরম পানি খেতে দিন । হানিকন দুই চামচ দুই বেলা , ট্যাবলেট এলাট্রল তারে একটা খেতে পারে । একজন শিশু ডাক্তার কে দেখাতে পারেন । ধন্যবাদ",medicine
Thank you for asking your question to daktarbhai . Apni akjon Pediatric doctor er shate consult koren .,doctor
My younger brother having problems with cold and fever after a week and after many tests we detected his danger synositis problem . Could you advise please there is any treatment of this disease ?,symptoms
"আমার গলায় কি জেন আটকে থাকে গাসের ঔষধ খাচ্ছি কমেনা একটু জালাপোড়া করে ব‍্যাথা আছে এখন কি খাবো , ডায়াবেটিস আছে ।",symptoms
Amar goto 2 month theke mine hocce golai kichu atkhe ace . but bujte parcina gorom pani o pan korci . amr kichu bujte parcina aita manosik na saririk ? problem ta din din besi hocce ki korte pari please help . it distubs me a lot,symptoms
comet 500 kawer pore naki age . kindly blban,medicine
Thank you for asking your question to daktarbhai . Apni akjon dermatologist er shate consult koren .,doctor
"ডাক্তার ভাই ‌কে প্রশ্ন করার জন্য ধন্যবাদ । আপনি কোরোনা টেস্ট করিয়ে নিন । Tab . Napa Extend 665mg 1 + 1 + 1 , Tab . Fexo 120 mg 1 + 0 + 1 for 7 days খাবেন । ধন্যবাদ ।",medicine
খাবার খেতে ভাল লাগে না কেন . . . তা জানতে চাই আপনারদের কাজ থেকে . . . .,nutrition
আপনাকে ধন্যবাদ প্রশ্ন করার জন্য । আপনি মেডিসিন না নিয়ে একজন নাক কান গলা বিশেষজ্ঞ ডাক্তার কে দেখিয়ে নিন । ট্যাবলেট এলাট্রল ১০ মিলিগ্রাম রাতে একটা করে খেয়ে দেখতে পারেন । ধন্যবাদ ।,medicine
ঠান্ডা জনিত কারণে আমার গলার ভিতর জ্বালা করছে . . . . একটু ঠান্ডা লাগলেই কাশি শুরু হয় . . . . . গলার মধ্যে পর্যাপ্ত কফ জমে আছে . . . . . মনে হচ্ছে গলার মধ্যে ইনফেকশন হয়েছে . . . . . . চিকিৎসা দিবেন,fever
"গ্রাহক ডাক্তার ভাইকে প্রশ্ন করার জন্য আপনাকে ধন্যবাদ । এতে দুশ্চিন্তার কিছু নে । আপনি নিম্নলিখিত ওষুধগুলো সেবন করতে পারেন - - - Tab . Riboson 5mg ১ + ০ + ১ - - - - - - - - ৭ দিন Tab . Ceevit 250mg ১ + ০ + ১ - - - - - - ৭ দিন Tab . Napa 500mg ১ টি করে ট্যাবলেট , ব্যাথা হলে , ভরা পেটে",symptoms
"Avoid prawn , hilsha fish , beef , mutton , peanuts . Drink sufficient water . Consult with a ENT specialist for better management . Thanks",doctor
আমার গত দুইদিন যাবত কোষ্ঠকাঠিন্য চলতেছে । কি করনীয় পরামর্শ চাই ।,symptoms
আমার অনেক বছর যাবত ডান পায়ের হাটুর একটু উপরে ডান পাশে প্রায় এক ইঞ্ছি সার্কেলের মধ্যের জায়গাটুকু সেন্স একটু কম মনে হয় । তাছাড়াও মাঝে মাঝে জ্বালাপোড়া ও ঝিম ঝিম করে । কি করব ? আমার সকল ডায়াগনস্টিক হিস্ট্রি আপনাদের এ্যপসে লিপিবদ্ধ আছে । পরামর্শের জন্য অপেক্ষায় আছি ।,symptoms
প্রশ্ন করার জন্য অনেক ধন্যবাদ / ANTAZOL NASAL DROP ৭ দিনের বেশী ব্যবহার করা উচিত নয় / আপনি NORSOL NASAL DROP ৩ - ৪ ফোটা করে দিতে পারেন এটার পরিবর্তে / ধন্যবাদ /,medicine
ডাক্তার ভাই এর সাথে থাকার জন্য ধন্যবাদ । নিচের পরীক্ষা গুলো করিয়ে যোগাযোগ করুন Serum TSH Serum FT4 FBS Dr < NAME > Mbbs,doctor
জনাব . . মহিলাদের প্রথম সন্তান প্রসবের সময় . . চার মাস পর্যন্ত কি কোন ক্যালসিয়াম আয়রন ইত্যাদি খাওয়ানো জরুরি ? ? এগুলো না খেলে কি বাচ্চার কোন প্রবলেম হবে ? ? হলে কি হতে পারে . . .,emergency
"আপনার প্রশ্নের জন্য ধন্যবাদ । প্রিয় গ্রাহক , আপনার রোগটির চিকিৎসার জন্য আরও বিস্তারিত তথ্য জানা দরকার । আপনি ডাক্তারভাই এপ্লিকেশন থেকে ' Video Call To A Doctor ' সার্ভিসটি ব্যবহার করে একজন শিশু বিশেষজ্ঞ ডাক্তারের এপয়েন্টমেন্ট নিয়ে ভিডিও কল এ কথা বলতে পারেন এবং ডাক্তারএর লেখা প্রেস্ক্রিপশন আপনি আপনার এপ্লিকেশন এ পেয়ে যাবেন । আরও বিস্তারিত জানতে < NUMBER > তে কল করুন । ধন্যবাদ ।",doctor
আমার স্ত্রী ৬ মাসের গর্ভবতি । করোনা টিকা নিতে পারবেকিনা,fever
আমার স্ত্রী আড়াই মাসের গর্ভবতী ওর প্রতিদিন ৫থেকে ৬বার টয়লেট হয় ওর আবার আইবিএস সমস্যা আছে এখন আইবিএস ঔষুধ বন্ধ তার এই সমস্যা ও কাশির জন্য কি ঔষুধ খাওয়াতে পারি দয়া করে পরামর্শ দিবেন ।,fever
ডাক্তার ভাইতে প্রশ্ন করার জন্যে আপনাকে ধন্যবাদ । দয়া করে একজন চক্ষু বিশেষজ্ঞ চিকিৎসক এর পরামর্শ নিন ।,doctor
"ডাক্তার ভাই কে প্রশ্ন করার জন্য ধন্যবাদ । chest x - ray করে শিশু বিশেষজ্ঞের পরামর্শ নিন । বাচ্চা না দেখে , না বুক পরীক্ষা করে বলা যাচ্ছে না । বাচ্চাকে ঠান্ডা থেকে দুরে রাখবেন ।",doctor
"আপনাকে ধন্যবাদ প্রশ্ন করার জন্য । মাথা ব্যাথার অনেক কারণ থাকে । কিছু কারনের সাথে চোখের সমস্যা দায়ী । আর কিছু অন্য কারন যেমন মাইগ্রেন , টেনশন , মেলিগনেন্সি ইত্যাদি । আপনি একজন চোখ ও মেডিসিন ডাক্তারের পরামর্শ নিন । প্যারাসিটামল খেতে পারেন ১ টা করে খাবার পরে । ধন্যবাদ",nutrition
"ডাক্তার ভাই এর সাথে থাকার জন্য আপনাকে ধন্যবাদ । Rx , Tab Artica 20mg 0 + 0 + 1 - ১৪ দিন Cream Terbin - আক্রান্ত স্থানে দিনে - ৩ বার লাগাবেন - ১ মাস Advice : - সুতির কাপড় পরিধান করবেন । - আক্রান্ত স্থান শুকনো রাখবেন Dr < NAME > Mbbs",medicine
"মেয়ের বয়স ১০ + মাস , আজ কয়েকদিন যাবত সর্দি দিনের বেলা কম থাকলেও রাতেও চাপ বেশী । ডেসলর পিডি খাওয়াইছি কমছে না । এখন কি করা যায় ?",fever
ধন্যবাদ আপনার প্রশ্নের জন্য । বিশদ আলোচনা করে কিছু ওষুধ ও কিছু নিয়ম দিতে হবে । এ জন্য আপনি একজন গাইনি চিকিৎসকের পরামর্শ নিন । আপনি এই এপের মাধ্যমে ভিডিও কনফারেন্সে চিকিৎসকের পরামর্শ নিতে পারেন । ধন্যবাদ,doctor
"গলায় মনে হয় লালা টাইপের কফ আটকে থাকে , বিশেষ করে খাওয়ার পর এমনটা বেশী অনুভব হয় , গলা খাকরালে ঠিক হয় আবার দেখা দেয় , কি করা যায় ?",symptoms
আমার পিঠের একদিকের মাংসপেশিতে চিন চিন করে । কোনো ব‍্যাথা নয় । এটা কি কোনো সমস্যা ?,symptoms
ডাক্তার ভাইকে প্রশ্ন করার জন্য ধন্যবাদ । পাতলা পায়খানার জন্য Tab Filmet 400 1 টি করে ট্যাবলেট তিনবেলা 3 দিন খেতে পারেন । প্রতিবার পাতলা পায়খানার পর ওর স্যালাইন খান । ধন্যবাদ,medicine
"25 age 4 din dore peter pam pashe betha korse onk algin , sathe sergel 40 dui bela khacci akon kintu kono somadan pacci na akon ke ami xry , urine test USG kongulo korbo",symptoms
আপনাকে ধন্যবাদ প্রশ্ন করার জন্য । আপনি এলাট্রল জাতীয় ঔষধ এক চামচ খাওয়াতে পারেন । একজন শিশু বিশেষজ্ঞ কে দেখিয়ে নিন । ধন্যবাদ,medicine
ডাক্তার ভাই আমার ছেলের বয়স4বছর5মাস ওর মুখে দুই ঠোঁটের উপরে আর নিচে ঘাওয় হয়ছে এবং ব‍্যথা করে প্রায় প্রায় এই দরনের ঘা হয় কেন হয় এর প্রতিকার কি ? মেহেরবানী করে জানাইবেন ।,symptoms
আমার বয়স ১৯ আমার সমস্যা হলো আমার দাতের মারিতে চাপ লেগে লালা হয়ে গেচে ভালো করে টোট নরাচরা করতে পারি না ব্যথা লাগে হালকা পোলা টোট । এখন আমি কি করবো ?,symptoms
বংশগত ভাবে আমার উচ্চরক্তচাপ । প্রথমে ডাক্তারের পরামর্শে Angilock 50 খেতে থাকি । কিন্তু কোন পরিবর্তন না পেয়ে অন্য একজন ডাক্তারের পরামর্শ অনুযায়ী Camoval 5 / 80 খাই । তাতে রক্তচাপ সাভাবিক থাকতো । ক্যান্সারজনিত সাইড ইফেক্টের কারনে এখন Camoval 5 / 80 ব্যান করা হয়েছে । এই মুহুর্তে আমার পক্ষে ডাক্তার দেখানো একটু সমস্যা । এমন অবস্থায় আমার করনীয় কি । আপনার সহযোগিতা কামনা করছি । ধন্যবাদ ।,symptoms
ডাক্তার ভাইকে প্রশ্ন করার জন্য ধন্যবাদ । আপনি ডায়াবেটোলোজিষ্ট / এন্ডোক্রাইনোলজিস্ট ( Endocrinologist ) এর পরামর্শ নিন । ধন্যবাদ,doctor
"স্যার , আমার দাঁতের মাড়ি ফুলে গেছে এবং প্রচন্ড ব্যথা হচ্ছে । কিছু খেতে পারছি না ।",symptoms
Amar meyer boysh 8 month . kisudin age or amashoy hoy . sathe olpo blood and mucas jatio podartho silo . Metril syrup khaoner fole komsilo . But abar akoi jinish suru hoise . Akhon koronio ki aktu bolben pls .,symptoms
Thanks for your question to daktar Bhai . I have to see it up front before giving any medicine . Please visit a child doctor . Thanks,doctor
ঈদের কারণে ডায়ালাইসিস করতে পারতেছিনা । শাসকষট প্রচুর পরিমাণে হচ্ছে,symptoms
"আপনাকে ধন্যবাদ প্রশ্ন করার জন্য । ক্যালসিয়াম , আয়রন খাওয়ানো জরুরি । কারন বাচ্চা বুকের দুধ খেলে মায়ের শরীরে ক্যালসিয়াম অভাব হয় । আর আয়রনের অভাবও হয় । তাই অন্তপক্ষ ৬ মাস আয়রন ও ক্যালসিয়াম খাওয়া জরুরি । ধন্যবাদ ।",emergency
"ডাক্তার ভাই এর সাথে থাকার জন্য ধন্যবাদ । জরুরি ভিত্তিতে একজন নাক কান গলা বিশেষজ্ঞ এর সরাসরি পরামর্শ গ্রহণ করুন । কানে পানি দিবেন না , খোচাবেন না . Dr < NAME > Mbbs",emergency
Tab finix 20mg 1 + 0 + 1,medicine
আপনাকে ধন্যবাদ প্রশ্ন করার জন্য । আপনি জায়গাটা পরিষ্কার রাখুন । একজন চর্ম রোগের ডাক্তার কে দেখিয়ে সঠিক চিকিৎসা নিন । ধন্যবাদ,doctor
Thanks for questioning to daktervai . Syrup magmil 2 tsf twice a day for 1 day,medicine
ডাক্তার ভাই কে প্রশ্ন করার জন্য ধন্যবাদ । নাক বন্ধের জন্য ২ নাকে ১ ফোটা করে Antazol nasal drop 0 . 05 % - দিনে ৪ বার ব্যবহার করুন ।,medicine
"একটি রক্ত টেষ্ট - এর বিষয় জানতে চাই - যেমন - Name of test ( 1 ) - Random Blood sugar - 5 , 3mmol / L ফলাফল স্বাভাবিক আছে কি ?",nutrition
আপনাকে ধন্যবাদ প্রশ্ন করার জন্য । আপনি পানি বেশি করে পান করুন । থাইরয়েড পরীক্ষা করান । ধন্যবাদ ।,doctor
ডাক্তার ভাই কে প্রশ্ন করার জন্য ধন্যবাদ । এটা আসলে দেখতে হবে । কটন প্যান্ট পরবেন । চর্ম বিশেষজ্ঞ দেখান । ধন্যবাদ ।,doctor
মাথা ব্যাথা করে পিছনের দিকে সামান্য জায়গা নিয়ে ।,symptoms
আপনাকে ধন্যবাদ প্রশ্ন করার জন্য । আপনার সমস্যা না দেখে বোঝা যাচ্ছে না । আপনি একজন নিউরোলজি বিশেষজ্ঞ এ - র পরামর্শ নিন । ধন্যবাদ ।,doctor
"হ্যা আমার আম্মুর ডায়বেটিস আছে এবং তার বা হাতের উপর ভাগে ব্যাথা , , , , তাছারা তার অন্য কোন রোগ নেই dr : Sheikh Sumaya",symptoms
"Sir , Amr . baby boiyos 3 mas . Baby 15 din dore paikhaner onk problem korse . Ei 15 diner mudde 4 din por por suppository dea paikhana koreasi baby ke . Normali baby paikhana kore na . . Baby pate gas ache . . Baby ke flacol and motigut sirap deasi kinto kuno full pai ni . .",symptoms
আসসালামু আলাইকুম । নভেম্বর মাসে ছোট বেবি থাকায় আমরা এবোরশন করে মাসিক নিয়মিত করি । একমাস পর আমার স্ত্রীর মানষিক সমস্যা দেখা দেয় । তারপর চট্টগ্রামের সিএসএসিআরে অধ্যাপক ডাঃ < NAME > ২৮ / ১ / ২০ তারিখে ★ Tab . Nexito 10mg ★ Amit 25mg ★ Cosium 10mg প্রেসক্রিপশন দেন ৷ এগুলো খাবার পর রোগী বেশ ভালো হয় । তারপর ঔষধ ও ডাক্তার কিছু গেপ হলে সমস্যা দেখা দেয় । তাই আবার ২১ / ৩ / ২০তারিখে আবার দেখালে উনি ★ Tab . Nexito 10mg ( 1 + 0 + 1 ) ★ Amit 25mg ( 0 + 0 + 2 ) ঔষধ দেন । এখন আবার বেশি সমস্যা দেখা দিচ্ছে ? এখন কি করতে পারি ?,nutrition
ধন্যবাদ আপনাকে প্রশ্ন করার জন্য । রোগীর সাথে সরাসরি কথা বলে হিস্ট্রি নিয়ে বিস্তারিত আলোচনা প্রয়োজন । আপনি ডাক্তারভাই এপ্লিকেশন থেকে ' Video Call To A Doctor ' সার্ভিসটি ব্যবহার করে একজন গাইনী বিশেষজ্ঞ ডাক্তারের এপয়েন্টমেন্ট নিয়ে ভিডিও কল এ কথা বলতে পারেন এবং ডাক্তারএর লেখা প্রেস্ক্রিপশন আপনি আপনার এপ্লিকেশন এ পেয়ে যাবেন । আরও বিস্তারিত জানতে < NUMBER > তে কল করুন । ধন্যবাদ ।,doctor
"Thank you for your question . Further evaluation is needed for appropriate diagnosis , whether the belly is distended or not , vomiting is present or not ? Stop flacol . Use glysap suppository 1 . 15mg . make it half is full suppository is difficult to insert per rectally . consult with a pediatrician . Thank you",medicine
"আমার ছোট ছেলের বয়স ২ বছর ওজন ১২ কেজি , ৩দিন ধরে ঠান্ডা সর্দি , fenadin & Fenat 5ml করে দেওয়া যাবে ? বড় ছেলেরও একই সমস্যা , বয়স ৪ বছর ওজন ১৮ কেজি । সাজেশন দিলে উপকৃত হবো ।",fever
আপনাকে ধন্যবাদ প্রশ্ন করার জন্য । আপনি বাচ্চাকে একজন শিশু ডাক্তার অথবা হাসপাতালে ইমার্জেন্সি বিভাগে দেখিয়ে কেন এমন হচ্ছে তা জানার চেষ্টা করতে পারেন । এখান থেকে না বোঝা যাচ্ছে না কি সমস্যা হয়েছে । ধন্যবাদ ।,doctor
"Thanks for your question . for you , the dose is once daily . for the baby , you have to consult a paediatrician through video conference . baby ' s dosage adjustment is necessary . thanks",doctor
আপনাকে ধন্যবাদ প্রশ্ন করার জন্য । আপনি গরম পানিতে আধা ঘন্টা করে সেক দিন । একজন ফিজিক্যাল মেডিসিন বিশেষজ্ঞ কে দেখাতে পারেন । ধন্যবাদ,doctor
"আপনাকে ধন্যবাদ প্রশ্ন করার জন্য । বয়সের তুলনায় বাচ্চার স্বাভাবিক বৃদ্ধির অনুপাত ঠিক থাকলে এটা চিন্তার কোন বিষয় নয় । কৃমির ঔষধ না খাওয়ানো হলে , খাওয়াবেন । ধন্যবাদ ।",medicine
আপনাকে ধন্যবাদ প্রশ্ন করার জন্য । এন্টিবায়োটিক ব্যাকটেরিয়া দ্বারা তৈরি রোগ এ কাজ করে । ভাইরাস জ্বরে কাজ করে না । আপনার জ্বর কেন হচ্ছে তা জানার জন্য রক্ত পরীক্ষা করা প্রয়োজন । আপনি CBC পরীক্ষা করিয়ে রিপোর্ট সহ একজন মেডিসিন বিশেষজ্ঞ ডাক্তার এর পরামর্শ নিন । আপাতত নাপা দুইটা করে তিন বেলা খান । পানি বেশি করে খান । গরম পানি দিয়ে শরীর মুছে দিন । ধন্যবাদ ।,fever
আমার ছোট ভাইয়ের ২যাবত জ্বরে ভুগতেছে । তাকে এইচ নামক একিট সিরাপ খাওাইতাছি । । কিন্ত কমতেছে না । । তার বয়স ৪ বছর ।,fever
Thank you for your question . It is very difficult to solve your problem . Because your problem turns into chronic diseases . You should consult with a skin specialist . Thank you .,doctor
Thanks for questioning daktarbhai . Tab . Napa extend 665mg 1 + 1 + 1 for 3 days and continue Cefixime for 7 days . Thanks,medicine
"ডাক্তার ভাই কে প্রশ্ন করার জন্য ধন্যবাদ আপনি সরাসরি একজন Orthopaedic specialist এর পরামর্শ নিতে পারেন , পঙ্গু হাসপাতালে দেখাতে পারেন ধন্যবাদ",doctor
আপনাকে ধন্যবাদ প্রশ্ন করার জন্য । আপনার সমস্যা দীর্ঘমেয়াদি । আপনি একজন নাক কান গলা ডাক্তার কে দেখিয়ে নিশ্চিত হয়ে চিকিৎসা নিন । ধন্যবাদ ।,doctor
ডাঃ ভাই সালাম নিবেন । আজ বিকেলে অফিস থেকে বাসায় যাবার পথে রাস্তায় মোটরসাইকেল স্লীপ করে পড়ে যাই । হাটুর প্যাটেলার উপরের চামড়া ও হাতের তালুর চামড়া ছিলে গেছে । রক্ত বের হয়নি । জ্বলছে । এখন কি করবো ? কি ঔষধ খাবো ? বললে খুব খুশি হবো । ধন্যবাদ ভাই ।,symptoms
"২ , < NAME > এর জ্বর গত সোমবার থেকে ছিল এখন জ্বর প্রায় নাই কিন্তু গলা ব্যাথা , কফ যুক্ত তীব্র কাশি ও কাশির উদ্বেক হলে সাথে বমি হয় মাঝে মাঝে বমির উদ্বেক হয় - পরামর্শের অপেক্ষায় , ধন্যবাদ",fever
আপনাকে ধন্যবাদ প্রশ্ন করার জন্য । আপনি বাচ্চাকে সিরাপ প্যারাসিটামল খাওয়াতে পারেন । একচামচ করে দিনে দুই তিনবার । কুসুম গরম পানি দিয়ে শরীর মুছে দিবেন । জ্বর তিন দিনের বেশি হলে একজন শিশু ডাক্তারের পরামর্শ নিন । ধন্যবাদ,fever
পাইলস হলে কি অভ্যন্তরীন রক্তক্ষরণ এর ফলে কালো পায়খানা হতে পারে ?,emergency
Thank You for your question . Take omeprazol 20mg one tablet twice daily . syrap Entacyd plus 2 tsf after meal if needed . Thank You,medicine
"আমার হাত পা প্রচুর ঘামে , গরমেও ঘামে কিন্তু শীত আসার সাথে সাথে বেশি পরিমান ঘামে কি করবো",symptoms
Is red meat harmful for health ? in some article I found it injurious to health . My pressure is normal . Can I eat red meat like beef,symptoms
"amr linge aj thake 5 bosor age peklai hoicil , tokjon ak doctorer poramorse gecojima molom bebohar korcilam ai molom bebohar korer fole amr lingo onek fule jai . pore aber doctor dekhaiye thik hoi kintu linger mathar char pase chuto chuto bron ber hoi o linger mathar tanar dui paseu 3 ti kore sada bron ber hoice . . . ai brone kono somossa hoina chulkanio nai . . arekta somossah holo otirikto hosthomithoner karone amr kumore onek din thakei betha pai akhon bethata aro barce . amr ujon 47 . uccota 5 fit 5",symptoms
মাসেল পেইন কি ? এ থেকে কি কি সমস্যা হতে পারে ?,symptoms
আপনাকে ধন্যবাদ প্রশ্ন করার জন্য । আপনার বাচ্চার মুখ পরিষ্কার রাখুন । মাউথ ওয়াস ব্যবহার করতে পারেন । একজন শিশু চিকিৎসক কে দেখিয়ে নিন । না দেখে সমস্যা বোঝা যাচ্ছে না । ধন্যবাদ ।,medicine
"ডাক্তার ভাই কে প্রশ্ন করার জন্য ধন্যবাদ । আগে দেখতে হবে আপনার স্কিন টোন কেমন , ড্রাই / ওয়েল ? এর জন্য বিউটিশিয়ান এর পরামর্শ নিন । প্রচুর পানি শাক সবজি ও রঙ্গিন ফল খাবেন । ত্বক ও সাস্থ্যের জন্য উপকার ।",nutrition
Thanks for questioning Daktarbhai . Corona vaccine is a substance used to stimulate antibody production and provide immunity against the Corona virus . . Thanks .,medicine
"ডাক্তার ভাইকে প্রশ্ন করার জন্য ধন্যবাদ । Tab . Napa Extend 665mg 1 + 1 + 1 if fever or pain , Tab . Fexo 120mg 1 + 0 + 1 5days",symptoms
সিলেক্ট প্লাস শ্যাম্পু কোন দোকান গুলো তে পাবা যাবে যদি বলে দিতেন একটু ? ? ?,medicine
ডাক্তার ভাই কে প্রশ্ন করার জন্য ধন্যবাদ । বাচ্চার বয়স এক বছর সম্পন্ন হলে চিকিৎসকের পরামর্শ নিয়ে কৃমির ওষুধ সেবন করবেন । ধন্যবাদ,medicine
আমার প্রচুর পরিমাণে চুল উঠে যাচ্ছে কি করা উচিৎ,symptoms
আমার মেয়ের বয়স 7 মাস চলে আজ হঠাৎ করে দেখতে পাচ্ছি নাক দিয়ে হাল্কা পানি বের হচ্ছে এবং হালকা কান্না করছে এখন আমি কি মেডিসিন দিতে পারি,symptoms
"আপনাকে ধন্যবাদ প্রশ্ন করার জন্য । ৬ মাস বয়স পর্যন্ত বাচ্চাদের বিশেষ যত্নের প্রয়োজন । জ্বর তিন দিনের বেশি হলে , অতিরিক্ত বমি হলে দেড়ি না করে হাসপাতালে ভর্তি করা উচিত অথবা একজন শিশু বিশেষজ্ঞ কে দেখাতে হবে । দেড়ি করা ঠিক নয় । ধন্যবাদ ।",fever
ডাক্তার ভাই কে প্রশ্ন করার জন্য ধন্যবাদ । উনার ব্লাড প্রেশার টা চেক করবেন । আপাতত কোন ওষুধ না দেওয়াই ভালো । প্রয়োজনে গরম সেঁক দিন । গাইনি বিশেষজ্ঞের পরামর্শ ব্যাতীত কোন ওষুধ না খাওয়াই ভালো । ধন্যবাদ,doctor
"Thanks for asking Daktar Bhai . Do free hand physical exercise , yoga , meditation every day . Drink lots of water . Watch movies , read books . Do your prayer timely . Try to Maintain a daily life routine . Don ' t panic . Just Let it go . Take Tab Frenxit , every morning and noon - for 15 days . Thanks",medicine
আপনাকে ধন্যবাদ প্রশ্ন করার জন্য । খাবারে গন্ধ লাগা জন্ডিসের লক্ষন হতে পারে । আপনি Tab . Omidon 10 mg সকালে ও রাতে একটা করে খাবার আগে খেয়ে দেখতে পারেন । বাচ্চা বুকের দুধ খেলে । বেশি ঔষধ খাওয়া যায় না । এতে বাচ্চার ক্ষতি হতে পারে । আপনি একজন মেডিসিন ডাক্তার কে দেখিয়ে নিন । ধন্যবাদ,nutrition
"আমার বয়স ২৭ . ৫ । আমি ৬ - ৭ দিন ধরে শুষ্ক কাশি অনুভব করছি । আর বুকের মধ্যে মাঝে মাঝে হালকা চাপ অনুভব করি , নিজের কাছে অস্বস্থি বোধ করি । আপনাদের সাথে কন্টাক্ট করার পর dr . < NAME > আমাকে monas 10 রাতে একটা করে , আর কন্টিন খেতে বলেছিল সকাল এবং রাতে । আার আদা , মধু , গরম পানি খেতে বলেছিল । আর কাশের সিরাপ মিরাটেন খাচ্ছি ৫ - ৬ দিন ধরে ( তিন বেল দুই চামচ করে ) । কিন্তু আমি মাঝে মাঝে এখনো অস্বস্তি বোধ করি । তাই আমি beximco pharmar এক ডা . কে কল করি , তখন সে আমাকে বলে বেশি খারাপ লাগলে Azithromycin খাওয়ার জন্য , 5 দিন একটা করে ।",fever
"heavy headach bcz of the cold , what to do",symptoms
"আমার বয়স - ৪৫ , ওজন - ৭৫ , উচ্চতা - ৫ ' ৮ "" উচ্চরক্তচাপ আছে , আমার ডান কানে শোঁশোঁ শব্দ করে , কানের নিচে গলায় একটি রগে টিপটিপ করে ঐ রগটিকে চেপে ধরলে কানে শব্দ করেনা । এর সমাধান কি ?",symptoms
"আপনাকে ধন্যবাদ প্রশ্ন করার জন্য । Inv : Covid test , CBC , Widal test , Blood C / S পরীক্ষা গুলো করে একজন চিকিৎসকের পরামর্শ নিন । ধন্যবাদ ।",doctor
স্যার . . . . . . এপিডিডাইমাল সিস্ট কী কী ক্ষতি করতে পারে . . . . . ?,symptoms
"ধন্যবাদ আপনাকে প্রশ্ন করার জন্য । যেহেতু এক বছর আগে থেকে ব্যাথে হচ্ছে , আপনাদের আরো আগে ডাক্তারের পরামর্শ নেয়া উচিৎ ছিল । এখন নাপা খাইয়ে নিকটবর্তী হাসপাতালের জরুরি বিভাগে নিয়ে যান । কিছু টেস্ট লাগতে পারে । ধন্যবাদ",emergency
"My wife has extremely hand bite & nail infection with a bit black spot , aged 40 years . she also have diabetes but control with medication . pls . advice . thanks & regards .",symptoms
"ডাক্তার ভাইকে প্রশ্ন করার জন্য ধন্যবাদ । Cap Maxpro 20 , দুই বেলা খাবার ২০ মিনিট আগে খেতে পারেন । ধন্যবাদ",nutrition
"ডাক্তার ভাইকে প্রশ্ন করার জন্য ধন্যবাদ । আপনার কি এখনও জ্বর আছে ? আপনার টনসিলের সমস্যা কি আগে থেকে ছিল ? Phylopen Ds কয়টা খেয়েছেন বা কত ডোজে খাচ্ছেন , স্পস্ট না । এগুলো জানা জরুরি । আপনি আমাদের হাট লাইন নাম্বারে ফোন করে ডাক্তারের সাথে কথা বলে পরামর্শ নিন । ধন্যবাদ ।",emergency
ধন্যবাদ ডাকতার ভাই কে প্রশ্ন করার জন্য । আপনি সঠিক ঔষধ সেবন করছেন । ৭ দিন এই ঔষধ খেয়ে যেতে হবে । সাথে গরম পানির ভাপ নিতে হবে সকালে এবং রাতে । করোনা আবার বেরেছে টেস্ট করে নিলে ভালো । ধন্যবাদ,fever
Esipram 5mg coral cd joinex plus ai gula osud ghrer bethaer jonno khacce akhon o ai gula khaly hobe naki onno medicine khabhe,symptoms
"ডাক্তার ভাইকে প্রশ্ন করার জন্য ধন্যবাদ । Rhinozol 0 . 1 % Nasal Drop , দুই ফোটা বন্ধ নাকের ছিদ্রের ব্যবহার করবেন দিনে দুই থেকে তিনবার । ধন্যবাদ",medicine
গ্রাহক ডাক্তার ভাইকে আপনার প্রশ্নটি করার জন্য ধন্যবাদ । বাচ্চার চোখ সরেজমিনে পরীক্ষা না করে মেডিসিন দেয়া যাচ্ছে না । এছাড়াও শিশুদের মেডিসিন তাদের ওজন এর উপর ভিত্তি করে দেয়া হয় । আপনি অতি দ্রুত একজন চক্ষু বিশেষজ্ঞের সাথে সাক্ষাত করে তার পরামর্শ গ্রহণ করুন । ধন্যবাদ ।,doctor
আপনাকে ধন্যবাদ প্রশ্ন করার জন্য । আপনার স্ত্রী র মাসিকের জায়গা ভাল করে দেখতে হবে । আল্ট্রাসনোগ্রাম করা প্রয়োজন । হাসপাতাল ইমার্জেন্সি বিভাগে দেখিয়ে নিতে হবে । ঔষধ দিলে কাজ হবে না । ধন্যবাদ ।,doctor
আমার বয়স ২৪ । আমার ৮ দিন ধরে হালকা খুশ খুশে কাশি । আমি অনেকবার গরম পানি খেয়েছি । কিন্তু কমেনি । আগের মতই আছে । কি ঔষুধ খেলে ভালো হবো ?,fever
আপনাকে ধন্যবাদ প্রশ্ন করার জন্য । আপনি নোখে পানি ও সাবানের গুরা কম লাগাবেন । একজন চর্ম রোগ বিশেষজ্ঞ দেখান । ধন্যবাদ,doctor
"আপনাকে ধন্যবাদ প্রশ্ন করার জন্য । বাচ্চাকে বাইরের খাবার কম খাওয়াবেন । বিশেষ ক - তে চিপস , ফাস্ট ফুড ইত্যাদি । দুধ , ডিম , মাছ , মাংস , সবুজ শাক সবজি , ফলমুল খাওয়াবেন । কৃমির ঔষধ খাওয়াতে পারেন । বাচ্চাকে একটিভ রাখবেন । ধন্যবাদ ।",nutrition
আপনাকে ধন্যবাদ প্রশ্ন করার জন্য । আপনি রক্ত পরীক্ষা করিয়ে আপনার ডাক্তার এর পরামর্শ নিন । জ্বর ৩ দিনের বেশি হলে পরীক্ষা করা প্রয়োজন । ধন্যবাদ ।,fever
Daktar bhai ke question korar jonno dhonnobad . gynae doctor er sathe consult korun . Thanks .,doctor
"আপনাকে ধন্যবাদ প্রশ্ন করার জন্য । চশমার পরিবর্তে ল্যান্স ব্যবহার করতে পারেন । ল্যাসিক করানো যায় । পাওয়ার কেন বেড়ে চলছে তা আপনি চোখের ডাক্তার এর কাছে না গেলে বুঝতে পারবেন না । আপনি ফলমূল , শাক , সবজি , ছোট মাছ , দুধ , ডিম খান । লেন্স লাগালে চোখ চুলকালে চোখ ডলা যাবে না । এলার্জির সমস্যা হতে পারে । একজন চক্ষু বিশেষজ্ঞ এর সাথে পরামর্শ করতে পারেন । ধন্যবাদ ।",nutrition
"ডাক্তার ভাইকে প্রশ্ন করার জন্য ধন্যবাদ । বাচ্চার শরীর ঘামতে দিবেন না , ঘামলে ঘাম মুছে দিয়ে ঘামে ভেজা কাপড় বদলে শুকনো কাপড় পরাবেন । মাথার কম চুল , এবং ঘামাচির জন্য বাচ্চাকে একজন স্কিন স্পেশালিস্ট দেখাবেন বা চর্মরোগ বিশেষজ্ঞ দেখাবেন । বাচ্চাকে বুকের দুধের পাশাপাশি ২০ থেকে ২৫টা চামচ ডাবের পানি , স্যালাইন ইত্যাদি খাওয়াতে পারেন । ধন্যবাদ ধন্যবাদ",medicine
স্যার আমার বাবার মুখের মধ্যে কিছুদিন পর পর ঘা হয় এখন আমি কি ওষুধ খাওয়াতে পারি,symptoms
"আপনাকে ধন্যবাদ প্রশ্ন করার জন্য । বেক্সট্রাম গোল্ড দিনে একটা খেতে হয় । যে কোনো সময়েই খাওয়া যায় । এটা একটি ভিটামিন , নির্দিষ্ট কত দিন খেতে হবে তা রোগের উপরে নির্ভর করে । ধন্যবাফ",nutrition
আমার স্ত্রীর বয়স ২৮ বছর ২য় বার প্রেগন্যান্ট ৭ সপ্তাহ হল বমি করছে কিছু খেতে পারে না ! আর কাল থেকে নাথ বন্ধ এবং প্রচুর হাঁচি হচ্ছে শরদিও আছে কি খেতে হবে পরামর্শ দিবেন দয়াকরে ।,symptoms
আমার ছেলে ৩০ মাস বয়স ৷ চার দিন যাবত শরিলটা একটু গরম গরম ছিল ফাষ্ট সিরাপ খাইয়েছি ঠিক হয়ে গিয়েছে কিন্তু আজ সকাল থেকে ১০৩ জর ফাষ্ট সিরাপ দের চামচ করে চার বার দিতেছি ৷ আর কাশি আছে কাশির জন্য লিভোস্টার ও ব্রোজোফিল খাইয়েছি . . . . . কিন্তু কাশি ভালো হয় না ১০দিন হলো কাশি হয়েছে ৷ এখন আমার করনীয় কি . . . . . ৷,fever
আসসালামু আলাইকুম । আমার মেয়ের বয়স ৯ । তার প্রচন্ড সর্দিকাসি লেগেছে । নাক দিয়ে পানি পড়ে । নিঃশ্বাস নিতে কষ্ট হচ্ছে । এমতাবস্থায় পরামর্শ দিলে উপকৃত হইবো ইনশাআল্লাহ ।,fever
আপনাকে ধন্যবাদ প্রশ্ন করার জন্য । আপনার বাচ্চাকে এন্টিবায়োটিক ড্রপ কেনো দিয়েছে জানা থাকলে ভাল হতো । ডাক্তার এ - র পরামর্শ ছাড়া এন্টিবায়োটিক বন্ধ করবেন না । দ্রুত একজন শিশু ডাক্তার কে দেখান । ধন্যবাদ ।,doctor
"ডাক্তার ভাই কে প্রশ্ন করার জন্য ধন্যবাদ । প্রেগন্যান্সির ১ম দিকে এরকম সমস্যা হতে পারে । সকালের খাবার শুকনো খাবার দিয়ে শুরু করতে হবে । বিস্কুট , মুড়ি প্রভৃতি । গরম পানির ভাব নিবেন ।",nutrition
"সার , আমার বয়স 22 বছর । প্রায় 7 বছর থেকে আমার বুকের দুধের বোঁটা ফোলা এখনও কমতেছেনা বরং আরো বাড়তেছে । আমি লজ্জায় প্রচন্ড গরমেও গায়ের কাপড় খুলতে পারছিনা । আমি এখন কি করব ? আর এই এপ থেকে কি হরমোন বিশেষজ্ঞ চিকিৎসকের পরামর্শ নিতে পারব ?",symptoms
"ধন্যবাদ আপনাকে প্রশ্ন করার জন্য । করোনা ভাইরাস এর অনেক লক্ষণ এর একটা । আদা চা , মধু , সিভিট খান । গরম পানি খাবেন একটু পর পর । জ্বর ১০০ ডিগ্রির উপরে উঠলে নাপা খাবেন । বাইরে যাবার ইতিহাস থাকলে পরীক্ষা করিয়ে ফেলুন । ধন্যবাদ",fever
ডাক্তার ভাইকে প্রশ্ন করার জন্য ধন্যবাদ । আপনি আসলে ব্যথার সংশ্লিষ্ট ওষুধ খান নাই । আপনি Tab . Beclo 10 mg 1 + 0 + 1 2days ( after meal ) খাবেন । ব্যথার স্থানে গরম সেক দিবেন । ধন্যবাদ ।,medicine
"ডাক্তার ভাইকে প্রশ্ন করার জন্য ধন্যবাদ । গায়ে ব্যাথার জন্য tablet Napa 500 তিন বেলা , হালকা কাশির জন্য tablet Montair 10 একটি করে প্রতি রাতে , এলার্জির জন্য tablet Fexo 120 দুই বেলা - খেতে পারেন । এবং গরম পানি দিয়ে সাথে লবণ মিশিয়ে তিন থেকে চার বার গারগল করবেন । ধন্যবাদ ।",fever
Thank you for your response to Daktar Bhai . Please mention your problem clearly & completely or consult with an ENT specialist . thank you .,doctor
"আমার বয়স ১৮ বছর , আমার বুকের উপর বাম দুধ এর আসেপাশে পুরো জায়গানিয়ে কালো দাগ , মানুষ বলে এটা নাকি , ছোদ নামে একটি রোগ , আমি জানি না তাই জানতে চাই এবং কোন ঔষধ এর মাধ্যমে কোমবে ।",symptoms
"রোগী : নারী বয়স : ২৯ ওজন : ৪৫ কোভিড পজেটিভ আসছে । জ্বর , কফ , হালকা কাশি , নাক বন্ধ আছে । পজেটিভ আসার আগে একজন ডাক্তার জিমেক্স ৫০০ দিয়েছে । ঐটা চলছে । আবার পজেটিভ আসার পর Doxicap100 দিয়েছেন আরেকজন ডাক্তার । রোগী কি দুটা ওষুধ খেতে পারবে ? ? ?",fever
আপনাকে ধন্যবাদ প্রশ্ন করার জন্য । মুখ ধুয়ে শুকিয়ে Nospot Cream অল্প পরিমানে রাতে ঘুমানোর আধা ঘন্টা আগে আক্রান্ত স্থানে ব্যাবহার করতে বলুন । রোদে যাবার সময় Sunscreen Cream অথবা ছাতা ব্যাবহার করতে বলুন । ধন্যবাদ ।,medicine
"আমার মেয়ের বয়স ১৮ মাস । ঠান্ডা , কাশি , টোফেন কতটুকু খাওয়াবো ।",fever
Tab napa 500mg if fever 100 °f . Tab fexo 120mg 1 + 0 + 1 for 5 days,medicine
আপনাকে ধন্যবাদ প্রশ্ন করার জন্য । আপনার সমস্যা গুরুতর যা প্রাথমিক চিকিৎসা তে কমবে না । আপনি একজন ফিজিক্যাল মেডিসিন বিশেষজ্ঞ কে দেখাতে পারেন । ধন্যবাদ ।,doctor
আপনাকে ধন্যবাদ প্রশ্ন করার জন্য । আপনার সমস্যা এমন স্পর্শ কাতর জায়গায় হয়েছে যা না দেখে ঔষধ দিলে ক্ষতি হতে পারে । আপনি একজন চর্ম রোগ বিশেষজ্ঞ কে দেখান । জায়গাটি পরিষ্কার রাখুন । ধন্যবাদ ।,doctor
Thank you for your question Do a CBC test and dengue NS 1 ag test . Take tab . Napa 1 + 1 + 1 for 3days . Drink sufficient liquid . Take lemon ginger tea . If fever persist then antibiotic will be required,medicine
ডাক্তার ভাইকে প্রশ্ন করার জন্য ধন্যবাদ । আপনি এখনই একজন ইন্টার্নাল মেডিসিন বিশেষজ্ঞের পরামর্শ নিন । এলার্জি জাতীয় খাদ্য পরিহার করুন । এছাড়া আপনি রোগীর বয়স কত উল্লেখ করেননি । ধন্যবাদ,nutrition
ডাক্তার ভাই কে প্রশ্ন করার জন্য ধন্যবাদ । আসলে এতো কিছু করার পর না দেখে না পরীক্ষা করে তো কিছু বলা যাচ্ছে না । আপনি মেডিসিন বিশেষজ্ঞের পরামর্শ নিন ।,doctor
আপনাকে ধন্যবাদ প্রশ্ন করার জন্য । আপনি ব্যাথার জন্য প্যারাসিটামল খেতে পারেন খবার পরে । গরম পানির সেক দিন । একটা এক্স রে করান । একজন অর্থপেডিক্স ডাক্তার কে দেখিয়ে পরামর্শ নিন । ধন্যবাদ,medicine
"ডাক্তার ভাই কে প্রশ্ন করার জন্য ধন্যবাদ । আপনি Tab Rozith 500 mg , Tab Fexo 120 প্রতিদিন রাতে ১টা করে ৭ দিন খেতে থাকুন , এর সাথে ৩ বেলা গরম পানিতে লবন মিশিয়ে গড়গড়া করুন । একজন ENT বিশেষজ্ঞ চিকিৎসকের পরামর্শ নিন ধন্যবাদ",medicine
ধন্যবাদ আপনাকে প্রশ্ন করার জন্য । আপনার ফোড়া টা কোন ধরণের তা না দেখে বলা যাচ্ছে না । তবে মন্র হচ্ছে অপারেশন লাগবে । আপনি নিকটস্থ হাসপাতালের জরুরি বিভাগে গিয়ে দেখিয়ে আসুন । ধন্যবাদ,emergency
ডাক্তার ভাই কে প্রশ্ন করার জন্য ধন্যবাদ । Neurological exam করতে হবে । ধন্যবাদ ।,doctor
আপনাকে ধন্যবাদ প্রশ্ন করার জন্য । আপনি একজন চোখের ডাক্তার দেখান । আপনার চোখের পাওয়ার সমস্যা থাকতে পারে । ধন্যবাদ,symptoms
ডাক্তার ভাইতে প্রশ্ন করার জন্যে আপনাকে ধন্যবাদ । আপনি tab - rozith 500 mg 0 + 0 + 1 ৭ দিন tab - fenadin 120 mg 0 + 0 + 1 ৭ দিন খাবেন । । ।,medicine
আপনাকে ধন্যবাদ প্রশ্ন করার জন্য । আপনি একজন নাক কান গলা ডাক্তারকে দেখিয়ে কান পরীক্ষা করিয়ে নিতে পারেন । ধন্যবাদ,doctor
"স্যার , আমার ছেলের বয়স ৯ বছর ২ মাস আইসক্রিম খেয়ে হঠাৎ গায়ে জ্বর এসেছে নাপা খাওয়ানোর পরেও জ্বর ছাড়ছে না প্লিজ হেল্প",fever
আপনাকে ধন্যবাদ প্রশ্ন করার জন্য । আপনার সমস্যা জটিল । প্রাথমিক চিকিৎসা তে বা না দেখে সমস্যার সমাধান হবে না । আপনি একজন মেডিসিন বিশেষজ্ঞ কে দেখান । ধন্যবাদ ।,doctor
ডাক্তার ভাই কে প্রশ্ন করার জন্য ধন্যবাদ না খাওয়ানো যাবেনা আপনি একজন Gynea বিশেষজ্ঞ চিকিৎসকের পরামর্শ নিতে পারেন ধন্যবাদ ।,doctor
ডাক্তার ভাইতে প্রশ্ন করার জন্যে আপনাকে ধন্যবাদ । কনসিভ করেছেন কিনা সেটা আগে কনফার্ম হবেন । আর কনসিভ করে গেলে সেইটা রোধ করার বিষয়ে পরামর্শ দেয়া আইনবিরোধী । আপনি একজন গাইনী বিশেষজ্ঞ চিকিৎসক এর পরামর্শ নিবেন ।,doctor
protidin 2 bar brush korer por o mukhe gondo thake . . then what can i do ?,symptoms
"ধন্যবাদ আপনাকে প্রশ্ন করার জন্য । না দেখে সমাধান দেয়া যাচ্ছে না । প্রিয় গ্রাহক , আপনার রোগটির চিকিৎসার জন্য আরও বিস্তারিত তথ্য জানা দরকার । আপনি ডাক্তারভাই এপ্লিকেশন থেকে ' Video Call To A Doctor ' সার্ভিসটি ব্যবহার করে একজন চর্ম ও যৌন বিশেষজ্ঞ ডাক্তারের এপয়েন্টমেন্ট নিয়ে ভিডিও কল এ কথা বলতে পারেন এবং ডাক্তারএর লেখা প্রেস্ক্রিপশন আপনি আপনার এপ্লিকেশন এ পেয়ে যাবেন । আরও বিস্তারিত জানতে < NUMBER > তে কল করুন । ধন্যবাদ ।",doctor
groin এ চুলকানির জন্য ডাক্তার xyril tab খেতে বলেছেন । বাট এসব ট্যাবলেট কি হাই ব্লাড প্রেসার এর রোগী খেতে পারবে ?,symptoms
"অনেক দিন প্রায় তিন - চার মাস যাবৎ আমার জিহ্বার তালুতে এক ধরনের হলুদ হলুদ ভাব দেখা যাচ্ছে ও তালুর মাঝখানে একটু ঘা এর মত মনে হচ্ছে । সেই সাথে দাত সির সির করে , ঠান্ডা / কোল্ড ডিংকস পানি মুখে দিতে পারি না । জিহ্বাতে সবসময় মনে হয় লনাক্ত মত লাগে । খাবার স্বাদ অরজিনাল ভাবে পাইনা ।",nutrition
"thanks for ur question . it needs long treatment for allergic condition . please avoid allergic food and use face mask at outside . u need to do some blood investigation . so please keep on follow up treatment under a medicine specialist . thanks , keep well .",symptoms
"Thanks for questioning daktarbhai . Please consult with a good hepatologist and I think she need to do some investigation like colonoscopy , biopsy . . Thanks",doctor
আমি কাল ১২ টার সময় আক্কেল দাতঁ তুলছি কেটে বের করছে সেলাই দিছে ৪ টা । কাল দাতঁ তুলার সময় আমার গলার ভিতরে বাম সাইডে ডুগ গুলার সময় ব্যথা লাগে । এখন কাল রাতে আমার গলার ভিতরে কি যেন একটা বের হয়ছে ডুগ গিলতে পারতেছিনা বড় হা করে কাউকে দেখাতে পারতেছিনা । এর আগে আমার টন্সিল বাসছিল । এখন আমি কি ঔষধ খাব ।,symptoms
ডাক্তার ভাইতে প্রশ্ন করার জন্যে আপনাকে ধন্যবাদ । প্রথমত প্রত্যেকবার পায়খানার পর খাবার স্যালাইন খাওয়াবেন । খুব বেশি মাত্রার হলে শিরাপথে কলেরা স্যালাইন দেওয়া লাগতে পারে । কোনো ঔষধ না খাইয়ে থাকলে Tab - zimax 500 mg 2 টা ট্যাবলেট প্রথমে একসাথে তারপরে ১ + ০ + ০ ৫ দিন । Tab - Receca 100mg 1 + 1 + 1 পাতলা পায়খানা থাকা পর্যন্ত ।,nutrition
"Sir , I sweat a lot There is a lot of stench in sweat What is the way to get rid of this stench and what medicine can I take ? Please tell , whats the story of them big puppys . . . . .",symptoms
ডাক্তার ভাইকে প্রশ্ন করার জন্য ধন্যবাদ । আপনি একজন skin splecialist ডাক্তারের পরামর্শ নিন । ধন্যবাদ ।,doctor
"ডেঙ্গু পজেটিভ রুগী । বয়স - ৬২ , পুরুষ । উনার ডায়াবেটিকস আছে । প্লাটিলেট বর্তমানে ৮০K / ul . রুগী প্রচন্ড পরিমাণে দুর্বল হয়ে গেছে । তাকে কি সব ধরনের ফ্রুইড খাওয়ানো যাবে ? like - পেঁপের জুস , ডাবের পানি , অথবা আর কি করা যায় তার জন্য ? ?",fever
"Dear sir , Amer wife ar PA batha kore . . PA er moddo haddi te ir ir kore . . Calcium + vitamin D and vitamin B1 + B + B12 khaoitece kaj hocce na . . . For your kindly information Please . . . . . Regards , < NAME > Rajshahi",symptoms
ফার্মেসি তে গিয়ে কাশির ওষুধ চাইলাম Montril 10mg দিয়েছে । এটা খেলে কি কোন ক্ষতি হবে ?,fever
আমার বাচ্চার বয়স ১৩ মাস । প্রায় সময়ই তার মাথাটা গরম থাকে এবং নাক দিয়ে পানি যায় ( জ্বর থাকে না ) । কিছু খেতে চায় না এবং পায়খানা কশা থাকে ও দূর্গন্ধযুক্ত ।,fever
আমার পিত্ত থলিতে পাথর আছে । গত ২ . ৫ বছর যাবৎ এটা হয়েছে । যার আকার . ৪ সেমি । এতদিন তীব্র কোন ব্যাথা ছিল না কিন্তু গত ৮ দিনের মধ্যে ৩ দিন পেটে তীব্র ব্যাথা হয়েছিল এবং পেটের ডানদিকে পাজরের নিচে চাপ দিলে ব্যাথা অনুভূত হয় । এখন আমি করতে পারি আর আমার প্রশ্ন হলো পিত্ত থলিতে পাথর হলে কী পেট ব্যাথার সাথে সাথে পেটের ডানদিকে পাজরের নিচে চাপ দিলে ব্যাথা অনুভূত হয় ? এবং কেন এই চাপ দিলে ব্যাথা অনুভূত হয় ? ? অভিজ্ঞ ডাক্তারের পরামর্শ চাচ্ছি ।,symptoms
Thank you for asking question to Daktarbhai . Do a xray of chest P / A view . Thanks .,doctor
"ডাক্তার ভাইকে প্রশ্ন করার জন্য ধন্যবাদ । আপনি এখন Syp . Entacid plus 4tsf ও Tab . Motigut 10mg ১ টা খান । পরবর্তীতে Tab . Pantonix 20 mg 1 + 0 + 1 ( 30 min before meal ) 14days , Syp . Entacid plus 2tsf 3times daily for 14days খাবেন । ধন্যবাদ ।",medicine
আপনাকে ধন্যবাদ প্রশ্ন করার জন্য । আপনি একজন মানসিক রোগ বিশেষজ্ঞের পরামর্শ নিন । মেডিটেশন করে দেখতে পারেন । আপনার কাউন্সিলিং এর প্রয়োজ । ধন্যবাদ,doctor
আমার কিছু দিন পর পর পেটে ব্যাথা হয় । প্রথমে উপরের পেট থেকে ব্যাথাটা তলপেটে যায় । তারপর পায়ুপথেও ব্যাথা হয় । ব্যাথা প্রায় সাত আট ঘণ্টা অনবরত থাকে । ব্যাথা কমার পর দুই তিন দিন তলপেট শক্ত হয়ে থাকে সাথে হালকা ব্যাথাও থাকে । বহুবার আল্ট্রাসনোগ্রাফি করিয়েছি । ডাক্তাররা বলল আমার গ্যাস্ট্রিকের সমস্যা আছে । এখন আমার কি কি খাবার খাওয়া উচিত ? আর আমি কি খালি পেটে ঠাণ্ডা দুধ খেতে পারব ?,nutrition
গ্রাহক ডাক্তার ভাইকে প্রশ্ন করার জন্য আপনাকে ধন্যবাদ । বাচ্চার মা ভ্যাকসিন নেওয়ার পর দুইদিন বাচ্চাকে বুকের দুধ পান করাবেন না । ২ দিন পর থেকে বাচ্চার মা আবার আগের মত বাচ্চাকে বুকের দুধ পান করাতে পারবেন ।,doctor
"Thanks for your question . Rash , itiching on skin is the sign of Allergic reaction . Try to avoid things and food which will induce this symptoms . Take Tablet Alatrol 10 mg at night . Take help from a skin specialist . Thank you",medicine
আপনাকে ধন্যবাদ প্রশ্ন করার জন্য । আপনি থাইরয়েড পরীক্ষা করুন । একজন মেডিসিন বিশেষজ্ঞ কে দেখাতে পারেন । পানি বেশি করে খাবেন । ধন্যবাদ,doctor
"ধন্যবাদ আপনাকে প্রশ্নের জন্য । আপনি সুষম খাবার খান ৷ ব্যায়াম করুন , ৭ - ৮ ঘন্টা ঘুমান । একজন পুষ্টিবিদের কাছে যান । তিনি আপনার উচ্চতা , বয়স পরিমাপ করে আপনাকে ডায়েট চার্ট সরবরাহ করবেন । ধন্যবাদ",nutrition
amar babyer age almost 3 years proditin sakalay e kisu khatay chayna and dupur o ratay ja khay onek somay nay and devise na dakay khatay chayna ki karbooo,symptoms
৪ বছরের মেয়ে প্রায়ই রাতে তীব্র পায়ের ব্যাথায় চীৎকার করে । যে পা ব্যাথা করে ঐ পায়ের উপর তালুর কিছু অংশ কালো হয়ে যায় এবং ঠান্ডা হয়ে যায় । দিনে কোনো সমস্যা দেখা যাচ্ছে না । কী করা জরুরি জানতে চাই ।,emergency
"চর্মরোগ , প্রায় আট মাস ধরে । শরীরের অনেকগুলো জায়গায় । ইতিমধ্যে কয়েকবার অ্যান্টিবায়োটিক খাওয়া হয়েছে । ইকোনেজল নাইট্রেট , ক্লোট্রিমাজল ব্যবহার করা হয়েছে , কিন্তু ভালো হয় নি",medicine
Thank you for your question . Tab . Rupa ( 10mg ) o + o + 1… . 7 days . Thank you .,medicine
ডাক্তার ভাইতে প্রশ্ন করার জন্যে আপনাকে ধন্যবাদ । এটা আসলে আপনার ইনকামের বয়স নয় । বাসার সবাইকে বুঝান । tab - esita 10 mg 1 + 0 + 0 ১ মাস খাবেন ।,medicine
"আমার বাচ্চা বয়স 10 , 4 / 5 দিন যাবৎ বাম চোখের উপরের পাতা লাল হয়ে ফুলে আছে । অঞ্জলির মত বিচি দেখা যাচ্ছেনা , করনীয় কি ?",symptoms
"Tab . Napa Extend 665mg 1 + 1 + 1 2days . If not improved , please consult with a doctor physically in a hospital . Thank you",medicine
আসসালামু আলাইকুম স্যার আমার দুই তিনদিন যাবত শরীর ব্যথা মাথা ব্যথা করে এবং ঠান্ডা এর জন্য আমি কি খেতে পারি,symptoms
সাথে cap - maxpro 20 mg 1 + 0 + 1 খাবার আগে ৭ দিন খাবেন ।,nutrition
"আমার wife এর মুখে ফোড়ার মতো ব্রন উঠছে , কিন্ত এটা পাকতেছে না । ব্যথাও পাচ্ছে অনেক ।",symptoms
"ধন্যবাদ আপনাকে প্রশ্ন করার জন্য । গ্যাসের ব্যাথা এটি । আপনি শাকসব্জি , ফল , আঁশযুক্ত খাবার খাবেন , পানি খাবেন , ইসুবগুলের ভূষি খাবেন । চা , কফি , গরু , খাসী , মসলাযুক্ত , ভাজাপোড়া কম খাবেন । ধন্যবাদ",nutrition
"আপনাকে ধন্যবাদ প্রশ্ন করার জন্য । আপনি সুষম খাবার খাবেন । ডিম , দুধ , মাংস , মাছ , সবজি পরমান মত খাবেন । হাটবেন নিয়মিত । একজন ডায়েটেসিয়ান কে দেখাতে পারেন । ধন্যবাদ",nutrition
ডাক্তার ভাই কে প্রশ্ন করার জন্য ধন্যবাদ । বাচ্চাকে ১ চামচ দিতে পারেন আপনি সরাসরি একজন Pediatrician এর পরামর্শ নিন ধন্যবাদ,doctor
ডাক্তার ভাই কে প্রশ্ন করার জন্য ধন্যবাদ । এম এম আর ১ বছরের মধ্যে দিয়ে দিলে পার্শ্ব প্রতিক্রিয়া কম । বেশি দেরি হলে সমস্যা হতে পারে । ধন্যবাদ ।,medicine
ডাক্তার ভাই কে প্রশ্ন করার জন্য ধন্যবাদ । Dentist এর সাথে কথা বলুন । x ray abong Root canal লাগতে পারে । ধন্যবাদ ।,doctor
"ডাক্তার ভাইকে প্রশ্ন করার জন্য ধন্যবাদ । Tab Monas 10 , 0 + 0 + 1 , 10 days . Syrup Adovas , 2 spoon , 3 times , 7 days . গরম পানি , লবণ দিয়ে গড়গড়া করবেন দিনে তিন থেকে চারবার । ধন্যবাদ",medicine
To clear eye waxusing Acerumine drop 3drps 3times daily . how long I will continue ? if wax does not come automatically should I go to an ent doctor and make it clear ?,medicine
ডাক্তার ভাইকে প্রশ্ন করার জন্য ধন্যবাদ । ব্যথার জায়গায় গরম সেঁক দিতে পারেন । ধন্যবাদ,symptoms
"আসসালামু আলাইকুম , আমার মেয়ে বাচ্চার বয়স ১১মাস , ৭ / ৮ দিন আগে পায়খানার সাথে কৃমি দেখা গেছে , পরামর্শ চাই । ধন্যবাদ ।",symptoms
"মে ২০২০ সালে মিসক্যরেজ হয় , তিন মাসের । আমি এখন তিন মাস চার দিনের গর্ভবতী । কি কি টেস্ট করানো উচিত । জরুরি ভিওিতে জানাবেন পিল্জ ।",emergency
আমার মেয়ের বয়স দুই বছর সাত মাস । হাচি ও নাক দিয়ে পানি পড়ছে । টোফেন খাওয়াচ্ছি । আর কি ওষুধ খাওয়ানো যেতে পারে ।,symptoms
ধন্যবাদ আপনাকে প্রশ্নের জন্য । চেষ্টা করতে থাকুন । গাইনি চিকিৎসকের পরামর্শ নিতে পারেন । এই এপে ভিডিও কলের মাধ্যমে এপয়েনমেন্ট নিলে প্রেসক্রিপশন পেয়ে যাবেন । ধন্যবাদ,doctor
"আপনাকে ধন্যবাদ প্রশ্ন করার জন্য । মাথা ব্যাথার অনেক কারন আছে । যেমন মাইগ্রেন , চোখে সমস্যা , স্ট্রোক ইত্যা । একেক টার চিকিৎসা একেক রকম । আপনি প্রাথমিক ভাবে প্যারাসিটামল ১টা করে খাবার পরে খেতে পারেন । ব্যাথা না কমলে একজন ডাক্তারকে দেখিয়ে সঠিক চিকিৎসা নিন । ধন্যবাদ",emergency
"গ্রাহক , ডাক্তার ভাইকে প্রশ্ন করার জন্য আপনাকে ধন্যবাদ । আপনার কি হরমোনে কোনো সমস্যা আছে ? আপনার মুখে কোন ধরনের ব্রণ হয়েছে তা সরেজমিনে পরীক্ষা করে বুঝতে হবে । তাই আপনি একজন চর্মরোগ বিশেষজ্ঞের সাথে সাক্ষাৎ করে তার পরামর্শ অনুযায়ী চিকিৎসা গ্রহণ করুন । ধন্যবাদ ।",doctor
আপনাকে ধন্যবাদ প্রশ্ন করার জন্য । হরমন অথবা ব্রেস্টে কোন সমস্যা থাকলে এমন হতে পারে । আপনি একজন গাইনী ডাক্তারের পরামর্শ নিন । ধন্যবাদ,doctor
আমার বাচ্চার বয়স ৪ মাস ২০ দিন । হঠাৎ করে গতকাল থেকে সর্দি কাশি । নাক দিয়ে পানি পরতেছে তবে জ্বর নেই । কি ওষুধ দিতে পারি একটু জানাবেন ।,fever
"আমার ছেলের বয়স ৬ মাস ৮ দিন , ওজন ৮ কেজি প্রায় । আজ সকাল থেকে শরীর গড়ম । বগলে জ্বর ৯৯ ডিগ্রী । এই মুহুর্তে আমার করনীয় কি ?",fever
প্রশ্ন করার জন্য ধন্যবাদ / এধরনের সমস্যা অনেক ধরনের কারনে হয়ে থাকে একজন শিশু বিশেষজ্ঞ ডাক্তার দেখান / ধন্যবাদ /,doctor
Thank you for your question Creatinine level is slightly high . Please consult with a medicine specialist and act accordingly Thank you,doctor
ধন্যবাদ আপনার প্রশ্নের জন্য । জ্বর ১০০ ডিগ্রির উপরে উঠলে নাপা খাবেন । বিশদ আলোচনার জন্য আপনি একজন গাইনি চিকিৎসকের পরামর্শ নিন । আপনি এই এপের মাধ্যমে ভিডিও কনফারেন্সে চিকিৎসকের পরামর্শ নিতে পারেন । ধন্যবাদ,fever
"প্রথমে ঘাড়ে তারপর , আজ দুই দিন ধরে বুকের ডান পাসে খাচার নিচ বরাবর ব্যথা । বড় করে নিশ্বাস নিতে পারছি না , ব্যথা অনুভব করছি ।",symptoms
12 - 13 দিন দরে সর্দি কাশি কম Alatton খাইছি তার পর Fexo 120 / Ambrox syrup / ceevit খাইছি ( Ambrox syrup একটা শেষ করছি ডেয়ইলি ২ বার করে ),fever
ডাক্তার ভাই কে প্রশ্ন করার জন্য ধন্যবাদ । । একজন গ্যাস্ট্রোএন্টারোলজিস্ট বিশেষজ্ঞ এর সাথে সরাসরি যোগাযোগ করেন । । ধন্যবাদ,doctor
Thank you for your question . Hair fall and hair whitening is familial and age related problem . Beside that hypo thyroid is one associating factor . please consult with a skin specialist . Thank you,doctor
বাচ্চার বয়স ১১মাস । প্রথম ১৩জুন জ্বর আসে । ১০১°ছিল । নাপা সিরাপ খাওয়ানো হয় । ৩দিন পর জ্বর ছাড়ে । সেবার দাঁত ওঠায় সবাই বলে এই কারণেই জ্বর । এর পর ২০তারিখ আবার জ্বর হয় । ১০২° পর্যন্ত উঠতো । ৩দিন পর এজিথ্রোমাইসিন সিরাপ খাওয়ানো হয় । ২দিন পর ঠিক হয়ে যায় । এরপর ৪ তারিখ থেকে জ্বর । ১০১ - ১০৩° পর্যন্ত থাকে । নাপা ড্রপ খাওয়াচ্ছি । জ্বর ছেড়ে দেয় আবার আসে । সাপোজিটরিও দেয়া হয়েছে ( Napa 125 ) । দেয়ার পর কমে । কিন্তু সময়ের সাথে আবার বেড়ে যায় । গা মুছিয়ে দিচ্ছি । এজিথ্রোমাইসিন সিরাপ একবার খাইয়েছি । কি করতে পারি জানাবেন দয়া করে ।,fever
zinc + Bcomplex ( xinc B ) syrup এটা কি ৩ - ৮ বয়সের বাচ্চাদের খাওয়ানো যাবে ইমিউনিটি বারানোর জন্য,medicine
Thanks for your question to daktar bhai . Levostar for asdthma and ketomar for allergy . Thanks,symptoms
ডাক্তার ভাই কে প্রশ্ন করার জন্য ধন্যবাদ আপাতত ব্যাথার জন্য Tab Rolac 10 mgএবং Tab Nexum MUPS খেতে পারেন । পরবর্তী তে একজন General Surgery বিশেষজ্ঞ চিকিৎসকের পরামর্শ নিতে পারেন । ধন্যবাদ ।,medicine
Thank you for your question Take tab . Napa 500mg 1 + 1 + 1 for 3 days . Tab . Zimax 500mg 0 + 0 + 1 for 5days . Do a covid test and dengue NS 1 ag test Thank you,medicine
আমার বাচ্চার বয়স ৮মাস । বাচ্চার সারা গায়ে ঘামাছি । পাউডার দেই তাও কমে না । কি করনিও,symptoms
আপনাকে ধন্যবাদ প্রশ্ন করার জন্য । মলদ্বার পরীক্ষা করে এ রোগের ঔষধ দিতে হবে । আপনি একজন সার্জারী বিশেষজ্ঞের সাথে যোগাযোগ করুন । ধন্যবাদ ।,doctor
"গর্ভবতী হওয়ার ৩৯ সপ্তাহ চলতেছে । আল্টাসাউন্ডে পজিসন posterior E . D . D . date 28 - 9 - 21 ডেলিভারির প্রাথমিক লক্ষন আমার , জানা জরুরি । কারণ আমার প্রর্থম সন্তান",emergency
স্যার শরিল কশার জন্য fecilax খাওয়া জাবে এবং ২মাসের বাচ্চার মা কি এটা খেতে পারবে,symptoms
জিহ্বাসহ মুখের ভেতরে এক ধরনের ঘা হয় । কি খেতে হবে ? ?,symptoms
"আসসালামু আলাইকুম , আমার ছেলের বয়স ৬বছর - ৪ মাস , ওর প্রচুর কফ যাচ্ছে , দিনে কাশি ছাড়া কফ বের হয় এবং রাতে শোয়ার পর থেকে অনেক্ষন যতবার কাশি হয় ততবার কফ বের হয় , সাথে নাক ও বন্ধ হয়ে যায় , ফলে গাল দিয়ে শ্বাস নেয় বালিশে শুতে গেলেই শুরু হয় কাশি ও কফ , সাথে গত ৩ রাতের মধ্যে ১ ম ও ৩য় রাতে জ্বর হয় গত রাতের জ্বর ১০০ ' এখনো আছে , আমি , Histaci syrp & ace syrp দিচ্ছি , দয়া করে ভালো একটা পরামর্শ দিবেন । ধন্যবাদ ।",fever
স্যার রক্তে এলার্জি পরিমাণ বেশি হলে কোন ঔষধ খেলে তা নিয়ন্ত্রন থাকবে ।,symptoms
"হালকা ঠান্ডা লেগেছে , বাড়ছে । গলা ব্যথা , চুলকাচ্ছে । নাক বন্ধ , অস্বস্তি লাগছে ।",symptoms
"আপনাকে ধন্যবাদ প্রশ্ন করার জন্য । আপনি সাইট্রাস ফল যেমন আমড়া , কামরাংগা , আমলকি খান । ভিটামিন জাতীয় ঔষধ খান । প্রয়োজনে একজন মেডিসিন ডাক্তারের পরামর্শ নিন । ধন্যবাদ",nutrition
ডাক্তার ভাই কে প্রশ্ন করার জন্য ধন্যবাদ । ultrasonography Lower abdomen করে একজন গায়নি ডাক্তার এর সাথে কথা বলুন । ধন্যবাদ ।,doctor
"ডাক্তার ভাইকে প্রশ্ন করার জন্য ধন্যবাদ । Cap Zif CI , 0 + 1 + 0 , 1 Month . এছাড়া একজন গাইনোকোলজিস্ট এর পরামর্শ নিয়ে নিবেন । ধন্যবাদ",medicine
"আমার বয়স ৩১ বছর , উচ্চতা ৫ . ৪ "" ওজন ৭২ কেজি শরীরের তুলোনায় পেঠ অনেক বড় ও ভুড়ি হয়েছে এখন কমানোর উপায় কি ?",symptoms
আপনাকে ধন্যবাদ প্রশ্ন করার জন্য । প্রেশার বেশির জন্য একজন কার্ডিওলোজিস্ট কে দেখাতে হবে । Esotid 40 mg খান । সিরাপ entacyd plus তিন চামচ করে খাবার পরে খান । ধন্যবাদ ।,nutrition
"স্যার , আমার ১৮ তারিখ দুপুরে গায়ে প্রচুর ব্যথা তার সাথে একটু ঠান্ডা ফিল করি মাথায় এর সাথে জ্বর আসে । আমি Ace plus দিনে ৩ বার , Fenadin দিনে ১ বার করে খেতে থাকি । স্যার ১৯ তারিখ জ্বর আর গায়ের ব্যাথা কমে যায় । ২০ তারিখ থেকে জ্বর ও গায়ের ব্যাথা নেই । স্যার , এখন যা problem হচ্ছে তা হল মুখে কোন খাবারের টেস্ট পাচ্ছি না সব খাবারই মাটি মাটি লাগে আর নাকের ঘ্রান শক্তি খুবিই কম ঘ্রাণ পাই না বল্লেই চলে । এখন কি করবো স্যার . . . . ? প্লিজ হেল্প মি স্যার ।",fever
"আমার মায়ের বয়স58 , গত কয়েক মাস আগে মায়ের ঠোঁটে সাদা দাগ হওয়া শুরু হয় । এখন ঠোঁটের ভিতর থেকে সামনে পর্যন্ত প্রায় 70 ভাগ সাদা হয়ে গেছে , সেতি রোগের মত দেখতে । ঠোঁটের ভিতরে পাতলা চামড়া মাঝে মাঝে উঠে । মায়ের ডায়বেটিস আছে , dimerol mr 30 mg 1 টি করে খায় । এখন কি ওষুধ খেলে এটি ভালো হতে পারে পরামর্শ চাই । ধন্যবাদ ।",symptoms
আমার ভাইয়ের বয়স২৬ . ওর প্রায়শ ই পেটে ব্যাথা হতো শরীর দুর্বল লাগে আল্ট্রাসনোগ্রাম করার পরেRight renla cortial cyst . Normal sized prostate parenchymal calcification . Grade 1 fatty change in liverপাওয়া গেছে । এখন কোন বিশেশজ্ঞ চিকিৎসক কে দেখান উচিত হবে .,symptoms
ডাক্তার ভাই ‌কে প্রশ্ন করার জন্য ধন্যবাদ । এক দুই মাস অনেক সময় নাও হতে পারে । আপনি ভালো কোনো ডায়াগনসটিক সেন্টার থেকে USG of whole abdomen করান । তারপর আমাদের সাথে যোগাযোগ করবেন । ধন্যবাদ ।,doctor
"আমার ওয়াইফ , বয়স ২৫ , চোখের চশমা ব্যাবহার করে , পাওয়ারঃ - ২ . ৭৫ . তার প্রায় প্রতিদিন মাথা ব্যাথা করে , তাছাড়া মাঝে মাঝে ঘাড় ব্যাথা থেকেও মাথা ব্যাথা করে , এখন কি করলে এর সমাধান হবে জানালে উপকৃত হব ।",symptoms
ডাক্তার ভাই কে প্রশ্ন করার জন্য ধন্যবাদ । Tab Monas 10 mg 1 + 0 + 0 15 days খাবেন । করোনা কাশি আপনার না । ভয়ের কোন কারন নেই । ধন্যবাদ ।,fever
ইদানিং পায়ের হাটু থেকে নিচ পযন্ত ব্যাথা হয় । হঠাৎ করেই এই সমস্যা হচ্ছে কি করবো এখন ?,symptoms
ডেঙ্গু প্লাটিলেটস কত নিচে গেলে হসপিটালাইজড করতেই হবে ? ? ? ?,fever
ডাক্তার ভাই কে প্রশ্ন করার জন্য ধন্যবাদ । আপনাকে একজন শিশু ডাক্তার বা শিশু হাসপাতাল নিতে হবে । ধন্যবাদ ।,doctor
আমার বাচ্চার বয়ষ ১৩ মাস । কিছু দিন থেকে রাতে পায়খানার রাস্তা দিয়ে ছোটো আকারের কৃমি বের হয় এবং খুব কান্নাকাটি করে । এখন করনিয় কি,symptoms
"ডাক্তার ভাই কে প্রশ্ন করার জন্য ধন্যবাদ । একজন মেডিসিন বিশেষজ্ঞ র পরামর্শ নিন । ধন্যবাদ । প্রিয় গ্রাহক , আপনার রোগটির চিকিৎসার জন্য আরও বিস্তারিত তথ্য জানা দরকার । আপনি ডাক্তারভাই এপ্লিকেশন থেকে ' Video Call To A Doctor ' সার্ভিসটি ব্যবহার করে একজন ( * * * ) বিশেষজ্ঞ ডাক্তারের এপয়েন্টমেন্ট নিয়ে ভিডিও কল এ কথা বলতে পারেন এবং ডাক্তারএর লেখা প্রেস্ক্রিপশন আপনি আপনার এপ্লিকেশন এ পেয়ে যাবেন । আরও বিস্তারিত জানতে < NUMBER > তে কল করুন । ধন্যবাদ ।",doctor
একটা আইডিয়া নেওয়ার জন্য পোষ্ট টি করা । ব্রেস্ট এর লাম্প অপারেশন এর পরে বাসায় নুন্যতম কতদিন রেস্ট এ থাকতে হবে ? অফিস থেকে ছুটি নেওয়ার জন্য জানাটা জরুরি । এক্সাক্ট না জানলেও মিনিমাম কতদিন থাকতে হয় কেউ যদি একটু বলতেন । ধন্যবাদ,emergency
আমার বয়স 18 । আমার ঠিক মত পায়খানা হয় না । পায়ু পথে 4মাস ধরে কিছু একটা অনুভব করি পরে জানতে পারি এটা পাইলস । আমি ইসপগুলের ভুসি ও এবোলাক সিরাপ খাচ্চি তবুও শান্তি মত পায়খানা হচ্ছে না । কি করনীয় এখন ?,symptoms
"Thanks for asking question . Have healthy food , milk , egg and protein rich food to gain wait . You can also have Tab : Filwel gold 1 + 0 + 0 - 3 months . Thanks",medicine
"গতো দুই সপ্তাহ ধরে আমার অনেক ঠান্ডা লেগেছে , নাক দিয়ে শুধু পানি পরে । নিষ্সাশ নিতে কষ্ট হয় । অনেক ঔষধ খাচ্ছি কিন্তু নাক দিয়ে পানি পরা কমছে না । আমাকে তারাতাড়ি ঠান্ডা ভাল হাওয়ার ঔষধ এর পরামর্শ দিন ।",symptoms
আপনাকে ধন্যবাদ প্রশ্ন করার ৷ জন্য । আপনি ব্যাথার জন্য প্যারাসিটামল খেতে পারেন একটা করে দিনে দুই বা তিন বার । গরম পানিতে কুলকুচি করুন । দাতের ব্যাথা না কমলে একজন ডেন্টিসকে আবার দেখাতে হবে । ধনবাদ,medicine
চর্ম ডাক্তার দেখান । ধন্যবাদ ।,doctor
আপনাকে ধন্যবাদ প্রশ্ন করার জন্য । আপনার সমস্যা না দেখে সমাধান করা যাবে না । একজন মেডিসিন বিশেষজ্ঞ কে দেখিয়ে নিন । ধন্যবাদ ।,doctor
আমার বয়স ২১ । আমার হটাৎ করেই সর্দি শুরু হয় । আমার নাক একটু একটু বন্ধ হয় । কয় মাস আগে আমি নাকের অপারেশন করাইছি । এখন আবার এ সমস্যা একটু একটু দেখা দিচ্ছে । এখন কি করতে পারি ?,fever
"I am facing gastroesophageal reflux disease . I have excessive gas problem . Gas also smell bad . Doctor prescribed sergel , omidon etc . But my problem not cured . What can I do ?",symptoms
"আমার প্রচন্ড ঘাম হয় শীতের দিনেও একটু বেশি হাটাহাটি করলে ঘামে আর গরমের দিনে তো দিনে ২ বার কাপড় চেঞ্জ করতে হয় ঘামে ভিজা যাওয়ার কারনে , ঘাম কম হওয়ার কোন উপায় আছে ? ?",symptoms
"বাচ্চার বয়স ২৭ মাস , ডানডা জর , সরদি , ফেক্স সিরাপ , আর নাপা খাওয়াচ্ছি , জর কমে আবার উঠি ১০১ হয় , সাপজেটরি ১৫০ সাথে ২ টা দিছি , কাল এবং কাজ ১০০ হয় আবার ১০১ , বাচ্চা রাতে কান্না করে কি কর নিয়",symptoms
আপনাকে ধন্যবাদ প্রশ্ন করার জন্য । আপনার enthesitis হচ্ছে । আপনি গরম পানির সেক দিন । একজন ফিজিক্যাল মেডিসিন বিশেষজ্ঞ কে দেখিয়ে নিন । ধন্যবাদ,symptoms
"আমি একজন মানসিক রোগী , , , , , প্রশ্ন হলো কিভাবে মানসিক ভাবে সুস্থ থাকা যায় ।",symptoms
আপনাকে ধন্যবাদ প্রশ্ন করার জন্য । আপনার এগুলো ব্রণ নাও হতে পারে বা ইনফেকটেড ব্রণ হতে পারে । একজন চর্ম রোগের ডাক্তার কে দেখিয়ে সঠিক চিকিৎসা নিন । চর্ম রোগ না দেখে বোঝা যায় না । মুখ পরিষ্কার রাখুন । কোনো প্রসাধনী ব্যবহার করবেন না । পানি বেশি করে পান করুন । রাত জাগবেন না । দুশ্চিন্তা করবেন না । ধূমপান করবেন না । ধন্যবাদ ।,symptoms
"ডাক্তার ভাই ‌কে প্রশ্ন করার জন্য ধন্যবাদ । ওনার ডায়াবেটিস থেকে করে নিন । ভালো কোনো ডায়াগনসটিক সেন্টার থেকে FBS , 2HABF করে নিন । তারপর আবার আমাদের সাথে যোগাযোগ করবেন ধন্যবাদ ।",symptoms
"ডাক্তারভাইকে প্রশ্ন করার জন্য ধন্যবাদ । ফোলা ভাব এবং চুলকানি যে কোন আ্যালার্জির লক্ষণ হতে পারে । প্রাথমিকভাবে , নিম্নের ঔষধ ব্যবহার করতে পারেন - 1 ) আক্রান্ত স্থানে Topicort Cream দিনে ২ বার ব্যবহার করুন । 2 ) Tab Alatrol 10mg - - 0 + 0 + 1 for 10 days . ক্ষত স্থানে চুলকাবেন না । গোসলের সময় সরাসরি সাবান পানি ব্যবহার করবেন না । গরুর মাংস , চিংড়ি , বেগুন , ইলিশ আ্যালার্জি জাতীয় খাবার পরিহার করুন । বেশী করে পানি পান করবেন ও ভিটামিন সি সমৃদ্ধ খাবার খাবেন । চুলকানি না কমলে দ্রুত একজন Skin Specialist Doctor এর পরামর্শ নিয়ে নিবেন । ধন্যবাদ ।",nutrition
"আমার স্ত্রীর বয়স ২৬ বছর , হঠাৎ নাক দিয়ে ব্লাড পড়েছে ১০ মিঃ প্রায় , নাকের ভিতরে ব্যাথা করছিল । ২ মাস আগেও পড়েছে , ওর সাইনোসাইটিসের ও এলার্জির সমস্যা আছে । . . . . ১ / ২ বছরে কোন ওষধ খায়নি । প্রাথমিক চিকিৎসা কি হবে ? যেহেতু করোনার সময় !",fever
ডাক্তার ভাই কে প্রশ্ন করার জন্য ধন্যবাদ । চোখ পরিক্ষা করার পর মেডিসিন দিতে হবে । চোখের ডাক্তার দেখান । ধন্যবাদ ।,doctor
"আসসালামু আলাইকুম আমার মেয়ের বয়স ৬ + , , ওর জ্বর বার বার আসছে আর যাচ্ছে , , , নাপা খাওয়ানো হয়েছে , , সাথে ঠান্ডা কাশিও আছে , , না কমাতে Azin এন্টিবায়োটিক খাওয়ানো হয়েছে , , তবুও কমছে না , , এখন কি করতে পারি ? ?",fever
আপনাকে ধন্যবাদ প্রশ্ন করার জন্য । আপনি গোড়ালি তে গরম পানির সেক দিন । প্যারাসিটামল খেতে পারেন । ভাল না হলে একজন ফিজিক্যাল মেডিসিন বিশেষজ্ঞ কে দেখিয়ে নিন । ধন্যবাদ ।,medicine
আমার মেয়ের বয়স 2 বছর । সে 2 থেকে 3 দিন পরপর পায়খানা করে এবং অনেক সক্ত পায়খানা হয় । এর থেকে মুক্তি পাওয়ার উপায় কি জানাবেন দয়া করে ।,symptoms
গত তিন দিন ধরে গায়ে ব‍্যাথা ও হালকা জ্বর ( 98 . 1 / 2 ) আছে । Fexo 120 & napa খাচ্ছি । কিন্তু নাক দিয়ে অল্প পানি বের হচ্ছে ও মাঝে মাঝে নাক বন্ধ হয়ে যায় । আপনার পরামর্শ প্লিজ ।,fever
আমার দাঁতের মাড়ির সমস্যায় ভুগছি । নিচের মাড়ির দুটি দাঁতের গুড়ায় সামান্য ব্রাশের স্পর্শ লাগলেই রক্ত বের হয় । চুশন দিলে ও মাজে মাঝে রক্ত বের হয় । দাঁত থেকে মাড়ি কিছুটা ফাকা মনে হয় । মিষ্টি জাতীয় খাবার খেলে বেশি সমস্যা হয় । এখন কি করতে পারেন পরামর্শ চায় ।,nutrition
"Thanks for questioning daktarbhai . Tab . Flexi 100mg 1 + 0 + 1 for 5 days , Tab . Calbo - D 0 + 0 + 1 for 1 month , Tab . Neuro - B 0 + 1 + 0 for 1 month . No heavy work and give hot compression at pain site . Thanks",medicine
"ডাক্তার ভাইকে প্রশ্ন করার জন্য ধন্যবাদ । আপাতত , স্তন ব্যথার জন্য Tab Napa 500 খেতে পারেন । গরম সেঁক দিতে পারেন । ব্যথা বেশি হলে একজন মেডিসিন কনসালটেন্ট এর পরামর্শ নিন । ধন্যবাদ ।",medicine
"আমার বাচ্চার বয়স ৯ মাস । তার ৩ দিন ধরে হালকা জর । গত রাত থেকে তার জর অনেক বেরে যায় , ১০৪ উঠে , সাপোজিটর দেই । আজকে জর কিছুটা কম । তবে , অনেক বমি আর পাতলা পায়খানা করতেছে । কিছু খাচ্ছে না । যাই খায় বমি করে দেয় । কি করা যেতে পারে ?",symptoms
"আমার ছেলে বয়স ১৫ , দশম শ্রেণীতে পড়ে ৮বছর পূর্বে গলার টনসেল অপারেশন করার সময় গেন ফিরেছিল না পরে তাকে ICU সাপোর্টে ছিল ৭ দিন তার পর থেকে গ্রামের বাড়িতে থাকি । পড়া লেখায় ও ভালো । কিন্তু তার ছোট বোনের সাথে কোন ভাবেই মিলে থাকে না । সবসময়ই ঝগড়াঝাটি লেগেই থাকে । এ নিয়ে আমাদের সংসারে ও অশান্তি লেগেই থাকে । তখন ছেলেকে কিছু বললে সেও উত্তেজিত হয়ে যায় ঘরের জিনিষপত্র নষ্ট করে এবং অনেক জিদ করে অস্ভাবিক আচরন করে এ অবস্থায় আমি তার জন্য কি করতে পারি ।",doctor
"প্যারালাইজড , হার্ট অ্যাটাকের ঝুঁকি এড়াতে আগে থেকেই কি কি ট্রিটম্যান্ট নেওয়া যায় । জানাবেন প্লিজ ।",emergency
আপনাকে ধন্যবাদ প্রশ্ন করার জন্য । আপনি থাইরয়েড পরীক্ষা করে একজন মেডিসিন ডাক্তার কে দেখান । ধন্যবাদ,doctor
"আপনাকে ধন্যবাদ প্রশ্ন করার জন্য । এই সময়ে পা অল্প এমনিতেই ফুলতে পারে । তার সাথে অন্য সমস্যা যেমন ডায়াবেটিস , প্রেসার থাকলে অবশ্যই গাইনী ডাক্তারের পরামর্শ নিতে হবে । রাতে ঘুমানোর সময়ে পা বালিশের উপরে দিয়ে ঘুমাবেন । ধন্যবাদ",doctor
আমার ভাগ্নি হটাত কর কাশি আর সর্দি শ্বাস নিলে শব্দ হয় তার জন্য আমি কি ঔষধ খাওয়াতে পারব ?,fever
"আপনাকে ধন্যবাদ প্রশ্ন করার জন্য । আপনি আদা , মধু , গরম পানি খাওয়ান । সিরাপ এলাট্রল এক চামচ করে রাতে দিতে পারেন । ভাল না হলে একজন শিশু বিশেষজ্ঞ কে দেখাতে হবে । ধন্যবাদ",medicine
আপনাকে ধন্যবাদ প্রশ্ন করার জন্য । প্রথমত আপনার সমস্যাটি দেখা প্রয়োজন এছাড়া রোগটি সম্পর্কে সঠিক ধারনা পাচ্ছি না । আপনি আপনার নিকটস্থ একজন রেজিস্টার্ড চিকিৎসক কে সমস্যাটি দেখিয়ে এর চিকিৎসা নিন । রোদে গেলে অবশ্যই ছাতা ব্যাবহার করুন এবং ত্বকে সানস্ক্রিন ক্রিম ব্যাবহার করুন । ধন্যবাদ ।,medicine
গ্যাস্টিকের কারণে পিঠে খুব নিঃশ্বাস আটকে যাচ্ছে । কি খাব ?,symptoms
"ডাক্তার ভাইকে প্রশ্ন করার জন্য ধন্যবাদ । Tab Fexo 60 mg , একটি করে ট্যাবলেট প্রতি রাতে সাত রাত খেতে পারেন । Syrup Napa , দুই থেকে তিন চামচ তিন বেলা তিন দিন খেতে পারেন । ধন্যবাদ",medicine
"আমার মেয়ের বয়স দুই বছর । আজ তিন দিন ধরে তার জর । জ্বরটা রাতের বেলায় বেড়ে যায় দিনে কম থাকে । প্যারাসিটামল খাওয়াচ্ছি তিনবেলা , সাথে কি আর কোন ওষুধ খাওয়াতে হবে ? ঠান্ডা কাশির কোন সমস্যা নেই ।",fever
আপা হাতে পায়ে জ্বালা পোডার জন‍্য কি করব ঘমের ও সমস‍্যা হচ্ছে । please,symptoms
Thank you for your question . It will be wise if you visit a child Specialist to see your child . It may be chest indrawing or wheeze due to childhood asthma . Sometimes it may be due to pneumonia . Thank you,symptoms
আপনাকে ধন্যবাদ প্রশ্ন করার জন্য । আপনি ব্যাথার জন্য প্যারাসিটামল খাওয়াতে পারেন আপনার আম্মাকে । গরম অয়ানির সেক দিলে ব্যাথা কমতে পারে । একজন ডাক্তারের পরামর্শ নিয়ে কিছু পরীক্ষা করিয়ে দেখেন উনার কি সত্যিই ব্যাত আছে কিনা । সঠিক চিকিৎসার জন্য রোগ নির্নয় সব চেয়ে জরুরি । ধন্যবাদ,emergency
আমি আমার থাইরয়েড লেভেল টেস্ট করতে চাই । খরচ কেমন পরবে আর ? আমি কি ডাক্তারের প্রসকিপশন ছাড়া টেস্ট করারতে পারবো ? আমি দেখতে চাচ্ছি লেভেলটা ঠিক আছে কি না । আর কোথায় করালে ভাল হবে ?,doctor
my child is 2 . 5 years old . I felt that he is suffering from Worms . what should I meditate him . and what about the other family members meditate to safe from it .,symptoms
"আমার ঘাম হয় বেশি , পরীক্ষায় খাতা ভিজে যায় । ছোটবেলা থেকে এই সমস্যা । একজন ডাক্তার Dricare lotion use করতে বলেছিলো । যতক্ষণ এটা ব্যবহার করি তখন ঠিক থাকে , এরপর আগের মতো হয়ে যায় । আমার এখন কি করা উচিত ?",symptoms
আপনাকে ধন্যবাদ প্রশ্ন করার জন্য । দাউদ এ শুধু মলম দিয়ে সম্পুর্ণ ভাল হবে না । আপনার ঔষধ ও খেতে হবে । আপনি একজন ভাল চর্ম রোগের বিশেষজ্ঞের পরামর্শ নিতে পারেন । বংগ বন্ধু শেখ মুজিব মেডিকেল বিশ্ববিদ্যালয়ে চর্ম বিভাগে দেখাতে পারেন । ধন্যবাদ,symptoms
আপনাকে ধন্যবাদ প্রশ্ন করার জন্য । আপনি ট্যাবলেট এলজিন ৫০মিলিগ্রাম খেতে পারেন । ব্যাথা না কমলে হাসপাতাল ইমার্জেন্সি বিভাগে যোগাযোগ করতে হবে । ধন্যবাদ ।,medicine
"ডাক্তারভাইকে প্রশ্ন করার জন্য ধন্যবাদ । প্রথমত মাথা ব্যথার জন্য ভরা পেটে Tab Napa 500mg ১টি ট্যাবলেট খেতে পারেন । সাথে বমি বন্ধ করার জন্য Emistat 8mg ১টি ট্যাব খাবারের ২০মিনিট আগে । Osartil 25mg উচ্চ রক্তচাপের ঔষধ । যেহেতু উনার উচ্চ রক্তচাপ আছে , সাথে বমি ও মাথা ব্যথা দেখা দিয়েছে , হতে পারে অন্যান্য স্ট্রোকের লক্ষণের দিকে সতর্ক থাকতে হবে । যেমন , কথা জড়িয়ে আসা , খাবার খেতে না পারা । সব থেকে ভালো হয় সশরীরে গিয়ে ডাক্তারের পরামর্শ নিলে । কিছু Examination করে বোঝা যাবে কি সমস্যা হচ্ছে এবং সে অনুযায়ী চিকিৎসা নিতে হবে । শারীরিক দুর্বলতার জন্য Tab Aristo Mom প্রতিদিন ১টি করে খেতে পারেন । ধন্যবাদ ।",emergency
আমার বাবার প্রেশার গত কয়েকদিন যাবত ৬৫ / ১০০ . উনি নিয়মিত প্রেশারের ট্যবলেট অলমেস্টা এম খান । প্রেশার লো হওয়ার কারনে কি প্রেশারের ট্যবলেট খাওয়া বন্ধ করে দিবে ? ? গত কয়েকদিন যাবত প্রেশার লো হওয়ার কি ভয়ের ? জানাবেন প্লিজ,symptoms
এমন কোন ওষুধ আছে যেটা খেলে মেয়েরা অচেতন হয়ে যায়,emergency
Thank you for your question . Iron tablets are indicated during pregnancy like tab . Zif CI . 0 + 1 + 0 . Please consult with a gynaecologist and act accordingly Thank you,medicine
ডাক্তার ভাইতে প্রশ্ন করার জন্যে আপনাকে ধন্যবাদ । অয়েন্টমেন্ট ব্যাবহার করবেন । । । ব্যাথার জন্যে Tab - rolac 10 mg 1 + 0 + 1 ভরা পেটে ৩ দিন cap - maxpro 20 mg 1 + 0 + 1 কহাবার আগে ৩ দিন খাবেন । । । নিকটতম হাসপাতালে দেখিয়ে পরামর্শ নিবেন ।,medicine
ধন্যবাদ আপনার প্রশ্নের জন্য । সাইকিয়াট্রিস্ট দেখাবেন । ধন্যবাদ,doctor
"ডাক্তার ভাইকে প্রশ্ন করার জন্য ধন্যবাদ । জ্বি খাওয়াতে পারেন । সাথে Tab Monas 10 , 0 + 0 + 1 , 15 days . খাওয়াতে পারেন । ধন্যবাদ",medicine
"আমার ছেলের তিন দিন থেকে পেট ব্যাথা , শিশু ডাক্তার কে দেখিয়ে গ্যাসের ওসধ , আমাশয় , পেটে হাল্কা গরম তেল দিয়ে সেক দেয়া । এত কিছু করার পর ও ব্যাথা কমছেনা । এখন আমি কোন ধরনের ডাক্তার দেখাব , বা কি ওসধ খাওয়াব । আমার ছেলের বয়স ছয় বছর ।",nutrition
"meste mukhe , ata dur korte ki doroner cream ba medicine kete hobe poramorso cai ?",symptoms
আমার স্ত্রীর বয়স ২৬ বছর । প্রথম এবং দ্বিতীয় ডোজ মর্ডানা ভ্যাকসিন নিয়েছে । বুস্টার ডোজ হিসেবে মর্ডানা বাদে অন্য কোন ভ্যাকসিন নিতে পারবে কিনা ? এতো কোনো ক্ষতি আছে কিনা ? পরামর্শ পেলে উপকৃত হতাম ।,medicine
আমার গত কয়েক বছর থেকে গলায় মাঝে মাঝে ব্যথা করে । একটা টন্সিল এর ব্যথা আমার মনে হচ্ছে না । এটি টন্সিল এর থেকে আরও নিচের দিকে । এটি প্রথম এর সময় মনে হতো গলায় কাটা গেথে যাওয়ার মত ব্যথা । কিন্তু ১ - ২ বছর পর এখন মনে হয় সেখানে কিছু একটা জিনিস ফুলে আছে যা মাঝে মাঝে ব্যথা করে এবং সেই সময় কোন কিছু খেলে বা কিছু গিলে ফেলতে খুব ব্যথা করে । এটি গলার ভিতরের দিকে হয়েছে তাই হাত দিয়ে কিছু বুঝতে পারছি না ।,symptoms
ডাক্তার ভাইকে প্রশ্ন করার জন্য ধন্যবাদ । আর এক সপ্তাহ পরে আল্ট্রাসনোগ্রাম করুন । ধন্যবাদ,doctor
ডাক্তার ভাই কে প্রশ্ন করার জন্য ধন্যবাদ । ব্যায়াম করবেন । একটা আলট্রা পেটের করবেন । ধন্যবাদ ।,doctor
amr ma goro 20 tarikhe akta mailed brain strock korche . . unar bam pash pura obosh hoye gache . . now unar sorir a chulkani snd betha onk basi hoya gache . . . ja kono osudh a e jacche na . . . now ki korbo . . ?,symptoms
"আপনাকে ধন্যবাদ প্রশ্ন করার জন্য । ফালতু চিন্তাকে মনে স্থান না দিয়ে দরকারি কাজের চিন্তা করতে পারেন । কাজে ব্যস্ত থাকলে ফালতু চিন্তা কম মনে আসবে , ধর্মীয় অনুশাসনে মনোযগী হতে পারেন , মেডিটেশন করতে পারেন , সমস্যা গুরুতর হলে একজন মনোরোগ বিশেষজ্ঞের সহায়তা নিন । ধন্যবাদ ।",doctor
"My heart pulse rate shows always above 95 in resting Period and around 130 or above 120 in the pulse oxymeter after walking through stairs . i Have E . C . G Report which also shows average pulse rate above 95 , but overall the report is normal . Doctor has suggest me to take indever 10 mg twice daily for 2 months , I am taking the medicine but pulse rate is showing same . what should i do now ?",symptoms
I am having tonsils and as something struck inside my throat . I am having no other symptoms . pls advise what medicine to take .,symptoms
আপনাকে ধন্যবাদ প্রশ্ন করার জন্য । আপনি অবশ্যই একজন গাইনী ডাক্তারের পরামর্শ নিন । প্রথম ৩ মাস খবই গুরুত্বপূর্ণ । ধন্যবাদ,doctor
"ডাক্তার ভাই কে প্রশ্ন করার জন্য ধন্যবাদ । চর্ম ডাক্তার এর পরামর্শ নিতে হবে । Tab Xyril 10 mg 1 + 0 + 0 , 5 days , ধন্যবাদ ।",medicine
স্যার হঠাৎ করে রাত থেকে কিছুক্ষণ পর পর পুরো শরীরে ঝিন ঝিন করিতেছে এবং প্রচুর পরিমাণে ঘামিতেছি তখন মনে হচ্ছে এই বুঝি মারা গেলাম এখন কি করতে পারি,symptoms
জ্বর হয়ছিল তারপর থেকে মাজার পিছনে ব্যথা,fever
ডাক্তার ভাই কে প্রশ্ন করার জন্য ধন্যবাদ । আপনি rheumatologist এর শরণাপন্ন হন ।,doctor
"Thank you for question . You baby is taking home made food and breast milk , which is ok for her age . strat weaning ( stop of breas feeding ) at the age of 2 years . Give 3 new food weekly to her . If she gets adequate amount breast milk then she need no artificial milk . if not , then she may take artificial milk . please consult with a paeditrician before giving any articial milk . Thank you",doctor
Thank you for your question If the diarrhea started yesterday then wait for today if the condition improves or not . If condition deteriorates then injection antibiotic may require . Eat jau rice and kacha kola vorta . You may required to admit into hospital according to health condition . Thank you,symptoms
"Thanks for asking Daktar bhai . For fever you can take tab . Napa extend - 3 times daily , for 3 days . For runny nose you can take fixer 120 for 2 - 3 times , daily for 3 to 5 days . After 48 hours , after taking these drugs , if your fever and runny nose will recover completely , and if you will not develop any other symptom or physical discomfort , then may be you can go to office . Thanks",medicine
"আমার মেয়ের বয়স ছয় বছর , ওর মাথায় কয়েক জায়গায হঠাৎ করে় চুল উঠে টাকের মত হয়ে গেছে , আগে একবার এমন হয়েছিল তখন পেঁয়াজের রস দিয়ে ঐ জায়গায় নতুন চুল গজায় , এখন আবার হয়েছে মাথায়ই অন্য জায়গায় , এই অবস্থায় কি করা যায় জানালে খুব উপকৃত হব ।",symptoms
ডাক্তার ভাইতে প্রশ্ন করার জন্যে আপনাকে ধন্যবাদ । আসলে ধরন না বুঝে ছোট মানুষের চিকিৎসা দেয়া উচিৎ ন । দয়া করে একজন শিশু বিশেষজ্ঞ চিকিৎসক এর কাছে নিয়ে গিয়ে পরামর্শ নিন ।,doctor
ধন্যবাদ আপনাকে প্রশ্ন করার জন্য । আপনি চোখের পাওয়ার পরীক্ষা করেন । ধন্যবাদ,doctor
Thank you for your question Yes you can . consult with your gynaecologist and act accordingly Thank you,doctor
ডাক্তার ভাইতে প্রশ্ন করার জন্যে আপনাকে ধন্যবাদ । আপনি Tab - zimax 500 mg 1 + 0 + 0 ৫ দিন । tab - fexo 120 mg 0 + 0 + 1 ৭ দিন tab - napa extra জ্বর থাকলে ১ + ১ + ১ ভরা পেটে প্রয়োজন মত খাবেন । cap - maxpro 20 mg 1 + 0 + 1 ৭ দিন খাবেন ।,fever
"আপনাকে ধন্যবাদ প্রশ্ন করার জন্য । আপনার রক্তে চর্বির পরিমান বেশি । আপনি ভাত , চর্বি জাতীয় খাবার , মাংস কম খাবেন । নিয়মিত ব্যায়াম করুন । প্রতিদিন আধা ঘন্টা জোর কদমে হাটুন । আপনাকে চর্বি কমানোর ঔষধ খেতে হবে । আপনি একজন মেডিসিন ডাক্তার কে দেখিয়ে ঔষধ শুরু করুন । ধন্যবাদ ।",nutrition
ডাক্তার ভাই কে প্রশ্ন করার জন্য ধন্যবাদ Rx Tan Motigut 10 1 + 1 + 1 before meal syp Abicon 3 TSF 8 hourly after meal Tab Othera 20mg 1 + 0 + 1 খাওয়ার আগে ( 1 Month ) এই ঔষধ খান আপনি একজন Nutritionist চিকিৎসকের পরামর্শ নিতে পারেন ধন্যবাদ ।,medicine
Thanks for your question . You have to do an Ultrasound to know this . For more information consult with a gynaecologist . Thanks,doctor
"Thank you for your question to Daktar bhai . Actually if you go out once a day for 15 min , you donot need any vit d capsule . Please advice your family member to go downstair and in the roof if weather is good . That should be fine . Thanks .",medicine
"গ্রাহক ডাক্তার ভাইকে প্রশ্ন করার জন্য আপনাকে ধন্যবাদ । আপনি নিম্নলিখিত ঔষধ সেবন করতে পারেন - - - Tab . Alben - DS 400mg 0 + 0 + ১ আবার , ৭ দিন পর ০ + ০ + ১ মোট ২ টি ট্যাবলেট সেবন করবেন ।",medicine
My pregnancy week is 33 . I have rare sleep at night what can i do now ? A lot of Allergy i faced my whole body . I have liquid white discharge all day long how i prevent it ?,symptoms
"Rx , Tab Anset 4mg 1 + 1 + 1 - খাবার আগে - ৩ দিন Dr < NAME > Mbbs",nutrition
১ মাসের বাচ্চার ঠান্ডা কাশি হলে কি করনীয় ।,fever
"আসসালামু আলাইকুম আমার রাতে ঘুম হয় না , , , রাত তিন চার টা বাজে তবুও জেগেই থাকি , , , অনেক চেষ্টা করেও ঘুমাতে পারি না , , ঘুম না আসার কারণে এমনি এমনি বিছানায় শুয়েও থাকতে বিরক্ত লাগে , , আবার সকাল ১০ টার দিকে ঘুম ভাঙ্গে , , আর সারা দিন ঘুৃম হয় না , , মেরুদণ্ড খুব ব্যাথা করে , , ঘাড় ও প্রচন্ড ব্যাথা , , , সলুশন কি ? ?",symptoms
"ডান পাসে রানের মাঝে ব্যথা করে মানে ২রানের মাঝের বস্তুর শুরুতেই কেবল , ওখান এ ,",symptoms
"omedon 10 mg , rabe 20 mg খাওয়ার আগে খাবো না না পড়ে খাবো আর কয় বেলা করে খাবো , প্রেস্ক্রিপশন টা হারাই ফেলছি মনে নাই ।",medicine
"আপনাকে ধন্যবাদ প্রশ্ন করার জন্য । আপনার সমস্যাটি জটিল , আপনাকে না দেখে বোঝা যাচ্ছে না । প্রাথমিক চিকিৎসা তে এই সমস্যা যাবে না । আপনি একজন মেডিসিন বিশেষজ্ঞ কে দেখান । ধন্যবাদ ।",doctor
আপনাকে ধন্যবাদ প্রশ্ন করার জন্য । আপনি একজন সার্জারি ডাক্তারের পরামর্শ নি । । বিষ ফোড়া কে পুজ বের করে এন্টিবায়োটিক খেতে হবে । ধন্যবাদ,doctor
"amr baby 4 . 5 months , 2 - 3 days hosse baby breastfeed korse na , only night time jokhon ghumai tokhon olopo khai , feeder e biomilk try koreo khasse na , Paed Doctor dekhale bole baby all right ase bz weight , Hight etc okay , Kintu keno khasse na bujhte parse na , Medicine - Tynisiol , Flacol & Moxacil Drop Dise , ata ki major problem , akhon ami ki korbo , father hishabe onek kharap lagsee , pls help me sir",symptoms
ধন্যবাদ আপনাকে প্রশ্ন করার জন্য । আপনার রোগটির চিকিৎসার জন্য আরও বিস্তারিত তথ্য জানা দরকার । আপনি ডাক্তারভাই এপ্লিকেশন থেকে ' Video Call To A Doctor ' সার্ভিসটি ব্যবহার করে একজন শিশু বিশেষজ্ঞ ডাক্তারের এপয়েন্টমেন্ট নিয়ে ভিডিও কল এ কথা বলতে পারেন এবং আপনার রিপোর্ট র ছবি তুলে ডাক্তার কে পাঠাতে পারবেন । ডাক্তারএর লেখা প্রেস্ক্রিপশন আপনি আপনার এপ্লিকেশন এ পেয়ে যাবেন । আরও বিস্তারিত জানতে < NUMBER > তে কল করুন । ধন্যবাদ ।,doctor
"My arm muscle is not improving , what I can consume to developed it ?",symptoms
"Thank you for asking question to Daktar Bhai . please take healthy foods , plenty of vegetables , fruits and water . Consult with a Skin and VD specialist for further advice . Thank you .",doctor
Thanks for questioning to daktervai . Tab Tramal 50mg 1 + 0 + 1 for 2 day,medicine
ডাক্তার ভাইকে প্রশ্ন করার জন্য ধন্যবাদ । সহজপাচ্য খাবার খান । পেটের একটি আল্ট্রাসনোগ্রাম করিয়ে রিপোর্ট একজন মেডিসিন বিশেষজ্ঞ কে দেখিয়ে পরিপূর্ণ চিকিৎসা গ্রহণ করুন । ধন্যবাদ,nutrition
আমার মিসেছ এর দুই ঠোটের ভিতরে ঘা । খাবার খেলে জাল লাগে । বয়স ২৬ . ওজন ৬৭ কেজি ।,nutrition
"Thanks for your question to daktar Bhai . Please visit a skin doctor and take Tab xyril 10 mg , 1 + 0 + 0 for 5 days . Thanks",medicine
আমার বা মাড়ির দ্বিতীয় দাঁতে পাঁচদিন হলো হঠাৎ ব্যাথা । পরে লক্ষ করলাম সেই দাঁতের মাংস ফুলে হালকা পুজ হয়েছে দাঁতের মাঝে কালো কিছু একটা দেখতে পাচ্ছি । খাবার খেতে অনেক কষ্ট হচ্ছে । ব্যাথা কমানোর জন্য Tory 90 মেডিসিন নিয়েছি । সাথে লবণ পানি দিয়ে কুলি করছি but কিছুতেই কিছু হচ্ছেনা । সুতরাং ' আমি এখন কি করবো ? ?,nutrition
আপনাকে ধন্যবাদ প্রশ্ন করার জন্য । আপনি সাধারণ রোগীদের মত নন । ক্ষতস্থান না শুকালে আপনাকে অবশ্যই আপনার ডাক্তারের পরামর্শ নিতে হবে । রেডিয়েশনের সাথে অনেক কিছু জড়িত যা আপাতদৃষ্টিতে আপনি নাও বুঝতে পারেন । দ্রুত আপনার ডাক্তার কে দেখিয়ে নিন । ধন্যবাদ ।,doctor
"৩ দিন সামা্য জ্বর ছিলো এখন নাই , নাকের গন্ধ পাইনা দুদিন , তবে একটা কথা বলা হয়নি , আমি নাকের সাইনোসাইটিস এর সমস্যার জন্যগত দুই মাস ধরে প্রায়ই , আদা লং দারচিনি ভিনগার মধু মিশিয়ে পানি গরম করে নিশ্বাস নিতাম দিনে ১ বা দুবার , মেনথল ও দিতাম , গরগর ও করতাম , বা এটা দিয়ে চাও খেতাম , এ কারনে কোন সমস্য হতে পারেকি , মুখের সাদ ও কমে গেছে , তাই পরামর্শ চাই",fever
প্রশ্ন করার জন্য ধন্যবাদ । আপনি করোনা টেস্ট করান এবং সরাসরিভাবে ডাক্তারের সাথে কথা বলে পরামর্শ নিন । ধন্যবাদ ।,fever
আমর মেয়ে বাচ্চার বয়স ১ মাস ১৮ দিন । গত ২৪ ঘন্টা যাবত পায়খানা করতেছে না । অথচ এর আগে প্রতিদিন কমপক্ষে ৫ - ৭ বার পায়খানা করতো । মূল্যবান পরামর্শ চাই . . .,symptoms
ডাক্তার ভাইকে প্রশ্ন করার জন্য ধন্যবাদ । please take Tab . Calbo D 0 + 1 + 0 1month .,medicine
ডাক্তার ভাই কে প্রশ্ন করার জন্য ধন্যবাদ । unix / Arotix cream আক্রান্ত স্হানে দিনে ২ বার লাগাবেন ।,medicine
ডাক্তার ভাইতে প্রশ্ন করার জন্য আপনাকে ধন্যবাদ । আপনি Tab - norium 10 mg 0 + 0 + 1 ৭ দিন খাবেন । tab - Filwel silver 0 + 1 + 0 ১ মাস খাবেন ।,medicine
"X ray elbow joint AP and Lateral view পরীক্ষা করে , যোগাযোগ করবেন Dr < NAME > Mbbs",doctor
আপনাকে ধন্যবাদ প্রশ্ন করার জন্য । আপনি ইসুপগুলের ভুষি খান । সিরাপ ম্যাগফিন দুই চামচ রাতে খেতে পারেন । গ্লিসারিন সাপজিটরি পায়খানার রাস্তায় দুইটা দিতে পারেন । ধন্যবাদ ।,medicine
স্যার আমার কাল থেকে আমার পেটের উপরের অংশ টা শক্ত আর ফুলে আছে খুব ব্যাথা আর গ্যাস করছে আমার বয়স ৪৭,symptoms
ডাক্তার ভাই এর সাথে থাকার জন্য আপনাকে ধন্যবাদ । জরুরি ভিত্তিতে একজন সার্জারি বিশেষজ্ঞ এর পরামর্শ গ্রহণ করুন । আক্রান্ত স্থান দেখে পরীক্ষা করা প্রয়োজন আছে । Dr < NAME > Mbbs,emergency
আসসালামুআলাইকুম । । আমার মুখে কিছুদিন পর পর ঘা দেখা দেয় । এর আগেও অনেকবার ঘা হয়েছিল । রিবোসিনা ওষুধ খাওয়াতে তা ভাল হয়ে গিয়েছিল । কিন্তু এবার ভাল হচ্ছে না । এখন কি করার ? ? ? দয়া করে বলবেনঃ এ ঘা কোন ভিটামিনের অভাবে হয় এবং কি করলে এ ঘা আর হবে না । কোন ওষুধ খেলে এ থেকে মুক্তি পাওয়া যাবে । ধন্যবাদ । । । । ।,nutrition
"ধন্যবাদ , আমার ব্যাথা কোমরে / মাজাই , , , skelofin ব্যাথার ওষধ খাইছি ।",symptoms
"আমার আম্মুর বয়স ৫২ । আম্মুর কখনই এলার্জি সমস্যা ছিল না । কিন্তু কভিড ভ্যাক্সিন দেয়ার পর থেকে গত ১ বছরের বেশী ধরে ভীষণ এলার্জি সমস্যা হচ্ছে । হাত পা চুল্কায় ফুলে যায় , লাল হয়ে যায় । । মুখ জ্বালা পোড়া করে । । । উপজেলা স্বাস্থ্য কমপ্লেক্সে এ দেখানোর পর তারা "" এলসেট "" ঔষধ টি ১ সপ্তাহ খেলে ঠিক হবে বলে জানান । । কিন্তু সেতা ঠিক হয়নি । । । আমার আম্মুর এখন প্রতিদিন এই এলসেট খাওয়া লাগছে নাহয় এলার্জি হচ্ছে । । । এই ক্ষেত্রে করনীয় কি ? উল্লেখ আমার আম্মুর কভিড এর ৩ টি ডোস এই দেয়া হয়েছে । ।",symptoms
ডাক্তারভাইকে প্রশ্ন করার জন্য ধন্যবাদ । 1 ) Mederma cream - - - apply on the affected area 3 times daily for 1 month . সাধারণত Chicken pox scar marks সম্পূর্ণ ভাবে উঠে যেতে সময় লাগবে । নিয়মিত cream ব্যবহার করুন । প্রয়োজনে সশরীরে Dermatologist Doctor দেখিয়ে পরীমর্শ নিন । ধন্যবাদ ।,medicine
ডাক্তারভাইকে প্রশ্ন করার জন্য ধন্যবাদ । জ্বী ব্যথার জন্য Tab Renova XR 665mg ভরা পেটে খেতে পারবেন । তবে অবশ্যই General Surgeon ডাক্তারের পরামর্শ নিবেন এবং USG of whole abdomen and KUB region পরীক্ষা করিয়ে নিবেন । এতে বোঝা যাবে কি সমস্যা হচ্ছে । ধন্যবাদ ।,medicine
আমার জিহ্বার গোঁড়ার মধ্যে ছোট ছোট গোটার মত দেখা যায় । ডাক্তার বলেছিল এলার্জির কারনে এমন হয়েছে । কিন্তু একমাস ওষুধ খাওয়ার পরও কোনো পরিবর্তন দেখছি না । পরামর্শ চাচ্ছি ।,symptoms
"আমার ছেলে বাবু । বয়স ৩ বছর , আজ সকালে হাতের আঙ্গুলের পিছনে কুকুরের পায়ের সামান্য আচঁর লেগেছে । রক্ত বের হয়নি । কি করা যায় ? পরামর্শ চাই । প্লিজ",symptoms
ডাক্তার ভাইতে প্রশ্ন করার জন্যে আপনাকে ধন্যবাদ । tab - omidon 10 mg 11 + 1 খাবার আগে । tab - filwel gold 0 + 1 + 0 ২ মাস খাবেন । এভাবে খাবেন ।,nutrition
"ডাক্তার ভাইকে প্রশ্ন করার জন্য ধন্যবাদ । ব্যথা বেশি হলে Syrup Napa , ২ চামচ খাওয়াতে পারেন । এছাড়া বেশি করে পানি খাওয়ান , যাতে প্রস্রাব করার সময় ব্যাথা কম হয় । ফোলা , লাল বেশি হলে অবশ্যই একজন শিশু বিশেষজ্ঞের কাছে সরাসরি দেখাতে নিয়ে যান । ধন্যবাদ",symptoms
"ডাক্তারভাইকে প্রশ্ন করার জন্য ধন্যবাদ । প্রাথমিক ভাবে , Tab Amodis 200mg 1 + 1 + 1 after meal for 3 days খেতে পারেন । ব্যথার জন্য Tab Algin 50mg 1 + 1 + 1 after meal for 3 days । প্রচুর পানি , ডাবের পানি এবং প্রত্যেক বার পায়খানার পর ORS saline পান করুন । যেহেতু রক্তক্ষরণ হচ্ছে , অতি দ্রুত Colorectal Surgeon Doctor এর পরামর্শ নিন । ধন্যবাদ ।",emergency
Syp . Fenadin - - Half Tsf twice daily for five days . If not improved then consultations from pediatrician will be required . Thanks .,medicine
tablet shukhi khasse amar wife aita ki proti mas khawa lagbe naki 1 theke 2 mas gave diye khawa valo . . . janaben . . . amar wife ar age 29 bosor . . . regular khasse but gave diye khawa balo hobe naki regular khete hobe,medicine
"আপনাকে ধন্যবাদ প্রশ্ন করার জন্য । আদা , মধু , গরম পানি খাওয়ান । কন্টিন ২০০ মিলিগ্রাম সকালে ও রাতে একটা করে খাওয়ান । সিরাপ ইসোনিক্স ২০ মিলিগ্রাম সকালে ও রাতে একটা করে , ট্যাবলেট ওমিডন ১০ মিলিগ্রাম সকালে ও রাতে একটা করে খাবার আগে খান । ট্যাবলেট মোনাস১০ মিলিগ্রাম রাতে একটা করে খাওয়ান । ধন্যবাদ ।",nutrition
"আপনাকে ধন্যবাদ প্রশ্ন করার জন্য । সুস্থ বাচ্চার উচ্চতা ও ওজনের একটি চার্ট আছে যা দিয়ে ধারনা করা যায় যে বাচ্চার উচ্চতা ঠিক আছে কিনা । অনেক বাচ্চা দেড়িতে বাড়ে । বংশ , মা বাবার উচ্চতার উপরেও বাচ্চার উচ্চতা নির্ভর করে । যদি বেশি কম মনে হয় তাহলে একজন শিশু ডাক্তার দেখান । Growth Hormone কম হলে এটা হতে পারে । বাচ্চাকে পুষ্টি কর খাবার খাওয়ান । বাচ্চাকে একটিভ রাখুন । ভিটামিন খাওয়াতে পারেন । ধন্যবাদ",nutrition
Knee Joint এ Osteoarthritis এর ব্যথা কমানোর জন্য কি করা যেতে পারে ?,symptoms
আপনাকে ধন্যবাদ প্রশ্ন করার জন্য । আপনি চোখের ডাক্তার দেখান । ধন্যবাদ,doctor
"আসসালামু আলাইকুম , গত পরশু দিন রাতে বাইরে দোকানে যাওয়ার পর বৃস্টির পানি মাথায় লাগার পর থেকে ই মাথা ভার হয়ে যায় তারপর মানে সেই রাত থেকে ই অনেক জর আসে । জর মেডিসিন নিলে মাঝে মাঝে থাকে না আবার পরে অনেক জর আসে । ১০২° ফারেনহাইট জর থাকে Napa Extend 665mg 1 + 1 + 1 ( 7din ) Rozith 500mg 0 + 0 + 1 ( 5din ) xine B 1 + 0 + 1 ( 1mas ) pantonix 20mg 1 + 0 + 1 ( 15din ) এই ওসুধ গুলা এক ভাই খেতে বলেছেন এখন এগুলো খাওয়া ঠিক হবে কিনা ? আর নাহলে এখন কি করবো কোন মেডিসিন নিব ? আমাকে দয়া করে জানাবেন",symptoms
আমার বয়স ২৮ বছর গত ২ / ৩ দিন হলো সকালে নক দিয়ে দাত পরিষ্কার করতে গিয়ে ঠোটের ভিতর পাশে ছুলে গেছে সেখানে খুব ব্যথা করছে ঘা সারছে না আমি কি করতে পারি ?,symptoms
ডাক্তার ভাই এর সাথে থাকার জন্য আপনাকে ধন্যবাদ । স্বাভাবিক সময়ের সকালের ইন্সুলিন এর ডোজ রমজান মাসে ইফতারির সময় গ্রহণ করতে হয় । এবং স্বাভাবিক সময়ের রাতের ইন্সুলিন এর ডোজ রমজান মাসে সেহরির সময় নিতে হয় ( অর্ধেক ডোজ এ ) দুপুরে ইন্সুলিন রমজান মাসে গ্রহণ করা যাবে না । Dr < NAME > Mbbs ( du ),medicine
আপনাকে ধন্যবাদ প্রশ্ন করার জন্য । না জ্বর না থাকলে আপনার স্ত্রী কে নাপা খাওয়ানোর প্রয়োজন নাই । আপনার ছেলের প্রস্রাব বিকজিনের কারনে হলুদ হতে অয়ারে । বন্ধ করে দেখুন হলুদ হওয়া বন্ধ হয় কিনা । না হলে মেডিসিন বিশেষজ্ঞ দেখাতে হবে । ধন্যবাদ ।,fever
"সালাম নিবেন । । আমার শাশুড়ির বয়স ৪৭ বছর । গত ৫ / ৬ মাস যাবৎ তার লো - প্রেশার জনিত সমস্যা । মাথা ঘুরা , Weak লাগে । বেশিরভাগ ক্ষেত্রে ৯০ / ৫০ , ১০০ / ৬০ , ৮০ / ৫০ এর মধ্যেই থাকে । ঘুম স্বাভাবিক , খাবার ঠিকমত খায় , পুষ্টিকর খাবারও খায় । কিন্তু তার প্রেশার স্বাভাবিক হয়না । ইসিজি করে তার তেমন সমস্যা নেই । সম্প্রতি তার ডায়াবেটিস ধরা পড়েছে । মান ৫ - ৬ ( F ) , ২ ঘন্টা পরে ১২ - ১৩ ( AM ) । উপযুক্ত কারণ ও সঠিক পরামর্শ Medicine প্রত্যাশা করছি ।",nutrition
"কাশির জন্য স্কয়ারের এডোভাস সিরাপ খেতাম , কাশি কমেনি । অন্য কোন উপসর্গ নাই ।",fever
আমি জ্বরে ৪ থেকে ৫ দিন হাঁটাহাঁটি করি না আজকে একটু রিল্যাক্স লাগছে এখন হাঁটাহাঁটি করা ভালো হবে নাকি শুয়ে থাকলে ভালো হবে ? plz বলেন একটু,fever
"আস্ সালামুআলাইকুম , স্যার আমি বিবাহ করেছি একমাস গত হল , আমরা যদি সন্তান নিতে চাই , তাহলে এই পরিস্তিতিতে আমাদের করণীয় ও কোন ঔষধ তথা ভিটামিন লাগবে কিনা ?",nutrition
"আমার ছেলের বয়স 7 এবং মেয়ের বয়স 10 ওদের দুজনেরই দাতে সমস্যা আছে । ঢাকা ডেন্টাল হাসপাতাল ফিলিং করানো হয়েছে কিন্তু থাকেনি ফিলিংয়ের স্থানটিতে গর্ত হয়ে রয়েছে এবং মাড়ি ফুলে গেছে পরামর্শ হল কি করতে পারি মিরপুরে কোন শিশু ডাক্তার ভালো হবে । ভালো ডেন্টিস্ট বাচ্চাদের কাজ করে । এরকম ডাক্তার দেখাতে চাই কি করতে পারি পরামর্শ চাই । বাচ্চারা কিন্তু নিয়মিত ব্রাশ করছে , বাজে বাজে খাবার খেতে গেলে প্রচন্ড ব্যথা করে এবং ব্যথার স্থানে খাবার জমে যায় এবং প্রচন্ড ব্যথা করে পরের খেতে চায় না ।",nutrition
"Tab . Napa Extend 665mg 1 + 1 + 1 3days , Tab . Fexo 120mg 1 + 0 + 1 5days . চোখে হাত দিবেন না । চুলকাবেন না , কচলাবেন না । সানগ্লাস ব্যবহার করুন । প্রয়োজনে চক্ষু বিশেষজ্ঞ ডাক্তার এর পরামর্শ নিন । ধন্যবাদ ।",medicine
ধন্যবাদ আপনাকে প্রশ্নের জন্য । গরম সেক দিন ৷ নাপা খান ৷ মুভ মালিশ করতে পারেন । ধন্যবাদ,medicine
ধন্যবাদ আপনাকে প্রশ্নের জন্য । alatrol খান,medicine
আসসালামু আলাইকুম । আমার স্ত্রীর বয়স ৩৫ বছর । গত প্রায় ১ সপ্তাহ যাবৎ ওরযোনি পথে এবং উপরে চুলকানি হচ্ছে । মাঝে মাঝে ভাঙা ভাঙা সাদা কিছু আসছে । অন্য কোন স্বাস্থ্যগত সমস্যা নাই । চুলাকানি কমাতে এবং সমস্যা সমাধানে অনুগ্রহ করে একটা পরামর্শ দিবেন ।,symptoms
"< NAME > , 45 , Male from Dhaka , is tested Positive at Brac Booth Antigen Test Center for COVID19 on 2022 - 01 - 12 ( yyyy - mm - dd ) , sample received on 2022 - 01 - 12T10 : 30 . Please contact < NUMBER > for further advice if needed . - Directorate General of Health Services বর্তমানে Home isolation এ আছি । এখন হালকা শুকনা কাঁশি , সর্দি ছাড়া অন্য কোন সমস্যা নেই । আমি ডায়াবেটিস রোগী । এ অবস্থায় আপনাদের পরামর্শ চাচ্ছি । আমি একজন ব্র্যাক কর্মী ।",fever
ডাক্তার ভাই কে প্রশ্ন করার জন্য ধন্যবাদ । গাইনি বিশেষজ্ঞ র পরামর্শ নিন । ধন্যবাদ ।,doctor
আপনাকে ধন্যবাদ প্রশ্ন করার জন্য । আপনার ফাংগাল ইনফেকশন হয়েছে মনে হচ্ছে । আপনি জায়গা টি পরিষ্কার রাখুন । একজন চর্ম রোগ বিশেষজ্ঞ কে দেখিয়ে নিন । আপনার এন্টি ফাংগাল ক্রিম লাগাতে হতে পারে । ধন্যবাদ ।,symptoms
ডাক্তার ভাইকে প্রশ্ন করার জন্য ধন্যবাদ । Tab Monas 10 . 0 + 0 + 1 . 7 days . এছাড়া গরম পানিতে গারগল করুন দিনে চার থেকে পাঁচবার । ধন্যবাদ,medicine
আপনাকে ধন্যবাদ প্রশ্ন করার জন্য । আপনি সমস্যাটি একজন নাক কান গলা বিশেষজ্ঞকে দেখিয়ে এর চিকিৎসা নিন । ধন্যবাদ ।,doctor
"২৬ + সপ্তাহ বাচ্চা জন্মগ্রহণ করছে , বাচ্চা আইসিইউতে রয়েছে , এই মুহুর্তে বাচ্চা কতটুকু ভালো থাকার সম্ভাবনা আছে ? ? কি করনীয় ? বাচ্চার নাড়াচাড়া আছে এবং কান্না ও করে মাঝে মাঝে তাহলে ?",emergency
Thanks for questioning Daktarbhai . Please take Tab . Rivotril 0 . 5 mg daily 1 hr before sleep for 15 days . . It will help u . . If not then again contact with us . . Thank u .,medicine
ডাক্তার ভাই কে প্রশ্ন করার জন্য ধন্যবাদ । বেথা কি পাইছিল ? ভরা পেটে একটা নাপা ট্যাব খাওয়ান । দেখেন কি হয় ? না কমলে একজন মহিলা সার্জারি ডাক্তার দেখাতে হবে । ধন্যবাদ ।,symptoms
"ধন্যবাদ আপনাকে প্রশ্ন করার জন্য । আপনি গরম পানি লবণ দিয়ে গড়গড়া করুন । আদা চা , মধু খান । গরম পানি খাবেন একটু পর পর । মোনাস খান দুই বেলা করে ৭ দিন । ধন্যবাদ",medicine
"আপনাকে ধন্যবাদ প্রশ্ন করার জন্য । হার্ট ডিজিজের লক্ষনের মধ্যে বুকে ব্যাথা , শ্বাস কষ্ট , মাথা ঘুড়ানো , প্রেশার বেড়ে যাওয়া , বুক ধড়ফড় ইত্যাদি অন্যতম । এই রোগ থেকে হার্ট অ্যাটাক , স্ট্রোক , বুক ধড়ফড় ইত্যাদি রোভ হতে পারে । ধন্যবাদ",emergency
majay majay gura cremee molder kasay galay sepeially mistee jateyoo kisu khalay basee and ratay advise chai,symptoms
আপনি ইনফেকশাস ডিজিজ হাস্পাতালের মহাখালীতে যোগাযোগ করুন । ৭২ ঘন্টার মধ্যে আগাম টিকা নিয়ে নেয়াই শ্রেয় । ধন্যবাদ ।,symptoms
"ডাক্তার ভাইকে প্রশ্ন করার জন্য ধন্যবাদ । Tab Filmet 400 , ৩ বেলা , ৫ দিন খেতে পারেন । প্রতিবার নরম পায়খানা করার পর ওরস্যালাইন খাবেন । সহজপাচ্য খাবার খাবেন । ধন্যবাদ",nutrition
আমার মেয়ের বয়স ৪ মাস ১৫ দিন । গত ২ দিন ধরে সর্দিজ্বর আর কাশি । নাপা সিরাপ আর এমব্রক্স সিরাপ খাওয়াইতেছি । নাক দিয়ে সর্দি পড়তেছে আর মুখ দিয়ে হালকা কফ বের হইতেছে । আর প্রায় সময় কাশি দিতেছে । ঠিকভাবে ঘুমাতে পারতেছেনা । আর নিঃশাস নেয়ার সময় সাইসুই শব্দ হইতেছে । এমতবস্থায় কি করতে পারি । খুবই জরুরি বিষয়টা ।,emergency
"ডাক্তার ভাই কে প্রশ্ন করার জন্য ধন্যবাদ । আপনার ডায়াবেটিকস আছে কি না তা উল্লেখ করেননি , আপাতত Tab Neuro B প্রতিবেলা ১ টা করে খেতে পারেন এই সমস্যার জন্য কিছু পরীক্ষা ও সরাসরি রোগী দেখা প্রয়োজন আপনি সরাসরি একজন Orthopaedic specialist এর পরামর্শ নিন ধন্যবাদ",symptoms
"আসসালামু আলাইকুম , আমার গত দুই দিন জ্বর ( খুব অতিরিক্ত জ্বর না ) ও সর্দি , হালকা শুকনো কাশি , কোন কিছু খাইলে মুখে তিতা তিতা লাগছে , এই মুহুর্তে আমি মেডিসিন খাচ্ছি , নাপা দিনে দুই করে কিন্ত জ্বর ও শুকনো কাশি যাচ্ছে না । ওজন ঃ ৭০কেজি । এই মুহুর্তে আপনার মরামর্শ চাই । ইতি < NAME >",fever
Thank you for your question . Tab . Histacin 4mg 0 + 0 + 1 . . . . for 5 days . Thank you .,medicine
Thank you for your question . Consult with a orthopedic surgeon with your x ray of ankle joint . Avoid heavy load in you ankle joint . Thank you .,doctor
আমার লিঙ্গে গুটি গুটি কিছু একটা হয়ছে ফলে রাতে অনেক চুলকায় এবং সেটা সারা শরীরেও হয়ছে । তাছাড়া আঙ্গুলের ফাকে ও হয়ছে এখন করনীয় কি ?,nutrition
ডাক্তার ভাই কে প্রশ্ন করার জন্য ধন্যবাদ । usg scrotum করেন । একজন সার্জারি ডাক্তার দেখান । ধন্যবাদ ।,doctor
# Age is 22 . # In first trimester of pregnancy ( around 1 month ) . # The problem is dry cold coughing . # Any suggestions ?,symptoms
"edysta 2 . 5 mg eta kiser osudh ? ? ? ? & ki kaj kore , , ,",medicine
Thank you for your question . You must do screening test for cancer and remain under follow up . Please contact with hospital for evaluation and do the tests . Take cap . Seclo20mg before meal 2times when acidity problem happens . Take tab . Omidon when nausea occurs . You can take usubhgula vushi for stool clearing . Please visit a medicine specialist for nafld and diabetes . Take your regular medicines for pressure and diabetes . If you feel stressed then talk with a psychiatrist . Thank yu,symptoms
আপনাকে ধন্যবাদ প্রশ্ন করার জন্য । বেসি বেসি মাসিক হলে রক্তসুন্নতা হতে পারে । আপনি জরুরি ভিত্তিতে একজন গাইনী বিসেসজ্ঞ র সাথে যোগাযোগ করুন । ধন্যবাদ ।,emergency
ডাক্তার ভাই কে প্রশ্ন করার জন্য ধন্যবাদ । Tab Fexo 180 mg 0 + 0 + 1 - ১৪ দিন খাবেন । । ধন্যবাদ । ।,medicine
kichudin dhore toenail pain hoche . dan payer briddha angul er ekside joltese + lal hoye gese . Local word e ' Kuni ' bole thaki ei betha ta k . eita fix korar jonno kilono liquid lagate hobe kina ba kono medicine khaite hobr kina . medicine or liquid use korte holeo ki medicine use korte hobe kindly suggestion chaitesi,symptoms
আপনাকে ধন্যবাদ প্রশ্ন করার জন্য । আপনি ব্যাথার জন্য প্যারাসিটামল একটা বা দুইটা খেতে পারেন । ঠান্ডা পানির সেক দিন । ভাল না হলে একজন অর্থপেডিক্স বিশেষজ্ঞ কে দেখাতে হবে । ধন্যবাদ ।,medicine
"আপনাকে ধন্যবাদ প্রশ্ন করার জন্য । আপনি এলাট্রল জাতীয় ঔষধ খেতে পারেন রাতে ১ টা করে । গরম পানির ভাপ নিন । আদা , মধু , গরম পানিতে মিশিয়ে খান । প্রয়োজনে একজন মেডিসিনের ডাক্তারকে দেখাতে পারেন । ধন্যবাদ",medicine
"ধন্যবাদ আপনার প্রশ্নের জন্য । এলারজি উদ্রেককারী খাবার , ধূলাবালি এড়িয়ে চলুন । পেডিয়ামিন সিরাপ দিন । ধন্যবাদ",nutrition
"ডাক্তার ভাইতে প্রশ্ন করার জন্যে আপনাকে ধন্যবাদ । blood c / s , cbc , widal test . এই পরীক্ষা গুলো করে একজন মেডিসিন বিশেষজ্ঞ চিকিৎসক কে দেখিয়ে নিবেন । তার আগ পর্যন্ত যে মেডিসিন চলছে এগুলো চলবে ।",doctor
"নমস্কার ! আমি প্রায় এক সপ্তাহ জ্বরে ভুগছিলাম , জ্বর কাশি ভালো হ‌ওয়ার পর সামনের নিচের সারির চারটি দাঁত শিরশির করে ও জ্বালা অনুভূতি হয় আজ প্রায় ৬দিন ! এই সমস্যার সমাধান কীভাবে পেতে পারি",fever
ধন্যবাদ আপনাকে প্রশ্ন করার জন্য । হ্যা দিতে হবে । রক্তক্ষরণ কতটুকু হল এটা জরুরি না । unimmunized বিড়ালের সামান্য লালা থেকেও রোগ হয় । ধন্যবাদ,emergency
Thank you for your question . Drink plenty of water . Do a USG of whole abdomen . You can take cap . Seclo 20 1 + 0 + 1 ( before meal ) 10days . Take less spicy food . Thank you,medicine
"Sir , Amr maar hutat kore 8 din dore bam hater geror niche onk betha . Hater oper dike betha thakle rock fole jai . Sir perasitamol 500 mg khease Kinto betha komeni . Ekn sir ki kurbo",symptoms
পাইলস থেকে সহজেই মুক্তি পেতে চাই লেজারের মাধ্যমে,symptoms
হাঁটুর নিচে কামড়ানো এবং মেরুদণ্ডের নিচের মাজায় জ্বালা যন্ত্রণা ।,symptoms
"ধন্যবাদ আপনার প্রশ্নের জন্য । এলারজি উদ্রেককারী খাবার , ধূলাবালি এড়িয়ে চলুন । ঠান্ডা লাগাবেন না । না দেখে সমাধান দেয়া যাচ্ছে না । সরাসরি চর্মরোগ বিশেষজ্ঞ দেখিয়ে পরামর্শ নিতে হবে ধন্যবাদ",nutrition
"ডাক্তারভাইকে প্রশ্ন করার জন্য ধন্যবাদ । আপনারা এখন যে ডাক্তারের prescription অনুযায়ী ঔষধ খাওয়চ্ছেন , ভালো হবে যদি উনার সাথেই আবার পরামর্শ করেন । উনি আপনার বাবার medical history শুরু থেকে জানেন ওই অনুযায়ী প্রয়োজন হলে ঔষধ পরিবর্তন করে দিবেন । সাধারণত স্ট্রোকের পর সব কিছু স্বাভাবিক হতে বেশ সময় লাগে । অনেক ক্ষেত্রে সম্পূর্ণ আগের মত স্বাভাবিক হয় ও না । ধৈর্য রাখুন । যদি একে বারেই কোন উন্নতি না হয় সে ক্ষেত্রে আপনারা অন্য Neurologist Specialist ডাক্তারের পরামর্শ নিতে পারেন । ধন্যবাদ ।",emergency
জ্বর 6 দিন এবং তাপমাত্রা 101° । মাথা ব্যাথাসহ কাশি । napa extend 665mg 1 + 1 + 1 চলছে । কমে আবার বাড়ে । বয়স 25 বছর ।,fever
"ডাক্তার ভাই এর সাথে থাকার জন্য আপনাকে ধন্যবা । কিছু জরুরি টেস্ট করা প্রয়োজন । পায়ের পানি কমানোর জন্য কিছু ঔষধ দিচ্ছি । Rx , Tab Frulac 20 : 1 + 1 + 0 - 10 days ( after meal ) Tab Sergel 20 ; 1 + 0 + 1 - 10 days ( before meal ) Tab Olmezest 20 : 0 + 0 + 1 - প্রেশার বেশি থাকলে Test : - Urine RME - Serum Creatinine - USG of KUB - RBS Advice : - পানি ১ - ১ . ৫ লি খাবেন বেশি না - মাছ - মাংস - ১ টুকরো - আলাদা লবণ খাবেন না Dr . < NAME > MBBS ( DU )",emergency
প্রশ্ন করার জন্য ধন্যবাদ । আলট্রাসনোতে গর্ভধারন জনিত কোন সমস্যা ধরা পড়েনি । তবে কেন এরকম রক্ত যাচ্ছে তা জানা প্রয়োজন তাই একজন ডাক্তারের সাথে সরাসরি দেখা করে পরামর্শ নিন । ধন্যবাদ ।,doctor
আমার বাম চোখের উপরের পাতা ফুলে গেছে । সাথে ব্যাথা আর চুলকানী আছে । দুই দিন থেকে এই সমস্যা হচ্ছে । আমি গত কাল ব্যাথার জন্য Avenac আর চুলাকানীর জন্য fexo ঔষধ খেয়েছিলাম । তারপর ব্যাথা আর চুলকানী কমলেও ফোলা কমেনী । এখন কি করা যেতে পারে ? বিঃদ্রঃ এখন লকডাউনের জন্য সারাদিন বাড়িতে থাকার ফলে সারাদিন মোবাইল আর ল্যাপটপ এ কাজ করা লাগে । ধন্যবাদ ।,nutrition
"আপনাকে ধন্যবাদ প্রশ্ন করার জন্য । চিকিৎসক এর পরামর্শ ছাড়া ঔষধ খাওয়া ঠিক নয় , একজন মেডিসিন বিশেষজ্ঞের সাথে যোগাযোগ করুন । ধন্যবাদ ।",doctor
"আমার বাবা বয়স 85 । বার্ধক্যজনিত সমস্যা 2বছর । সামান্য ডায়াবেটিস ও হাইবারনেশন আছে , ঔষধ খাচ্ছে । গত 12 দিন থেকে বাবার পায়খানা হচ্ছে না , antacid , glycerine suppository , dlac lactulose খেলেও উপকার হয় নি । জরুরি পরামর্শ চাই !",emergency
shondha hoile e amr ghar r matha batha kore khub . dine tamon bujte prina . bt shondha hole onk bsi .,symptoms
Dr . Amar paikhana sobsomai norom hoi r clear na . Ki korte pari bolben .,doctor
দাতের উপরিভাগের চামড়া ( অনেকে ভূসড়ো বলে ) কালো হয়ে গেলে করণীয় ? ? ?,symptoms
"সর্দির জন্য ৪ , ৫ দিন কোন ঔষধ খাওয়াইনাই ৷ আর বাচ্চারতো কোন জ্বর নাই । আমি বলেছি শুধু সর্দি আছে । আর কোন সমস্যা নাই ।",fever
আপনাকে ধন্যবাদ প্রশ্ন করার জন্য । আপনার হরমনের সমস্যা না থাকলে তা বংশগত হতে পারে । সেক্ষেত্রে মোছ দাঁড়ি ঘন হওয়ার সম্ভাবনা কম । আপনি একজন চর্মরোগ বিশেষজ্ঞ কে দেখাতে পারেন । ধন্যবাদ ।,doctor
"আমার বাচ্চার বয়স চার বছর , তার খাবারে কোন রুচি নেই । সে খাবার খেতে চাই না । তার শরীর খুব চিকন । বাচ্চার খাবারে রুচি এবং সাস্থ ভালো করার জন্য কি ঔষধ খাওয়াবো বা কি করবো ।",nutrition
"ডাক্তার ভাই কে প্রশ্ন করার জন্য ধন্যবাদ অতিরিক্ত লবন অত্যন্ত ক্ষতিকর , এর থেকে হৃদরোগ , উচ্চ রক্তচাপ সহ অনেক জটিল রোগ হতে পারে ধন্যবাদ",symptoms
"My mother is diabetic with hypertension . Age : 50 . Recently her creatinine level was elevated , 3 . 4 . We consulted a nephrologist recently . She has been taking oclazid in the morning and lijenta at night for diabetes as well as bislol and olmesan for hypertension . The nephrologist changed her oclazid and prescribed secrin 1 mg and glipita 50 mg in the morning . My question is should she continue taking lijenta also at night or skip lijenta as she is already taking secrin and glipita in the morning .",symptoms
"আমার স্ত্রীর বয়স 20 । উচ্চতা 5 ফুট 4 , ওজন 70 কেজি তার মুখের কিছুদিন যাবত লালচে বরণ । চর্মরোগ বিশেষজ্ঞের শরনাপন্ন হলে ডাক্তার সাহেব দৈনিক একটি এজিসিন 500 এমজি এবং ম্যাক্সপ্রো সকালে একটি রাত একটি সাতদিন খাওয়ার পরামর্শ দেন কিন্তু নিয়ম মত খাওয়ার পরও বরণ ভালো হচ্ছে না । তিনটি চারটি বর্ণ গালে থাকতেছে । এখন কি করব পরামর্শ চাই ডাক্তার সাহেব",symptoms
Thanks for your query to DaktarBhai . Ei nerve block issue needs furthur evaluation . Apni TAB PREGABA 25 morning ekta and Night time ekta kore nen for 1 week . Follow up with a NEUROLOGY CONSULTANT for furthur management . Thank you .,medicine
Amar baby 6 month . Halka khus khus kasey maje maje . 1months aage or sordi kashi hoicilo tokhon doctor ambolyt & Fenadin dicilo ekhon ami kon osudh ta dibo ? R bachcha der syrup osudh kholar por koto din porjonto oita khaoano jay ?,symptoms
ডাক্তার ভাই কে প্রশ্ন করার জন্য ধন্যবাদ । আপনি ভাস্কুলার সার্জন / চর্ম বিশেষজ্ঞের পরামর্শ নিন ।,doctor
"আমার আম্মার শরীর ব্যাথা . . . , শরীর দুর্বল ও লাগে . . খাবারে অরুচি . . এমন পরিস্থিতিতে তে কি করা যায় ?",nutrition
I want to know the name of ear wax removal drop .,medicine
আমার বয়স ২৪ বছর । আমি অন্তসত্তা । এইটা আমার প্রথম বেবি । ৬ মাস চলতেচে । গত ২ দিন যাবত আমার পায়খানা হচ্ছে না । প্রসাব কম হচ্ছে । আজকে দেখা যাচ্ছে পুরো শরীর ফুলে গেছে । আমি রোজা রাখিতেছি এখন আমি কি করব ? ? ?,symptoms
Thank you for your question Please consult with a pediatrician and act accordingly . Crying is normal . Find out if dress or position is uncomfortable or not . Give exclusive breastfeeding for 6month . Check stool and urine are normal . Check Belly is not distended . Thank you,doctor
Hello . is it possible to suffer from dengue without having symptoms like fever ? thank you,symptoms
ডাক্তার ভাইতে প্রশ্ন করার জন্যে আপনাকে ধন্যবাদ । এটা অনেকেরি হচ্ছে । Tab - Filwel Gold 0 + 1 + 0 ১ মাস খাবেন ।,medicine
ডাক্তার ভাই কে প্রশ্ন করার জন্য ধন্যবাদ । Pharmacy te elbow guard পাওয়া যায় । ভলি জেল মালিশ করুন দিনে ২ বার । গরম শেক দিতে পারেন । ধন্যবাদ ।,medicine
বাবুর খুব জ্বর ১০০ / ১০২ উঠা নামা করতেছে । বয়স ৭ + নাপা খায়ান হইছে । এখন ও এক ই অবস্তায় আছে ।,fever
আপনাকে ধন্যবাদ প্রশ্ন করার জন্য । পায়খানা র রাস্তা পরিস্কার রাখুন । খেয়াল রাখুন যেন চুলকানি র পর সেই হাত মুখে না দেয় । এতে ক্রিমি সংক্রামন আরও বারবে । একজন শিশু বিশেষজ্ঞ ডাক্তার র পরামর্শ নিন । ধন্যবাদ,doctor
"আপনাকে ধন্যবাদ প্রশ্ন করার জন্য । Inv . Stool R / M / E , Stool Culture করে একজন মেডিসিন বিশেষজ্ঞের সাথে দ্রুত যোগাযোগ করুন । প্রয়োজনে হাসপাতালে ভর্তি হওয়া লাগতে পারে । ধন্যবাদ ।",doctor
ডাক্তার ভাইতে প্রশ্ন করার জন্যে আপনাকে ধন্যবাদ । ace plus এর সাথে Tab - zimax 500 mg 1 + 0 + 0 ৫ দিন খাবেন ।,medicine
আমার চোখে মনে হয় কিছু একটা পড়েছে এখন এতবেশী চুলকায় আর চোখ খুলতে পারছি না এখন কি ঔষধ ব্যাবহার করতে পারি,symptoms
আমার মেয়ের বয়স ৭বছর প্লাস গতকাল রাত নয়টার পরে ২ / ৩ বার বমি করেছে এরপরে ঘুমিয়ে ছিল এখন ভোর পাঁচটার সময় আবারও বমি এবং পাতলা পায়খানা হয়েছে যা খাওয়ানো হচ্ছে তাই বমি করছে খাবারের অরুচি গতকালের খাবার গুলো হজম হয় নি বমির সঙ্গে বেরিয়ে গেছে এখন আপনার পরামর্শ প্রয়োজন,nutrition
আপনাকে ধন্যবাদ প্রশ্ন করার জন্য । এলার্জি সমস্যা কখনো সম্পুর্ণ রূপে ভাল হয় না । আপনি ঔষধ এবং কিছু নিয়ম পালন করলে ভাল থাকবেন । আপনার কিসে এলার্জি হয় তা এড়িয়ে চলুন । একজন মেডিসিন ডাক্তার কে দেখাতে পারেন । এলার্জি এখন থাকলে এলাট্রল জাতীয় ঔষধ খেতে পারেন রাতে একটা করে । ধন্যবাদ,medicine
"আমার স্ত্রী ৪ মাসের প্রেগন্যান্ট । এখন সে প্রায় প্রতিদিনই বমি করে , কিছু খেতে পারেনা । বমির ওষুধ খাচ্ছে । রুচি বারানোর জন্য বা এই অবস্থায় কি করা যেতে পারে ? ?",symptoms
আপনাকে ধন্যবাদ প্রশ্ন করার জন্য । আপনি প্রতিদিন সহবাস করবেল । প্রতিদিন ট্যাবলেট জিংক একটা করে খাবেন । জন্ম বিরোধী করন সকল ব্যবস্থা বন্ধ করে দিন । ধন্যবাদ ।,medicine
"ধন্যবাদ আপনাকে প্রশ্নের জন্য । হ্যা তিনবেলা নাপা চালিয়ে যান ভরা পেটে , ব্যাথা কমে যাবে । ধন্যবাদ",medicine
"ডাক্তার ভাই এর সাথে থাকার জন্য ধন্যবাদ । Rx , Suppository Glyssup - 1 stick P / R stat Dr < NAME > Mbbs",medicine
আমার নাম < NAME > । আমার বয়স 21 বছর । আমি হামু দিলে । আমার মাজাই পিছনের দিকে খুবই ব্যথা লাগে । 3 মাস আগে হামু দেওয়ার কারণে আমার মাজায় টান লেগেছিল । এক্সরে করার পর ডাক্তার বলেছে শিরায় সমস্যা । মেডিসিন নিয়েছি তবুও সারে নাই । এখন ব্যাথা আর জলে মাজার ভিতর । তো এখন আমি কি করতে পারি আর কি সমস্যা আমাকে বলবেন দয়া করে । তাহলে উপকৃত হব ।,symptoms
"ফেমেল , প্রস্রাবের রাস্তায় জালাপুরা করে , প ৫ দিন ধরে , প্রসাব হলুদ । কি করতে হবে ?",symptoms
প্রশ্ন করার জন্য ধন্যবাদ । আপনি একজন শিশু বিশেষজ্ঞ ডাক্তার দেখান কারণ এ ধরনের সমস্যা অনেক রকম কারণ হতে পারে যা সরাসরি না দেখে বলা সম্ভব নয় । ধন্যবাদ ।,doctor
ডাক্তার ভাই ‌কে প্রশ্ন করার জন্য ধন্যবাদ । আপনার পলিপ টি কোথায় ? ডিটেইল এ বললে সমাধান দিতে সুবিধা হবে । ধন্যবাদ ।,symptoms
"আমার ( wife ) সিজার করার ২ মাস হইল , এখন আর বাচ্চা নিবো না , কনডম বাদে কি করা যায় । BEXIMCO pharmaceuticals",doctor
Thanks for your question to daktar Bhai . Please take 8 to 10 glass of water and try to have good sleep . If the problem persists please visit a nose specialist . Thanks,doctor
where can I examine my blood for thalesemia test in dhaka ? thank you .,doctor
আমার বয়স ২১ বছর । আমি নিয়মিত ১০টায় গুমাই এবং সকাল ৫টায় উঠি । কিন্তু তার পরও আমার মুখে ব্রণ ছুট বড় । মুখ তেল তেলে থাকে এবং নাকে উপরে ব্ল্যাকহেডস আছে আমার বুকে পিঠে ও ছুট ছুট ব্রণ আছে । আমার দাড়ি লাল হয়ে যাচ্ছে এবং চুল পরছে । এখন কি করা উচিত,nutrition
ডাক্তার ভাইকে প্রশ্ন করার জন্য ধন্যবাদ । প্রথমত অবশ্যই শরীরের ওজন কমাবেন । একজন অর্থোপেডিক ডাক্তার দেখাবেন । ব্যাথার স্থানে Volinac Gel ব্যবহার করতে পারেন । ধন্যবাদ,medicine
আমার বাবার বয়স৫০ বছর । হঠাৎ করে পায়ে এবং কোমরে ৩টি ফোড়া বের হয়েছে । অনেক বড় পচুর ব্যাথা চুলকানি । ব্যাথার জন্য আমি এর আগে আপনাদের জানায় ছিলাম । এখন এই ফোড়া পাকার জন্য কি করতে পারি জানাবেন ।,symptoms
মেছতা দূর করার অর্গানিক কোন উপায় আছে । প্লিজ জানাবেন,symptoms
আপনাকে ধন্যবাদ প্রশ্ন করার জন্য । ওয়ালাইকুমুস সালাম । আবার সোলাস সিরাপ খাওয়ান । বাসার সবাই একসাথে কৃমির ঔষধ খেতে হবে । নাইলে আবার হবে । ধন্যবাদ ।,medicine
"ডাক্তার ভাই কে প্রশ্ন করার জন্য ধন্যবাদ । চর্ম রোগ না দেখে বলা যায় না । রোগের লক্ষন , ধরন , স্থান , পরিবারের অন্যদের আছে কিনা অনেক কিছু না জেনে শুনে ওষুধ ব্যবহার করে কোন লাভ হবে না । চুলকানির জন্য tab . Atrizin 10 mg 0 + 0 + 1 খেতে পারেন । পরবর্তী তে চর্ম বিশেষজ্ঞ এর পরামর্শ নিন ।",medicine
"ধন্যবাদ আপনাকে প্রশ্ন করার জন্য । কানের নিচে গলায় গরম সেক দিন , নাপা খান । ধন্যবাদ",medicine
I need to find a good and experienced psychiatrist in jamalpur help me out . Thanks .,doctor
আপনাকে ধন্যবাদ প্রশ্ন করার জন্য । ব্যাথার জন্য প্যারাসিটামল ৫০০ মিলিগ্রাম খবার পরে খেতে পারেন । ট্যাবলেট ওমেপ্রাজল ২০ মিলিগ্রাম সকালে ও রাতে একটা করে খাবার আগে খান । ব্যাথা ভাল না হলে একজন ডাক্তার কে দেখিয়ে নিতে পারেন । ধন্যবাদ ।,nutrition
amar onk din dhore matha zimzim kore ie dizziness . . . onk doctor dekiesi onk oushod kheysi but kono kisutei kisu hossena . . . . jodi kindly natural kisu khabar suggest korten tobe valo hoto . . . etai amar sesh vorsha . . . . ar daily 15 20 min excersise chalie jassi . . . . .,symptoms
ডাক্তার ভাই কে প্রশ্ন করার জন্য ধন্যবাদ এই অবস্হায় সরাসরি না দেখে এবং পরীক্ষা না করে কিছু বলা ঠিক হবেনা আপনি একজন Neurologist এর পরামর্শ নিন ধন্যবাদ,doctor
Thank you for your question Milk will come after delivery . Consult with dermatologist and act accordingly . You can use moisturizer . Do not rub for skin peeling . Thank you,doctor
আমার স্ত্রীর পায়ে দাউদ হয়েছে । কি ঔষদ সেবন করতে হবে জানাবেন দয়াকরে ।,symptoms
আমার বাবুর বয়স এক মাস বিশ দিন হঠাত দুই দিন ধরে বাবু পারখানা করতেছেনা কি ঔষধ খায়াবো,symptoms
স‍্যার আমার প্রেসার 130 / 90 ছিল 3 বছর আগে আমাকে এক এম বি বি এস ডাক্তার ওসারটিল50দেয় আমি এক বছর খায় পরে ওলমেসান20 দেয় এখনো খাচ্ছি আমার প্রেসার থাকে 110 / 70 আমি বি ভাইরাস রোগী ট্রিটমেন্ট চলছে ভাল আছি ডি এন এ নেগেটিভ আমার বয়স 40 বছর এখন কি করব ।,symptoms
My blood pressure is fluctuating . 100 / 150 .,symptoms
"আপনাকে ধন্যবাদ প্রশ্ন করার জন্য । কফের জন্য সিরাপ এমব্রোক্স দুই চামচ করে তিন বেলা খান । আদা , মধু , গরম পানি খান । ধন্যবাদ ।",medicine
"amar meyer boyos 5 bochor . tar 3 din dhore onk jhor jhorer matra 99 - 101 moddhe sate shoknno shorddi ache . take akhon Alanil , Azilab , Ace shirap kawano hocce tobu jhor namche na . akhon ki korle jhor neme jabe ? ?",symptoms
গর্ভাবস্থায় কখন গরুর কলিজা খাওয়া নিরাপদ ?,symptoms
ডাক্তার ভাই কে প্রশ্ন করার জন্য ধন্যবাদ আপনি খাওয়ার আগে Tab Motigut 10mg প্রতি বেলা ১টা করে এবং Cap Sergel 40mg সকাল ও রাতে ১ টা করে খাবেন । এতেও কাজ না হলে Syp Avolac ৩ বেলা ৩ চামচ করে খাবেন । পায়খানা নরম হলে খাওয়া বন্ধ করবেন । আপনি একজন Medicine specialist এর পরামর্শ নিতে পারেন । ধন্যবাদ,medicine
"ডাক্তার ভাই কে প্রশ্ন করার জন্য ধন্যবাদ । প্রেগনেন্সিতে শরীরে পানি আসে , পরবর্তীতে তা কমে গেলে এর জন্য এমন হতে পারে । সমস্যার জন্য কিছু পরীক্ষা করা প্রয়োজন একজন Gynaecologist এবং চর্ম রোগ বিশেষজ্ঞ এর পরামর্শ নিন ধন্যবাদ",symptoms
"ডাক্তার ভাইকে প্রশ্ন করার জন্য ধন্যবাদ । একজন স্ট্রোকের রোগীর অবশ্যই তেল চর্বিযুক্ত খাবার খাওয়া যাবেনা , ওজন নিয়ন্ত্রণে রাখতে হবে , প্রতিদিন নিয়ম করে শারীরিক এক্সারসাইজ করতে হবে , এবং প্রয়োজনমতো ঔষধপত্র সেবন করতে হবে । এছাড়া বিস্তারিতভাবে জানতে আপনি ইন্টারনেট এর সহায়তা নিতে পারেন । ধন্যবাদ ।",emergency
"আমার বয়স্ ২১ , তার সাথে সহবাস করার ৫ দিন পর তার মাসিক হয় । তারপরের যে তারিখে মাসিক হওয়ার কথা মাসিক হইনাই । আর এখন হটাৎ তার বমি হচ্ছে , পায়খানা পাতলা হচ্ছে । তাহলে কি সে প্রেগন্যান্ট ? বা প্রেগন্যান্ট হবার কি পসিবিলিটি আছে ? বা মাসিক হওয়ার পরেও কি প্রেগন্যান্ট হুওয়ার সম্ভাবনা আছে ?",symptoms
ডাক্তার ভাই কে প্রশ্ন করার জন্য ধন্যবাদ । । পর্যাপ্ত পানি খাবেন এবং একজন চক্ষু বিশেষজ্ঞ কে দেখাবেন । । ধন্যবাদ,doctor
আপনাকে ধন্যবাদ প্রশ্ন করার জন্য । আপনি ট্যাবলেট ফিনিক্স ২০ মিলিগ্রাম সকালে ও রাতে খাবার আগে দুই সপ্তাহ খান । সাথে ট্যাবলেট ওমিডন ১০ মিলিগ্রাম সকালে ও রাতে খাবার আগে খাবেন সাত দিন । এরপরে ও না কমলে একজন গ্যাস্ট্রোএন্টারোলোজিস্ট কে দেখিয়ে নিতে পারেন । ধন্যবাদ,nutrition
আসসালামু আলাইকুম ডাক্তার ভাই আমার মেয়ের বয়স পাঁচ মাস গত দুইদিন যাবত তার নাক দিয়ে শুধু পানি পরে আর কাশি আর শুধু কান্না করে প্লিজ আপনার পরামর্শ চাচ্ছি ধন্যবাদ ।,fever
"গত ৩ দিন যাবৎ ১০০ - ১০২ ডিগ্রি মাত্রা জ্বর । পেট ফাঁপা , বুক জ্বালাপোড়া , মাথা যন্ত্রণা । কোনো খাবারের গন্ধ সহ্য হয়না । শরীর দূর্বল । Gavisol syrup , Napa 500mg , losectril 20mg চলছে , কাজ হয়না । কোনো পরামর্শ থাকলে বলবেন ।",fever
ডাক্তার ভাই কে প্রশ্ন করার জন্য ধন্যবাদ Rx Tab Monas 5mg 0 + 0 + 1 After meal - 7days চুষে খাবে Syp Fexo 1 + 0 + 1 After meal - 7 Days Adovas এর সাথে এই ঔষধ গুলো খাওয়ান এবং আপনি একজন শিশু Specialist এর পরামর্শ নিতে পারেন ধন্যবাদ,medicine
"মহিলাদের মেদ কমানোর উপায় কী ? ৩০ বছর বয়স , বিবাহিতা , শরীর মোটিয়ে যাচ্ছে , কি করা যায় ?",symptoms
"আপনাকে ধন্যবাদ প্রশ্ন করার জন্য । ভাত , আলু , রুটি , মিষ্ট কম খাবে । প্রতিদিন ব্যায়াম করতে হবে । হাঁটা সবচেয়ে ভাল ব্যায়াম । দুশ্চিন্তা করা যাবে না । জন্ম নিয়ন্ত্রক পিল খেলে মেয়েরা মোটা হয় । থাইরয়েড পরীক্ষা করিয়ে একজন ডাক্তার এ - র পরামর্শ নিতে পারেন । ধন্যবাদ ।",medicine
Thanks for asking question to Daktarbhai . You need to test Ig E and show the report to a dermatologist . You need to find out which food is making you Allergic . and you have to avoid that food . you also have to avoid dust . No matter how long you take medicine if you don ' t avoid the things that are the main cause of your allergy you wont be fine . You can also do skin prick test to find out what food is making you allergic . Consult a dermatologist physically . Thanks .,doctor
ওয়ালিকুম সালাম । ডাক্তার ভাই কে প্রশ্ন করার জন্য ধন্যবাদ । ভিটামিন ১ টা করে দুপুরে খাওয়ার পর ১ মাস খাবেন । প্রেসার মাপবেন । খালি পেটে সুগার মাপবেন । ধন্যবাদ ।,nutrition
আপনাকে ধন্যবাদ প্রশ্ন করার জন্য । আপনার সমস্যা না দেখে চিকিৎসা করা যাবে না । আপনার প্রশ্নও ভাল বোঝা যাচ্ছে না । আপনি একজন মেডিসিন বিশেষজ্ঞ কে দেখান । ধন্যবাদ ।,doctor
"৩২সপ্তাহের গর্ভবতী । শেষ আল্ট্রাসাউন্ড করেছি জুনের ১৫তারিখ । সব রিপোর্ট নরমাল । বেবি অনেক বেশি মুভ করতো । খুব জোরে মুভ করতো । কিন্তু ২১তারিখ থেকে মুভমেন্ট অনেক কম । ২দিন তো খুবই কম মুভমেন্ট ছিলো , এমনকি খাওয়ার পরও অল্প নড়তো , ১০ বারও মুভ করেনি । ২৩ , ২৪ তারিখ ১০বারের বেশি মুভ করছে কিন্তু আগের মতো মুভ করছে না । আগের থেকে কম ও আস্তে মুভ করছে । এটা কি সাভাবিক নাকি সমস্যা হচ্ছে ? আমি গ্লুকোজ , প্রটিন একটা ডিম , এক গ্লাস দুধ , সবজি খাচ্ছি । আর কি খাবার খাবো ? আমার বিপি ১২৪ / ৭২ , হার্টরেট ১০৪পার মিনিট , অক্সিজেন লেভেল ৯৭ %",nutrition
"Thank you for your question . Its very difficult to assess the condition without seeing physically . There are lot of cause for this . As a first attempt you can use vaseline over your lesion , if still your problem exist you should visit a skin specialist . Thank you",medicine
আমার গত এক সপ্তাহ ধরে কানে ব্যথা আছে । ব্যথাটা সব সময় হয় না । শুধু যখন মুখ হা করি যেমন হাই তোলার সময় মুখ বড় করে হা করি ঠিক তখনই ডান কানে ব্যথা অনুভূত হয় । এক সপ্তাহ আগে হঠাৎই মুখা করার সময় জোরে ডান কানে টান লাগছিল । খাওয়ার সময় ব্যথা করে নাও কিন্তু কোন ফল খাওয়ার সময় যখন মুখ বড় করে হা করি ঠিক তখনই ডান কানে টান লাগে । সমস্যাটা এক সপ্তাহ ধরে হচ্ছে ধন্যবাদ,nutrition
আপনাকে ধন্যবাদ প্রশ্ন করার জন্য । আপনার স্ট্রোক হওয়ার সম্ভাবনা আছে । আপনি দ্রুত একজন নিউরোমেডিসিন বিশেষজ্ঞ অথবা হাসপাতালে ইমার্জেন্সি বিভাগে যোগাযোগ করুন । ধন্যবাদ ।,emergency
Thank you for your question . Tab . Monas5mg by chewing once a day for dry cough . If other symptoms arise please consult with a pediatrician . Thank you,medicine
হাতের কব্জার উপরের দিকে ছোট ফুসুরির মত হয় তারপর সেটা আস্তে আস্তে বড় হতে থাকে এবং চুলকাতে থাকে এবং একসময় অনেক বড় হয়ে ছরে যায় । । এর সমাধান কি ?,symptoms
"ধন্যবাদ আপনাকে প্রশ্নের জন্য । ক্যালসিয়াম এ পায়খানা কষা হয় । আপনি ৩ বেলা ইসুবগুল এর ভূষি খান ৷ আঁশযুক্ত সব্জি , ফল , পানি বেশি করে খাবেন ৷ ধন্যবাদ",nutrition
Amar one week jabot vagina er charpashe fungal infection dekha diyese first e Lal Lal rash er Moto silo then seta kalo hoye ekta jayga jure ase . rater Bela itching ta beshi hoy . r Ami 3 din dhore pevisone cream ta lagassi but itching kintu jassena ekhono . r black jei dag ta porese Tao ase . ei prb er jonne Ami ki medicine khete pari r medicine use korte pari jate dag Tao chole jabe r itching o hobena,symptoms
"অতিরিক্ত হাচি আসে , নাকের পানি পরে , কাশি হয়",fever
Ami 36 week r pregnant . akn r koto din jabe amr pain uthe . r diner bela bacchar nora chora kom thake rathe buja jay nora chora amr akn ki kora dorkar,symptoms
আপনাকে ধন্যবাদ প্রশ্ন করার জন্য । ওয়ালাইকুমুস সালাম । ঘুমের ঔষধ রোগী না দেখে দেয়া যায় না । আইনগত সমস্যা আছে । ঘাড়ে ব্যাথার জন্য প্যারাসিটামল খেতে পারেন । নিয়মিত ব্যায়াম করুন । একজন মন রোগ বিশেষজ্ঞ চিকিৎসক কে দেখান । ধন্যবাদ ।,symptoms
". ডাক্তার ভাই কে প্রশ্ন করার জন্য ধন্যবাদ । স্কিন খুব সেনসেটিভ হয় , টোন - মসচার , অনেক কিছু দেখা লাগে । আপনি কোনো স্কিন বিশেষজ্ঞের পরামর্শ নিন ।",doctor
আমার অন্য কোন সমস্যা নেই সম্পূর্ণ সুস্থ । কিন্তু কিছুদিন পর পর শরীরের বিভিন্ন স্থানে ফোড়া উঠে সমাধান কি ? ? ?,symptoms
"আমার দুইদিন ধরে ডায়রিয়া এর মত অবস্থা । সাথে বমি হচ্ছে মাঝে মাঝে । ইমোটিল খাচ্ছি কিন্তু অবস্থার উন্নতি নেই । লুজ মোশন বেশি হচ্ছে । আর হাই ব্লাড প্রেসার এর কারনে স্যালাইন ও খেতে পারছি না । শরির খুব দুর্বল লাগছে , , এই বিষয়ে পরামর্শ চাচ্ছি ।",symptoms
"আপনাকে ধন্যবাদ প্রশ্ন করার জন্য । আপনি একজন নাক কান গলা বিশেষজ্ঞ এর পরামর্শ নিন । আদা , মধু , গরম পানি খান । ধুমপানের অভ্যাস থাকলে পরিহার করুন । ধন্যবাদ",doctor
"আমার জ্বর আসে এবং চলে যায় , মাথাটা ভার ভার লাগে , হালকা কাশি আছে , আমি ডাক্তারের পরামর্শে এই ঔষধগুলো খাচ্চি । tab : Azaltic 500 mg , tab : Renova xr 665mg , Cap : omitac 20 mg , tab : F D 120 mg , tab : p - cort 5 mg , এখন কি এই ঔষধ গুলো খাব ? . . আমি একটু পরামর্শ চাচ্ছি ।",fever
"আপনাকে ধন্যবাদ প্রশ্ন করার জন্য । জন্ডিস অনেক ধরনের হয় । যেমন হেপাটাইটিস বি , সি ইত্যাদি । সাধারনত যে জন্ডিস হয় তা বিশ্রামে ও পানি জাতীয় খাবার ঠিক মত খেলে কিছুদিন পর এমনিতেই ভাল হয়ে যায় । আর যে গুলো সিরিয়াস যেমন হেপাটাইটিস , সি এইগুলোতে আপনার লিভার বিশেষজ্ঞের পরামর্শ নিতে হবে । ধন্যবাদ",nutrition
Sore throat for the last 4 days . I ate hot water regularly . but there is still pain . what to do now ?,symptoms
আপনাকে ধন্যবাদ প্রশ্ন করার জন্য । আপনাকে পায়খানা নরম রাখতে হবে । প্রতিদিন ইসুপগুলের ভুষি খান । পানি বেশি করে পান করুন । একজন সার্জারি বিশেষজ্ঞের পরামর্শ নিন । ধন্যবাদ,medicine
ডাক্তার ভাইতে প্রশ্ন করার জন্যে আপনাকে ধন্যবাদ । আপনি এজিথ্রোমাইসিন খেতে পারবেন । monas 10mg 0 + 0 + 1 7 days khaben Tab - xinc B 1 + 0 + 1 15 days . . . বাকি ঔষধ খাবেন সাথে আগের নিয়মে,medicine
আপনাকে ধন্যবাদ প্রশ্ন করার জন্য । আপনি জরুরি ভিত্তিতে একজন মেডিসিন বিশেষজ্ঞ র সাথে যোগাযোগ করুন । ধন্যবাদ,emergency
আমার স্ত্রী Marvelon পিল নিয়মিত খায় ! গতকাল ওর ১ মাসের ৩০ টি ঔষধ শেষ ! কিন্তু এখনো ওর মাসিক হয়নি । আজ যদি আমরা যৌন মিলন করি তবে কি ও আজ থেকে নতুন ঔষধ খাওয়া শুরু করবে ! না কি মাসিক হওয়ার জন্য ওয়েট করবে ?,symptoms
আপনাকে ধন্যবাদ প্রশ্ন করার জন্য । আপনার সমস্যা যেহেতু ২ দিনের বেশি আপনার একজন মেডিসিন ডাক্তারকে দেখিয়ে চিকিৎসা নেয়া উচিত । এন্টিবায়োটিক খাওয়ার আগে অবশ্যই একজন ডাক্তারের পরামর্শ দেয়া উচিত । ধন্যবাদ,doctor
"আপনাকে ধন্যবাদ প্রশ্ন করার জন্য । এটি একটি জটিল এবং আশংকাজনক সমস্যা , অতিসত্বর একজন চক্ষু বিশেষজ্ঞের সাথে সরাসরি দেখা করে এ ব্যাপারে পরামর্শ করুন । ধন্যবাদ ।",doctor
আমার ভাই এর হাল্লকা জ্বর আসতে কাল থেকে গলা বেথা বেথা করছে । কি ঔষধ খাওয়া যায় একটু বলবেন,fever
বয়স 60 ঈদের পর দিন থেকে ফুড পয়জন এর মত হয়েছে বমি পাতলা পায়খানা ওষুধ খাওয়া হয়েছে এখন পাতলা পায়খানা নাই কিন্তু জ্বর বমি বমি ভাব মুখ তিতা কোন কিছু খাইতে পারেনা সাথে শুকনা কাশি হয়েছে ঠান্ডা পানি খাওয়ার জন্য রোগীর একটু হাঁপানি সমস্যা আছে আর কাশি দিলে পেটে ব্যথা পায় কি করে নিও,fever
ধন্যবাদ আপনাকে প্রশ্ন করার জন্য । বাচ্চার সম্ভবত ইনফেকশন আছে । হানিকলে কাশি কমে । আপনি ভিডিও কনফারেন্স এ একজন pediatrics ডাক্তারের এপয়েনমেন্ট নিন । সরাসরি ভিডিও কলে কথা বলে প্রেস্ক্রিপশন আকারে বুঝিয়ে দেয়া হবে । ধন্যবাদ,fever
"আমার শিতকাল আসলেই চোখে ঠান্ডা বাতাস লাগলে পানি পরে , আর মাঝে মাঝে চুলকায় । কি করতে পারি জানাবেন সার ।",symptoms
ডাক্তার ভাই কে প্রশ্ন করার জন্য ধন্যবাদ । একজন মেডিসিন বিশেষজ্ঞ দেখিয়ে খান । ধন্যবাদ ।,doctor
ডাক্তার ভাই কে প্রশ্ন করার জন্য ধন্যবাদ জ্বী খেতে পারবেন আপনি একজন Gynea বিশেষজ্ঞ এর পরামর্শ নিতে পারেন ধন্যবাদ,doctor
TVS রিপোর্টে আমার ওয়াইফ এর ফলিকল সাইজ ছোট আসছে . . এটা ছিল মাসিকের ১৩ তম দিন . . ফলিকল সাইজ বাড়ানোর কি কোন মেডিকেশন আছে ?,nutrition
"আপনাকে ধন্যবাদ প্রশ্ন করার জন্য । এ সমস্যার সমাধান দেয়া কঠিন । ঠিক মত দেখতে না পাওয়ার অনেক কারন যেমন চোখের পাওয়ার কমে যাওয়া যা পাওয়ার চশমা পড়ে সমাধান করা যায় । এই সমস্যায় আপনি কন্ট্রাক্ট লেন্স ব্যবহার করা যায় । এটা চিশমার বিকল্প হিসেবে ব্যবহার করা যায় । অনেক বিক্ষাত ক্রিকেটার এই ভাবে চোখের সমস্যার জন্য কন্ট্রাক্ট লেন্স ব্যবহার করেছেন । আবার ল্যাসিক করা যায় । এতে পরবর্তী তে চশমা বা কন্ট্রাক্ট লেন্স লাগতেও পারে , নাও লাগতে পারে । আবার চোখের অন্য কোনো সমস্যা থাকলে তার সঠিক চিকিৎসা করলে আপনি আবার ভালভাবে দেখতে পাবেন যেমন কেটারেক্ট যা অপারেশন করতে হয় । কিছু রোগ এ আপনার চোখের স্থায়ী ক্ষতি হয় যেমন গ্লুকোমা , রেটিনোপ্যাথি । আপনি একজন চক্ষু বিশেষজ্ঞ চিকিৎসক কে দেখান । এর পরে আপনার জন্য প্রযোজ্য সঠিক চিকিৎসা নিন । ধন্যবাদ ।",doctor
"স্যার , আমার বয়স ৩০ , কয়েকদিন ধরে আমার গলার ভিতরে বাম পাশে কি যেন সুড়সুড়ি করে । মাঝে মাঝে মনে হয় বেড়িয়ে আসবে । আমি ২টা করে ৩ দিনে ৬ টি সোলাস ট্যাবলেট খেয়েছি । কিন্তু কোন লাভ হয় নি । ( উল্লেখ্য যে , আমি প্রায় ১০ বছর আগে গলাতে একটা আঘাত পেয়েছিলাম যা , অনেক দিন পরেও মাঝে মাঝে ব্যাথা করত ) ।",symptoms
Amar Meyer Jihba Sada Dekacce R Jihbar Upor Soto koyekta dana Deklam ki korte pari bolben please . .,symptoms
স্যাভলন এর পানি কি sanitizer এর মতো হাত sanitize করে ? i mean sanitizer এর মতো হাত ভাইরাস মুক্ত করে ? অন্যান্য জিনিস কি sanitize করতে পারবো ? জানালে উপকৃত হব । । ।,medicine
"আমার ডান পায়ের আঙুলে গত বছর ফাংগাল ইনফেকশন হয় । ওষুধ নিই , ইনফেকশনটা সেরে যায় মোটামুটি । নখটা নতুন করে ওঠে । এরপর পায়ের পাতায় পায়ের উপরিভাগে চুলকানি হয় । একপর্যায়ে চুলকোতে গিয়ে হালকা চামড়া উঠে যায় । মেডিকেলে ডাক্তার দেখালে উনি Xfin মলম ও Citin tablet দেন । এরপর বাম পায়ের পাতায়ও একই রকম চুলকানি হয় । চুলকাতে গিয়ে চামড়া উঠে যায় , অনেকটা ছড়ে গেছে মতন । ওখানটায় পানি বের হয় ও জ্বলুনি হয় । পানি লাগলে বা স্যান্ডেল পড়লে ব্যথা লাগছে । এ বিষয়ে পরামর্শ পেলে খুবই উপকৃত হব ।",symptoms
"jor 98 / 99 , age 46 , peretamol extra kawacci kome ude , matha betha , ar komor betha sathe komor theke dan pa betha ki koronio ?",symptoms
"আপনাকে ধন্যবাদ প্রশ্ন করার জন্য । আপনার কাশির জন্য এন্টিবায়োটিক লাগতে পারে । আপনি আদা , মধু , গরম পানি খান । একজন ডাক্তারকে দেখিয়ে চিকিৎসা নিন । ধন্যবাদ",fever
গত ১৭ / ২ / ২১ইং নিউমোনিয়া য় আক্রান্ত হই । ১০দিন ইনজেকশন পুশ করি । ১ম ৪দিন২গ্রাম । পরের ৬ দিন ৪ গ্রাম করে । এখন আরও ৪ দিন সেফ ৩ এবং বিনোক্লার খাচ্ছি দিনে দুইবার করে । এর পরবর্তী করনীয় কি ? নিউমোনিয়া পরবর্তী এর কোন ক্ষতিকর প্রভাব আছে কি ?,symptoms
ডাক্তার ভাইতে প্রশ্ন করার জন্যে আপনাকে ধন্যবাদ । tab - Desolon ডেসলন খেতে পারেন ।,medicine
"ডাক্তার ভাই কে প্রশ্ন করার জন্য ধন্যবাদ । Tab . Myolax 50mg 1 + 0 + 1 5days after meal , Tab . Maxpro 20mg 1 + 0 + 1 5days 30 mins before meal খাবেন ।",medicine
xray of PNS - OM View Nasal turbinates are hypertrophied . xray of cervical spine - B / V Dise space is reduced between C5 and C6 . aita x - ray riport ki medicine khaly valo hobe .,doctor
ডাক্তার ভাইতে প্রশ্ন করার জন্যে আপনাকে ধন্যবাদ । । । বাচ্চাদের টেস্ট করিয়ে নেগেটিভ পেলে সেপারেট রাখা উচিৎ বাবা মার থেকে . . . টেস্ট করানো যেতে পারে । । ।,doctor
মাথায় নাকি কানে ২৪ ঘন্টা শোঁ শোঁ শব্দ হয় ( বয়স - ১৯ ; উচ্চতা - ৫ . ৪ ),symptoms
আসসালামু আলাইকুম । আমার বয়স ২০ বছর । নাম < NAME > । আমার রক্তের গ্রুপ AB + । আমি রক্ত দান করতে চাই । আমার ১মাস ১৫ দিন আগে স্টোক হয় । এখন আলহামদুলিল্লাহ সুস্থ আছি । আমি কি এখন রক্ত দান করতে পারবো ? রক্ত দেওয়া আগে কি কি করতে হয় ? কতক্ষণ আগে খাবার খেতে হবে ?,nutrition
"ছেলের বয়স ৯বছর , আগে দু ' দাঁতের মাঝে ফিলিং ছিলো এখন নেই । মাড়ি স্বাভাবিক কিন্ত ব্যাথা আছে । করনিও কি ?",symptoms
আপনাকে ধন্যবাদ প্রশ্ন করার জন্য । এটার জন্য আপনাকে সার্জারী বিশেষজ্ঞ চিকিৎসক কে দেখাতে হবে । ঐ জায়গাটি ভাল ভাবে ড্রেসিং করতে হবে । ধন্যবাদ ।,doctor
আমার জ্বর ১০৪ * সকালে Odazyth500 - Napa Extra - সাথে Napa500 জোলাপ গ্রহন করি । বিকালে জ্বর আবার ১০২ * হওয়ায় আমার কি করা উচিৎ ?,fever
ধন্যবাদ আপনার প্রশ্নের জন্য । সরাসরি চর্মরোগ বিশেষজ্ঞ দেখিয়ে পরামর্শ নিতে হবে ধন্যবাদ,doctor
আপনাকে ধন্যবাদ প্রশ্ন করার জন্য । আপনি ওমেপ্রাজল ২০মিলিগ্রাম সকালে ও রাতে একটা করে খাবার আগে খেতে পারেন । ভাল না হকে একজন ডাক্তার দেখিয়ে নিন । ধন্যবাদ,nutrition
digoxine and atenolol বেশী খেলে কি কি পার্শ্বপ্রতিক্রিয়া দেখা দেবে ?,medicine
"ডাক্তারভাইকে প্রশ্ন করার জন্য ধন্যবাদ । প্রথমত , প্রচুর পানি পান করুন , দৈনিক ২ - ৩ লিটার । পরিস্কার পরিচ্ছন্নতা বজায় রাখুন । গোপনাঙ্গ কখনো সাবান পানি দিয়ে পরিস্কার করবেন না । শুধু পরিস্কার পানি যথেষ্ট পরিস্কার করার জন্য । বেশি করে শরবত , ডাবের পানি পান করুন । ঠিকমত প্রস্রাব হলে অনেকাংশে জ্বালা পোড়া কমে যায় । লক্ষ্য রাখুন , মাসিকের সময় নিয়ম করে Sanitary Napkin বদলাবেন । দ্রুত Urine RE and CS , CBC পরীক্ষা করিয়ে আবার ডাক্তারের পরামর্শ নিন । ধন্যবাদ",doctor
"ধন্যবাদ আপনার প্রশ্নের জন্য । না দেখে সমাধান দেয়া যাচ্ছে না । আপাতত এলারজি উদ্রেককারী খাবার , ধূলাবালি এড়িয়ে চলুন । সরাসরি চর্মরোগ বিশেষজ্ঞ দেখিয়ে পরামর্শ নিতে হবে ধন্যবাদ",nutrition
ডাক্তার ভাই এর সাথে থাকার জন্য আপনাকে ধন্যবাদ । নিচের পরীক্ষা করে গাইনি বিশেষজ্ঞ চিকিৎসক এর সাথে যোগাযোগ করবেন । Advice : - USG of Lower Abdomen বি . দ্রঃ ইমার্জেন্সি পিল গ্রহণ মাসিক অনিয়মিত করতে পারে । Dr < NAME > Mbbs,doctor
"ডাক্তার ভাইতে প্রশ্ন করার জন্য আপনাকে ধন্যবাদ । একজন নাক , কান , গলা বিশেষজ্ঞ চিকিৎসক কে দেখিয়ে পরামর্শ নিবেন ।",doctor
Thank you for your question Please consult with a gynaecologist . Check for pregnancy . 7 / 8days delay is normal in anxiety or stress condition . Thank you,doctor
"Thank you for your question . He should take rest for tiredness and do exercise , tab . sedil5mg ( 0 + 0 + 1 ) will be alright for 5 / 7 days if he doesn ' t have any severe cardiac or respiratory problem . He can take multivitamins for bodyache or burning for 1month . Tab . tryptin is not necessary right now . If he feels anxious , depressed then can be prescribed after visiting a doctor . Thank you",medicine
D . Rezwan Amin স্যার আপনি আমার তলপেটে র ব্যথা র জন্য ঔষধ দিয়েছেন সেই ব্যথা কিসের কারনে সেটা একটু বললে ভালো হয় । পেটে গ্যাস তেমন একটা নেই ।,symptoms
"আক্তার ভাই কে প্রশ্ন করার জন্য ধন্যবাদ । cbc , urine r / e , peripheral blood film , usg whole abdomen এগুলো করিয়ে মেডিসিন বিশেষজ্ঞ র পরামর্শ নিন । ধন্যবাদ ।",doctor
আমার স্ত্রী গর্ভকালীন সময়ে নাভির গোড়া ফুলে যায় । গর্ভ পরবর্তীতে প্রায় ১ বছর নাভির ফোলা মাঝে মধ্যে কমে যায় । কিন্তু ইদানীং প্রায়ই নাভি ফুলে যায় এবং শক্ত হয়ে ভিষণ ব্যাথা হচ্ছে এমত অবস্থায় কোন ডাক্তার দেখালে সুফল পাওয়া যাবে ? ?,nutrition
আমার এলারজি জনিত ঠান্ডা আছে অনেক দিন জাবত এই সমস্যা অনেক হাচি হয় মাঝে মাঝে জর জর লাগে ফারমেসি থেকে ওষুধ খেয়েছি কিন্তু জতদিন খাই ততদিন ভাল থাকি হেল্প মি,symptoms
"আমার গতকাল থেকে সমস্থ শরিরে ব্যাথা আজ দুপুর থেকে জরজর বোধ করতেছি , , মুখঠোট শুকিয়ে যাচ্ছে শরির দুর্বল লাগতেছে আর হালকা খুশখুশ কাসি সর্দি এলার্জির প্রব্লেম ও আছে । । , মাঝেমধ্যে নাক বন্ধ হয়ে যায় মুখ দিয়ে নিশ্বাস নিতে হয় তখন , , , এই অবস্থায় বুজতেছি না কি করবো , , , Ebastine 10 mg এলার্জির জন্য খেয়েছি , , আর আজ ইফতারির পর aids + খেয়েছি , , কিছুতেই কাজ হচ্ছে না , , কি করবো আপনার পরামর্শ পেলে উপকৃত হবো @ @ , , , ? ? ? ? ?",fever
আপনাকে ধন্যবাদ প্রশ্ন করার জন্য । আপনি পানি ও ওরস্যালাইন খান । হাল্কা কাপড় পরুন । থাইরয়েড এর পরীক্ষা করে মেডিসিনের ডাক্তার দেখান । ধন্যবাদ,medicine
amar pete onek gas hoy akhon ki korle gas kom hobe . . ? ? ?,symptoms
"প্রতি দিন ৩ / ৫ বার পায়খানা হয় পেটে গড় গড় করে একটু একটু বেদনা করে কখনো জালা পুড়া করে সমসসা টা কি এবং প্রতিকার কি , , , দুবাই তেকে",symptoms
Amr boro bon covid test diyeche jan 15 tarikh . result asche 20 tarikh . Result : Positive . Already 2ta vaccine newa . If any suggestions for her . or medication,doctor
I am always tried . why is that and what can I do to change it ?,symptoms
আপনাকে ধন্যবাদ প্রশ্ন করার জন্য । আপনার সমস্যা গুরুতর । প্রাথমিক চিকিৎসা তে ভাল হবে না । একজন মেডিসিন বিশেষজ্ঞ ডাক্তার কে দেখিয়ে নিশ্চিত হয়ে চিকিৎসা নিন । ধন্যবাদ ।,doctor
"আপনাকে ধন্যবাদ প্রশ্ন করার জন্য । ডায়াবেটিস ঔষধ খাওয়ার জন্য বিভিন্ন ঔষধ আছে । আবার একই ঔষধ সকালে , দুপরে কিংবা রাতেও দেয়া যায় । মেটফরমিন ছাড়াও ঔষধ আছে । ঔষধ গুলো রোগীর শারীরিক অবস্থা অনুযায়ী দেয়া হয় । সবার ক্ষেত্রে সব ঔষধ প্রযোজ্য নয় । আপনি প্রয়োজন মনে করলে একজন ডায়াবেটিস বিশেষজ্ঞ কে দেখিয়ে নিতে পারেন । ধন্যবাদ ।",doctor
Thanks for asking question . you can use fresh tear 2 drops each eye 3 times - 7 days . Thanks,medicine
"My annual health check up report : Random blood sugar : 7 . 4mmol1 , Range : 7 . 8 S . Creatinine : 1 . 17mg / dl , Range : 0 . 67 - 1 . 17 S . GPT ( ALT ) : 71U / L , Range : Up to 45 Lipid profile : Cholesterol : 218mg / dl , range",symptoms
"হ্যালো । আমি একজন এইস এস সি পরীক্ষার্থী । আজ খবরে শুনলাম আমাদের পরীক্ষা সেপ্টেম্বর মাসে অনুষ্ঠিত হবে ৷ এটা শুনার পর থেকে আমার হাত পা কাপতেছে , প্রচুর মানসিক চাপে আছি , কেননা আমার পড়া ওরকম ভালো হয় নি । এখন কি করব ? এমনিতেই এর আগেও একই সমস্যা হয়েছে যখন পরীক্ষা এপ্রিল এ হওয়ার কথা ছিল । এখন সাধারণ ভবে যা পড়তে পারতাম তাও পারি না ৷ মনে হচ্ছে এখনই ব্রেইন স্ট্রোক করে মারা যাব ( উল্লেখ্য আমার পরীক্ষা ভিতি আছে , এর আগেও এস এস সি পরীক্ষার সময় পরীক্ষার হলে যাওয়ার কিছুক্ষণ আগে মাথা ঘুরায় পড়ে গেছিলাম । এখন আমি কি করব ?",emergency
"আমার হাতে চুলকায় এবং মাথায় চুলকায় এবং চাকাচাকা হয় , এখন আমি কি ঔষধ খাবো ।",symptoms
"আপনাকে ধন্যবাদ প্রশ্ন করার জন্য । আপনি ব্যালেন্স ডায়েট খান । কারবোহাইড্রেট যেমন ভাত , ফ্যাট , প্রোটিন যেমন মাছ , মাংস , দুধ , ডিম , ফলমুল , শাক , সবজি , ভিটামিন নিয়মিত পরিমান মত খান । নিয়মিত ব্যায়াম করুন । রাতে ঘুম ঠিকমত হতে হবে । দুশ্চিন্তা করবেন না । মোটা হওয়ার চেয়ে জরুরি সুস্থ থাকা । প্রয়োজন এ একজন পুষ্টি বিশেষজ্ঞ কে দেখিয়ে নিতে পারেন । ধন্যবাদ ।",emergency
আপনাকে ধন্যবাদ প্রশ্ন করার জন্য । আপনি আপনার আম্মাকে একজন মেডিসিন ডাক্তারের পরামর্শ নিন । উনার ডায়াবেটিস ও প্রেশার নিয়ন্ত্রণ করুন । ধন্যবাদ,symptoms
আপনাকে ধন্যবাদ প্রশ্ন করার জন্য । ভিটামিনের অভাব ছাড়া ভিটামিন ঔষধ খাওয়ার দরকার নাই । আপনি মাল্টিভিটামিন খেতে চাইলে Bexttum gold খেতে পারেন । ধন্যবাদ,nutrition
৮ মাসের বেবিদের মশার কামর থেকে বাচার জন্য কোন মসকিটও মলম ব্যবহার করা কি ঠিক হবে ? ? কন মলম এর নাম বলে দিন দয়া করে ।,medicine
আপনাকে ধন্যবাদ প্রশ্ন করার জন্য । আপনার আব্বাকে চিনি খেত্র নিষেধ করুন । প্রতিদিন হাঁটতে হবে । একজন হরমনের চিকিৎসক দেখয়ে ইনসুলিন ডোজ ঠিক করে নিন । ধন্যবাদ ।,nutrition
আপনাকে ধন্যবাদ প্রশ্ন করার জন্য । চামড়া উঠা একটি স্বাভাবিক সমস্যা । সবারই কম বেশি চামড়া উঠে । তবে কিছু রোগের কারনে বেশি চামড়া উঠে । আপনি একজন চর্ম রোগের ডাক্তারকে দেখিয়ে চিকিৎসা নিন । ধন্যবাদ,doctor
ধন্যবাদ । আপনি একজন opthalmologist এর পরামর্শ নিন । ব্যথার জন্য Tab . Napa Extend 1 + 1 + 1 খাবেন । চোখ কচলাবেন না । আক্রান্ত চোখ এ হাত দিয়ে আরেক চোখ ধরবেন না ৷,medicine
সার আমি বিদেশে তাকি আমার হজম সক্তি কুব কম আমার পেটের সমমসসায় আমি খুব কস্টে আচে জুদি আমার পায়খানা হয় তাইলে আমার পেটে লেগেজায় এমন বাবে লাগে আমার সরিল কে দরবল করে ফেলে কিচু ভালো লাগেনা এর জন্ন আমি কি করতে পারি কিচু পরামর্ষ দেন নাই কোন অসুদের নাম বলেন,symptoms
"ডাক্তার ভাইকে প্রশ্ন করার জন্য ধন্যবাদ । আপনি নিয়মিত ব্যায়াম করবেন , হাঁটবেন । Tab . Rivotril 0 . 5 mg 0 + 0 + 1 at bed time for 10days",medicine
Thanks for questioning daktarbhai . Medicine continue kore Jaan tar shathe Tab . Fexo 180mg 0 + 0 + 1 for 7 days khan . Check blood pressure if low then take Saline . Thanks,medicine
আমার আম্মুর কোমর থেকে থেকে হাটু পর্যন্ত ডান পায়ের পিছনের উরুর নার্ভগুলা শুয়ে এপাশ ওপাশ করলে বা দাঁড়ালে প্রচন্ড ব্যথা এবং অচেতন এর মত হওয়ার উপক্রম হয় । এভাবে প্রায় 15 দিন যাবত বিশ্রাম নিচ্ছে । এখন ঘাড়ে ব্যাথা ও দুই হাতের কব্জি ফুলে যায় । হাত দিয়ে কোনো কিছু স্পর্শ করলেও ব্যথা পায় । প্রস্রাব পায়খানা ও বিছানায় করতে হচ্ছে ঠিকমতো উঠতেও পারছে না বিছানা থেকে । এখন বাম পাও নড়াচড়া করতে প্রচন্ড ব্যথা পায় ।,emergency
Please consult with a paediatric doctor .,doctor
ডাক্তার ভাই কে প্রশ্ন করার জন্য ধন্যবাদ । কষ্ট করে বমি ও গ্যাসের ওষুধের ব্যবস্থা করুন । tab . paloxi / emistat ও সাথে গ্যাসের ওযুধ খাবেন ।,medicine
আমার স্ত্রীর বয়স ৩৪ বছর । হঠাৎ করে গত দুই দিন থেকে মেরূদন্ড ও হাতের জয়েন্ট এর মাঝ বরাবর ব‍্যথা হচ্ছে । বাম হাত পিছনে ঘুরাইতে বেশি ব‍্যথা হয় । করনীয় কি ?,symptoms
amr mayar age 9month . . kicu din Maya onk kotin potty korsa . . poramorso Dela kushi hobo . .,symptoms
"ধন্যবাদ আপনাকে প্রশ্ন করার জন্য । napa 500 তিন বেলা খাবেন । আপনি ইস্ত্রি কাপড়ে চেপে সেঁক দিন কানে ও গলায় । আপনি গরম পানি লবণ দিয়ে গড়গড়া করুন । আদা চা , মধু , সিভিট খান । গরম পানি খাবেন একটু পর পর । ধন্যবাদ",medicine
"Thank you for your question Irregularities can be physical or hormonal cause . Please do prolactin , TSH and USG of lower abdomen and visit a gynecologist and act accordingly Thank you",symptoms
"আমার ওজন ৬৯কেজি , উচ্চতা ৫ ' ৭ "" , তেমন মোটা না , but অল্প কিছু খেলে বা পানি খাওয়ার পর পেট ফুলে যায় , রাতে অল্প ভাত খেলেও same ফুলে যায় , সকালে ঘুম থেকে উঠার পর পেট কিছুটা হাল্কা হয় , but প্রায়ই অল্প কিছু খেলে পেট ভারি ভারি লাগে , এই সমস্যা recently হচ্ছে ! !",symptoms
"আপনাকে ধন্যবাদ প্রশ্ন করার জন্য । আপনি আদা মধু , কাল জিরা খান । এলাট্রল ট্যাবলেট রাতে একটা খান । ধন্যবাদ",medicine
ami 29 age . amer goler nise o buker dan pase beta kore . . . tsh 2 . 90 . . ami ki asud kabo ?,symptoms
স্যার আমার ২দিন হলো শুকনা কাশি । আর গতকাল রাত থেকে গলা ব্যাথা করছে । বমি ভাব আছেই । এখন আমি কী করতে পারি দয়া করে জানাবেন,fever
আমি প্রায় সময় ঘাড়ের উপরিভাগে খুব ব্যথা অনুভব করি এটার কারণ কি কি হতে পারে ব্যথাটা খুব বেশি নয় কিন্তু খুবই যন্ত্রণাদায়ক খুব অস্বস্তি লাগে ঘাড় একটু মুখ করলে একটু ভালো লাগে আবার থাকে আবার ঘণ্টা দুয়েক পরে অটোমেটিকলি ভালো হয়ে যায় বয়স ২৯ + বছর,symptoms
amar 2 ranerchipay dad ring warm akmas flugal 50 deslor5mg khyci afun cream use korci vlo hoy nar akn kalo hoye gece maje maje culkay akn ki korbo plz advice me .,symptoms
My wife 36 years having coughing for more than 15 days . As per your advised she is taking fexo 120 and monas 10 but situation is not improving . pls advise to do now .,symptoms
আমার একটা সমস্যা বেশি বড় ধরনের মনে হয় আমার পায়ের হাঁটুতে আমি হাঁটার সময় কটঠক করে আওয়াজ হয় । আমার মনে হয় হার খয় হয়েগেছে । কিন্তু তা হবে কেন আমার বয়স ত ১৬ । এ রোগের তথ্য ও নিরাময়ের কথাটি ডাক্তার আপনারা জানাবেন আমাকে ।,symptoms
"আমার স্ত্রীর একটি সমস্যা হচ্ছে যেটা , পায়খানার রাস্তা দিয়ে রক্ত যাচ্ছে । পায়খানার রাস্তা খুব ব্যাথাও করছে । এটা কোন ধরনের সমস্যা বা কিসের জন্য হতে পারে ? আমি কোন বিভাগের ডাক্টার এর সাথে কথা বলবো ?",symptoms
"আসসালামু আলাইকুম ডাক্তার ভাই আমাকে একটু পরামর্শ বা ওষুধ লিখে দেন , আমার মেয়ের বয়স তিন মাস ১৮ দিন সেই শুক্রবারে বিকেলে মলত্যাগ করে আজকে রবিবার এখনো পর্যন্ত মলত্যাগ করেনি শুধু বমি করতেছে তরল দানাদানা আর কান্নাকাটি করে , আমাকে মেডিসিন বা যদি কোন ডোজ থাকে একটু লিখেদেন ধন্যবাদ ।",symptoms
"Thank you for your question . weight depends upon height . Avoid carbohydrate . Avoid rice , sweet , sugar . Do regular exercise daily . You can consult with dieticians . Thank you .",doctor
আপনাকে ধন্যবাদ প্রশ্ন করার জন্য । আপনার স্ত্রীর সমস্যার জন্য আরও বিস্তারিত তথ্য জানা দরকার । আপনি ডাক্তারভাই এপ্লিকেশন থেকে ' Video Call To A Doctor ' সার্ভিসটি ব্যবহার করে একজন গাইনী বিশেষজ্ঞ ডাক্তারের এপয়েন্টমেন্ট নিয়ে ভিডিও কলে বিস্তারিত কথা বলতে পারেন এবং ডাক্তার - এর লেখা প্রেস্ক্রিপশন আপনি আপনার এপ্লিকেশন এ পেয়ে যাবেন । আরও বিস্তারিত জানতে < NUMBER > তে কল করুন । ধন্যবাদ ।,doctor
আপনাকে ধন্যবাদ প্রশ্ন করার জন্য । আপনি ঠান্ডা পানির সেক দিন । প্যারাসিটামল খেতে পারেন ব্যাথার জন্য । প্রয়োজনে একজন ডাক্তারকে দেখিয়ে নিন । ধন্যবাদ,medicine
Pain inside left ear for two days . Pain type - intermittent throbbing . Then sudden intermittent shooting pain . Other time no pain or very little pain / uneasy sensation . No pus is releasing . No outside visible infection . No physical trauma happened during ear cleaning or such . There is a possibility ( not certain ) of water going into ear during shower bt it ' s dry now . There is some type of sound heard in the leaft ear during each time yawn or swallow something . Please suggest .,symptoms
"Corona test korun , medicine ja khachhean continue korun",doctor
ধন্যবাদ আপনাকে প্রশ্ন করার জন্য । আপনি ঘাড়ে গরম সেঁক দিন । সাথে নাপা খান ৩ টা করে ৩ দিন । আপনি চোখের পাওয়ার পরীক্ষা করেন । ধন্যবাদ,medicine
"আসসালামু আলাইকুম স্যার , স্যার আমার আম্মুর মুখে ঘাঁ হইছে , খাদ্য গিলতে ব্যথা করে , জিহবায় জালাপোড়া করে , কোন ওষুধ খেতে হবে ?",nutrition
আমার স্ত্রী ৮ মাসের প্রেগন্যান্ট । আল্টা করার পর বলছে বাচ্চার ওজন কম । এখন ওজন বৃদ্ধির জন্য কি করতে পারি ? যদি কোন ঔষধের প্রয়োজন হয় জানাবেন ।,symptoms
ডাক্তার ভাই কে প্রশ্ন করার জন্য ধন্যবাদ । খালি পেটে ব্লাড সুগার আর প্রেসার মেপে আমাদের জানান । ধন্যবাদ ।,doctor
ডাক্তার ভাই কে প্রশ্ন করার জন্য ধন্যবাদ । জ্বী দুইটা একই আপনি সরাসরি একজন Medicine specialist এর পরামর্শ নিন ধন্যবাদP,doctor
"আমি বিগত ১ মাস থেকেই , মাঝে মাঝে মাথা ব্যাথা , গা ব্যাথা ( শুলানি ) এবং শরীরে সবসময় দূর্বলতা অনুভব করছি । এমতাবস্থায় কিভাবে অতি সীগ্রই সুস্থ হতে পারি ?",symptoms
"প্রায় পাঁচ দিন ধরে আমার চোখ চুলকায় , এর ফলে চোখ লাল হয়ে যায় কিন্তু কোন চোখে ব্যথা নেই তাই আমি চোখের কোন ড্রপ বা ওষুধ খেতে পারি জানাবেন প্লিজ । বয়স ২৫",nutrition
ডাক্তার ভাই কে প্রশ্ন করার জন্য ধন্যবাদ । এখন যদি কোন মেডিসিন না খেয়ে থাকেন তাহলে ফেক্সো ১ টা করে ৫ দিন খেতে পারেন । ধন্যবাদ ।,medicine
Golai Hotat Onek Betha hoitese Sathe hachi astese onek sas nite o kostho hoitese ki khete pari ekhon ei mohorte,symptoms
Thank you for your question Keep baby warm . Norsol drop to clear out all mucous . Alatrol nasal drop 1drop once a day for 2days . Thank you,medicine
"ব্র‍্যাক বুল এন্ড ব্রিডিং স্টেশনের একজন ক্যাজুয়াল ওয়ার্কার নাম : < NAME > , গতকাল রাত ১০টার দিকে জ্বর ছিল । আবার আজ সকাল থেকে তার হালকা জ্বর অনুভূত হচ্ছে । সেক্ষেত্রে কি করা যায় , তার আপনার মুল্যবান পরামর্শ আশা করছি ।",fever
মোনাস - ১০ খাওয়ার পরে কাশি কমে গেছে কিন্তু বুকের মধ্যে জমানো কফ অনেক ভারী মনে হচ্ছে এ অবস্থায় কি ওষুধ গ্রহণ করতে পারি ? করোণা টেস্ট পজিটিভ হওয়ার পর আবার করোনা টেস্ট নেগেটিভ এসেছে ।,fever
ডাক্তার ভাইকে প্রশ্ন করার জন্য ধন্যবাদ । আপনি অর্থপেডিক ডাক্তারেে সাথে দেখা করবেন ।,doctor
Thanks for questioning to daktervai . Tab solas 1 + 0 + 1 for 3 days,medicine
আপনাকে ধন্যবাদ প্রশ্ন করার জন্য । আপনি বেশি ঔষধ খেতে পারবেন না । বাচ্চা ও আপনার ক্ষতি হতে পারে । ভিটামিন সি কোনো ব্যাথার ঔষধ না । ব্যাথার জন্য প্যারাসিটামল খেতে পারেন । গরম পানির সেক দিন । একজন ভাল মেডিসিন ডাক্তার কে দেখিয়ে নিন । ধন্যবাদ,nutrition
"আমার প্রথম দুদিন অতিরিক্ত ঠান্ডা লাগে ও শরীর ভীষণ খারাপ লাগে , পরের তিন দিন হালকা জ্বর ছিল থেমে থেমে আসত , এর পর থেকে তিন দিন হয়ে যাচ্ছে কাঁপুনি দিয়ে তীব্র জ্বর আসে থেমে থেমে । ডাক্তার সিপ্রোসিন আর প্যারাসিটামল সাত দিনের জন্য দিয়েছেন আর কিছু পরীক্ষা , দুদিন হল খাচ্ছি , উন্নতি হচ্ছে না । পরীক্ষা গুলো সাতদিন পরে করালে কি বেশি অসুবিধা হয়ে যাবে ? এটা সম্ভাব্য কোন রোগের লক্ষণ বললে ভাল হত ।",fever
ধন্যবাদ আপনাকে প্রশ্ন করার জন্য । পেভিসন ক্রীম ভ্যাজাইনাল এরিয়ে তে লাগানো যায় না । রোগীর সাথে সরাসরি কথা বলে হিস্ট্রি নিয়ে সমস্যা শুনে সমাধান দিতে হবে । বিশদ আলোচনার জন্য আপনি একজন গাইনি চিকিৎসকের পরামর্শ নিন । আপনি এই এপের মাধ্যমে ভিডিও কনফারেন্সে চিকিৎসকের পরামর্শ নিতে পারেন । ধন্যবাদ,medicine
"আসসালামুআলাইকুম , গত ৩ দিন ধরে পায়খানার সময় মলদ্বারে কিছুটা জ্বালাপোড়া হয় ৷ এটা পায়খানা করার পর ৫ - ১০ মিনিট পর পর্যন্ত বোঝা যায় ৷ পায়খানা স্বাভাবিক আছে ৷ আর পায়খানার সাথে কোন ব্লাড দেখি নাই ৷ মাস খানেক আগেও এরকম মনে হয়েছিলো কয়েকদিন পর এমনিতেই কমে গেছে ৷ এখন কি করনীয় পরামর্শ চাই ৷ ধন্যবাদ ৷",symptoms
আমার ছেলের দাতে কামর লেগে ২টি স্থানে ইনেফেকশন হয়ে গেেছে । বযস ১৮ । gelora gel এবং fixcef 250mg খাবার পরও কমছে না । Advice please,nutrition
ডাক্তারভাইকে প্রশ্ন করার জন্য ধন্যবাদ । Syp . Avolac 3 - 4 TSF for 3 times খাবেন । বেশি করে পানি পান করবেন । দৈনিক দাঁত ব্রাশ করার পর Listerine Mouthwash দিয়ে Oral Cavity পরিস্কার করবেন । দ্রুত একজন dentist এর পরামর্শ নিন । পেট এর সমস্যার জন্য gasteroenterologist এর পরামর্শ নিন । ধন্যবাদ,medicine
ধন্যবাদ আপনাকে প্রশ্নের জন্য । কিডনি রোগীদের সবসময় ডাক্তারের পরামর্শ অনুযায়ী খাবার ও ওষুধ খাওয়াবেন । একজন নেফ্রোলজিস্ট এর পরামর্শ নিন ভিডিও কলের মাধ্যমে । ধন্যবাদ,nutrition
ডাক্তার ভাই কে প্রশ্ন করার জন্য ধন্যবাদ । আপনি একজন গাইনী & অবস্ বিশেষজ্ঞ ডাক্তার এর সাথে হাসপাতালে দেখা করুন ।,doctor
আপনাকে ধন্যবাদ প্রশ্ন করার জন্য । আপনি থাইরয়েড পরীক্ষা করান । একজন মেডিসিন বিশেষজ্ঞ কে দেখাতে পারেন । ধন্যবাদ ।,doctor
ডাক্তার ভাই কে প্রশ্ন করার জন্য ধন্যবাদ । Tab . Xinc - B 1 + 0 + 1 for 1 month উপরোক্ত ঔষধ সেবন করলে আশা করি আপনার রুচি ও বারবে । শরীর স্বাস্থ্য উন্নতি হবে । ধন্যবাদ,symptoms
"ডাক্তার ভাইকে প্রশ্ন করার জন্য ধন্যবাদ । আপনি অবশ্যই একজন ডেন্টিস্ট এর পরামর্শ নিন , দাঁত পরীক্ষা করে তারপর আপনি ঔষধ সেবন করুন । ধন্যবাদ",doctor
"ডাক্তার ভাই এর সাথে থাকার জন্য আপনাকে ধন্যবাদ । - ঘুমের জন্য প্রায় সব প্রকার ঔষধই আপনি ব্যাবহার করেছেন । তবে ব্যাবহার এর সময় কিছু জিনিস খেয়াল রাখবেন , - রাত ৯ টার মধ্যে ঔষধ সেবন করে ঘুমাতে যেতে হবে , ঘুমের সময় টিভি দেখা মোবাইল ব্যাবহার করা যাবে না পূর্ন মনোযোগ ঘুমের দিকেই দিতে হবে , টেনশন করা যাবে না । - বর্তমানে আপনার একজন মনোরোগ বিশেষজ্ঞ এর পরামর্শ গ্রহণ করা প্রয়োজন জরুরি ভিত্তিতে Dr < NAME > Mbbs ( du )",emergency
আপনাকে ধন্যবাদ প্রশ্ন করার জন্য । আপনি ব্যাথার জায়গায় গরম পানির সেক দিন । ১ টা প্যারাসিটামল খেতে পারেন । এক্স রায় করা লাগতে পারে । একজন অর্থোপেডিক্স বিশেষজ্ঞের পরামর্শ নিন । ধন্যবাদ,symptoms
"Tab . Napa Extend 665mg 1 + 1 + 1 3days , Tab . Fexo 120 mg 1 + 0 + 1 5days . Thanks",medicine
ডাক্তার ভাই কে প্রশ্ন করার জন্য ধন্যবাদ । vaseline দিতে পারেন ঠোঁটে । থালা বাসন ধোওয়ার সাবান বেবহার করবেন হাতে । খালি পেটে ব্লাড সুগার করবেন । ধন্যবাদ ।,doctor
ইমুনিটি স্ট্রং করার জন্য পর্যাপ্ত পরিমাণ পানি ফলের রস খাওয়ার পাশাপাশি ভিটামিন বি কমপ্লেক্স খাওয়া যায় কি ? খাওয়া গেলে দিনের কোন সময়ে এবং খাবার আগে বা পরে খাওয়া উচিত ? ইমুনিটি স্ট্রং করার জন্য আর কি কি করা যেতে পারে ?,nutrition
"Thanks for your question . excessive vitamin D can cause renal stone , bone pain , mental disorder and so on . take 200 IU per day . zinc , you can take one tablet daily . thanks",symptoms
"আমার হাতের আঙ্গুল গুলো চুলকাই . . . . একধরনের ছোট ছোট দানা দানার মতো . . . . . রাতের বেলা বেশি চুলকাই . . . . . কি ঔষধ বা মলম দিলে , ভালো হবে , পরামর্শ করবেন । । । ।",symptoms
Proshno korar jonno dhonnobad . syp fenadin 1 . 5 tsf kore duibela 7 days continue koren erpor o somossa hole Abar daktarer poramorsho niben Dhonnobad .,medicine
Thank you for your question Skin disease is caused by various organisms . Without watching prescription should not be done . Please consult with a skin specialist and act accordingly Thank you,doctor
"ধন্যবাদ আপনাকে প্রশ্নের জন্য । আপনি সিভিট খান , ঘা কমে যাবে । গরম লবণ পানি দিয়ে কুলি করুন । ধন্যবাদ",symptoms
"ডাক্তার ভাইকে প্রশ্ন করার জন্য ধন্যবাদ । বেশি করে উষ্ণ গরম পানি এবং খাবার স্যালাইন খান ( যদি ডায়াবেটিস , উচ্চরক্তচাপ না থাকে ) । Tab Maxpro 20 mg দুই বেলা খাবার 20 মিনিট পূর্বে 7 থেকে 14 দিন খেতে পারেন । এছাড়া প্রসাবের সমস্যা বেশি দেখা দিলে একজন অভিজ্ঞ ইউরোলজিস্টের পরামর্শ নিন । ধন্যবাদ ।",nutrition
Thanks for questioning to daktervai . . Add syrup fenadin 1 tsf at night . If not resolve please consult with a paediatrician,medicine
আপনাকে ধন্যবাদ প্রশ্ন করার জন্য । আপনার প্রেশার পরিমাপ করুন । এখন আর দেড়ি না করে একজন মেডিসিন বিশেষজ্ঞ কে দেখাতে হবে । ধন্যবাদ ।,doctor
Also do a ECO test and consult with a cardiologist,doctor
আমার ছেলের বয়স ০২ বছর ০১ মাস আজ দুপুর হতে নাক চুলকাচ্ছে এবং নাক দিয়ে হালকা পানি আসচ্ছে এখন করনীয় কি ? জ্বর নেই ।,fever
"ডাক্তার ভাইকে প্রশ্ন করার জন্য ধন্যবাদ । আপনি এই বিষয়ে একজন খাদ্য ও পুষ্টি বিদের পরামর্শ নিন । শারীরিক পরিশ্রম করুন , এক্সারসাইজ করুন ‌‌‌ , তেল চর্বি খাবার পরিহার করুন । ধন্যবাদ",nutrition
"ডাক্তার ভাই এর সাথে থাকার জন্য ধন্যবাদ । Rx , Tab Riboson 5mg 1 + 1 + 1 - ৫ দিন Dr . < NAME > Mbbs ( du )",medicine
আমার ওয়াইফ এর বয়স ৩২ বছর । তার মাঝে মাঝেই মাঁথার বাম পাশ দিয়ে ব্যাথা হয়ে গাড়ের রগ ব্যাথা করে । পাশা পাশি বাম ঠ্যাং ও ব্যাথা করে । তার এ্যাজমা ও হরমোন সমস্যা ও আছে নিয়মিত Tab . Thyrox 50 mg একটি করে ট্যবলেট খায় । এখন কি করতে পারি পরামর্শ চায় ।,symptoms
"গ্রাহক , ডাক্তার ভাইকে প্রশ্ন করার জন্য আপনাকে ধন্যবাদ । কাটা দাগ দূর করার জন্য আপনি লেজার ট্রিটমেন্ট নিতে পারেন । সে ক্ষেত্রে একজন অভিজ্ঞ ডাক্তারের কাছ থেকে আপনি লেজার ট্রিটমেন্ট নিতে পারেন । ধন্যবাদ ।",doctor
আমি আমার বউয়ের সঙ্গে মিনজ অবস্থায় সেক্স করেছি । সেক্স করার সময় কনডম ব্যবহার করি । কিন্তুু আমার কাজ চলাকালিন কনডমটি ফেটে যায় । এই অবস্থায় আমার একটা ৩ মাসের সন্তান রয়েছে । আমি কি জরুরি পিল আমার বউকে খাওয়াতে পারবো এবং তাতে কি আমার সন্তানের কোন সমস্যা হবে ?,emergency
"আমার মেয়ে রাতে ঘুমানোর আগে শুধু পায়ের মাংসপেশিতে ব্যাথা বলে একটু পরামর্শ দিবেন , ,",symptoms
আপনার প্রশ্নের জন্য ধন্যবাদ । আল্ট্রাসনোগ্রাম করঅলে বোঝা যাবে । ধন্যবাদ,doctor
"ডাক্তারভাইকে প্রশ্ন করার জন্য ধন্যবাদ । জ্বর মেপে দেখবেন কত আছে । ১০২ফা এর নিচে থাকলে , Tab Napa 500mg - - 2 + 2 + 2 after meal when there is fever or pain . ১০২ফা বা তার বেশি হলে , Supp Napa 500mg 1 stick per rectally . অন্য কোন সমস্যা দেখা দিলে ডাক্তারের পরামর্শ নিয়ে নিবেন । ধন্যবাদ ।",fever
ডাক্তার ভাই কে প্রশ্ন করার জন্য ধন্যবাদ । আপনি শিশু ডাক্তার দেখিয়ে মেডিসিন দিবেন । ধন্যবাদ ।,doctor
স্যার আমার মায়ের বয়স ৪৫ । সুগার আছে । ওনার গত ১৫ / ২০ বছর ধরে এলার্জি । গায়ে চাকা চাকা মতো ওঠে । টুকটাক গান গায় । গলার ভেতর শ্লেষাতে আটকে আসে । ব্যাথা নেই গলায় । গলার জন্য ওষুধ খেয়েছে । কাজ হয় নি । এখন গলার সমস্যা কি এলার্জির জন্য হচ্ছে নাকি । সেজন্য যদি কোন পরামর্শ দিলে বা কোন ওষুধ দিলে উপকৃত হতাম ।,symptoms
"ডাক্তার ভাই কে প্রশ্ন করার জন্য ধন্যবাদ । পায়খানার জন্য tab . Acos 500mg 1 + 0 + 0 , tab . Receca 100mg 1 + 1 + 1 , cap , Lanso D 30mg 1 + 0 + 1 এবং প্রতি বার পায়খানার পর ORS - N স্যলাইন ১গ্লাস করে সেবন করুন ।",medicine
চুল পড়া বন্ধ করার জন্য যদি মেদীর পাতা আর আমলকী এই ২ টা এক সাথে ফিনিস করে বেটে যদি চুলে নেই তা হলে কি কোনো উপকার হবে ? চুল পড়া কিছু টা হলে কি বন্ধ হবে তখন ? ? ?,symptoms
I am having loose stool every morning since last 4 days . 2nd day on afternoon stool was quite normal . On day three I took Flagyl 400 ( at morning ) but on afternoon i had another loose stool . Today at morning i had loose stool again . Its not like i am having loose stool for whole day . The criteria of stool is liquid . I am drinking water and saline regularly . Having regular meal . What could be the possible reason for this type of thing ? Not tacking any med currently except sergel if have gas issue .,symptoms
"ধন্যবাদ আপনাকে প্রশ্ন করার জন্য । করোনা ভাইরাস এর অনেক লক্ষণ এর একটা । আপনি তরল খাবার , স্যালাইন , পানি খাবেন । আপনি গরম পানি লবণ দিয়ে গড়গড়া করুন । আদা চা , মধু , সিভিট খান । গরম পানি খাবেন একটু পর পর । জ্বর ১০০ ডিগ্রির উপরে উঠলে নাপা খাবেন । জ্বর ৭ দিন এমন উঠানামা করতে পারে , চিন্তার কারণ নেই । ধন্যবাদ",fever
ferver somtime and cold I don ' t know what I do,symptoms
"বাচ্চার ওজন ১৫কেজি আছে । জ্বর আছে ১০২ । বাচ্চার বয়স ৪বছর ৫মাস । Amar bacchar ghum theke uthe dekhi jor ashce . sey jor aj k sara din dhore ey ache . paracetamol dilam tate ektu somoy er jnno ektu jor komleo abar jor uthtese . hath paa thanda , rate bomi + pet batha kore paykhana korse",fever
ডাক্তার ভাই কে প্রশ্ন করার জন্য ধন্যবাদ । Rx Tab Beklo 5mg 1 + 1 + 1 After meal - 7 days Cap Sergel 20mg 1 + 0 + 1 Before meal - 10days Tab Myolax 1001 + 0 + 1 After meal - 7 days এই ঔষধ খেতে পারেন আপনি সরাসরি একজন Orthopaedic specialist এর পরামর্শ নিতে পারেন ধন্যবাদ,medicine
"ডাক্তার ভাইকে প্রশ্ন করার জন্য ধন্যবাদ । ওষুধের পার্শ্ব প্রতিক্রিয়া হিসাবে পেট ব্যথা হতে পারে । আপনি এ বিষয়ে যে চিকিৎসক আপনাকে প্রেসক্রিপশন করেছেন , তার পরামর্শ নিতে পারেন । Tab Motigut 10 , একটি করে ট্যাবলেট , তিন বেলা পাঁচ দিন খেতে পারেন । ধন্যবাদ",symptoms
ধন্যবাদ আপনাকে প্রশ্নের জন্য । মাথার ত্বক পরীক্ষা করে দেখতে হবে ৷ সরাসরি একজন স্কিন বিশেষজ্ঞ ডাক্তারের পরামর্শ নিন । ধন্যবাদ,doctor
আপনাকে ধন্যবাদ প্রশ্ন করার জন্য । আপনি যেহেতু ৮মাস আগে স্ট্রোক করেছেন তাই আপনার এই সমস্যা হতে পারে । আপনি একজন মেডিসিন বিশেষজ্ঞ র সাথে যোগাযোগ করুন । ধন্যবাদ,emergency
ডাক্তার ভাই কে প্রশ্ন করার জন্য ধন্যবাদ আপনি খাওয়ার আগে Tab Motigut 10mg প্রতি বেলা ১টা করে এবং Cap Sergel 20mg সকাল ও রাতে ১ টা করে খাবেন । Syp Asynta Max প্রতিবেলা খাওয়ার পর ৩ চামচ করে খাবেন আপনি দ্রুত একজন Gastroenterologist এর পরামর্শ নিতে পারেন । ধন্যবাদ,medicine
আপনাকে ধন্যবাদ প্রশ্ন করার জন্য । সর্দির জন্য সিরাপ এলাট্রল খাওয়াতে পারেন । ধন্যবাদ,fever
"Sir , Baby thanda legese ebong caugh ase . Doctor er junno cef 3 are fenadin and pulmolin ( salbutabol 2mg / 5 ml ) dease . kinto baby madicine khete gele bumi kore . Sir bumi junno motigut drop dile baby caugh bitore sokhabe .",symptoms
ওয়ালিকুম সালাম । ডাক্তার ভাই কে প্রশ্ন করার জন্য ধন্যবাদ । চোখের ডাক্তার দেখান । ধন্যবাদ ।,doctor
আমার লিঙ্গে এবং আশে পাশের বিভিন্ন জায়গাতে ফুসকুড়ি ভিষণ চুলকায় কোন ঔষধ খেতে হবে,symptoms
আমার বয়স ৩২ বছর । আমার পেটে প্রচুর গ্রাস । dr দেখিয়েছি কোন সমাধান পাচ্ছি না,symptoms
ডাক্তার ভাইতে প্রশ্ন করার জন্যে আপনাকে ধন্যবাদ । Tab - Emistat 8 mg ১ + ১ + ১ বমি হলে প্রয়োজন মত ব্যবহার করুন । একজন গাইনি বিশেষজ্ঞ চিকিৎসক এর পরামর্শ নিয়ে পরবর্তী চিকিৎসার ব্যবস্থা নিবেন ।,medicine
আপনার প্রশ্নের জন্য ধন্যবাদ । মোনাস ১০ মিগ্রা খান দুই বেলা । নেবুলাইজার আনিয়ে রাখুন বাসায় যেন প্রয়োজনে তাৎক্ষনিক ব্যবহার করতে পারেন । ধন্যবাদ,medicine
গত মাসে জলবসন্ত হয়েছিল । মুখে বসন্ত বের হওয়ার কারণে কালো দাগ আর গর্ত হয়ে গেছে । এইগুলো দূর করার জন্য কী করতে পারি ?,symptoms
"সার , , আমার মাথা ঘোরায় । শরীর থরথর করে কাপে । শরীর দুর্বল লাগে । এমতাস্বাতায় আমি কি করতে পারি । জানাবেন",symptoms
"বাচ্চার বয়স ৮ মাস , ওজন ৭ . ৬ কেজি । চিকেনপক্সের সাথে গায়ে জ্বর । নাপা পেডিয়াট্রিক ড্রপ কী পরিমাণ খাওয়াতে হবে ?",fever
ডাক্তার ভাইকে প্রশ্ন করার জন্য ধন্যবাদ । ব্যথার জন্য আপাতত Tab Algin 50 - একটি করে ট্যাবলেট তিন বেলা খেতে পারেন দুই থেকে তিন দিন । কিন্তু পার্মানেন্ট সুস্থতার জন্য আপনি অবশ্যই একজন মেডিসিন বিশেষজ্ঞের পরামর্শ নিন । ধন্যবাদ,medicine
কাজের প্রতি মনোজগ থাকে না আমারে কেউ যদী কিছু বুঝায় তখন আমি তার কথা শুনি কিন্তু তখন আমার মন এমনেই একটা কথা ভাবে যা আমি নিযেও জানি না যার ফলে কাজের প্রতি মনোযোগী হতে পারি না,nutrition
ডাক্তার ভাই কে প্রশ্ন করার জন্য ধন্যবাদ । বার বার প্রস্রাব ছোট বাচ্চাদের অনেক সময় হয় । যদি অন্য কোন অসুবিধা না থাকে তাহলে সমস্যা নেই । আর অসুবিধা থাকলে শিশু বিশেষজ্ঞ র পরামর্শ নিন । ধন্যবাদ ।,doctor
অফিস থেকে বাসায় ফেরার সময় গাড়িতে খুব suffocated লাগছিল ৷ বমি বমি লাগছিল এবং শরীর সামান্য কাপছিল ৷ বাসায় এসে মেপে দেখি আমার প্রেসার 110 / 80 I অক্সিমিটারে পালস্ 48 - 57 range - এ ৷ অক্সিজেন স্যাচুরেশন 99 ৷ এখন শরীর দুর্বল লাগছে ৷ মাথায় অসস্থি বোধ করছি ৷ এখনও সামান্য বমি বমি লাগছে ৷ ঘাড়ের দু ' পাশে একটু টান অনুভব করছি ৷ এ অবস্থায়় আমার এখন কি করা উচিত ? আমি High Pressure এর জন্য Cardizem 90 এবং Osartil 50 খাই ৷ আজ প্রেসার এর ওষুধ বাদ দিব কিনা জানাবেন ।,symptoms
প্রেসাব করার পরে ক্লিয়ার না হলে কি করব প্রেসাব করার পরে ও হাটাহাটি করলে কিছু পরিমাণ বের হয়,symptoms
"আসসালামুয়ালাইকুম , আমার মেয়ের বয়স ৭ মাস ২০ দিন , বাবুটার প্রসাবের রাস্তার আসে পাশে ও পিছনে সহ ছোট ছোট গুটার মত উঠছে যা চুল্কানির মত দেখতে , আমরা গরম পানি লবন সহ টিস্যু পেপার দিয়ে মুছে দিছছি , কিন্তু এক জায়গায় সেরে যায় তার পাশে আবার নতুন করে আবার হয় । কি করতে পারি ? ?",symptoms
আপনাকে ধন্যবাদ প্রশ্ন করার জন্য । আপনি দুশ্চিন্তা করবেন না । রাত জাগবেন না । পানি বেশি করে পান করুন । পায়খানা নরম রাখুন । মুখ পরিষ্কার রাখুন । না দেখে ব্রণের দাগ দূর করা ওষুধ দেওয়া যাবে না । আপনি একজন চর্মরোগ বিশেষজ্ঞ কে দেখান । এখন অনেক ভালো ভালো চিকিৎসা এসেছে । ধন্যবাদ ।,doctor
"আপনাকে ধন্যবাদ প্রশ্ন করার জন্য ৷ আপনি কাচ কলা , জাউ ভাত , শিং মাছ খান । ওরস্যালাইন খান এক গ্লাস করে প্রতিবার পাতলা পায়খানা হলে । একজন মেডিসিন ডাক্তারের পরামর্শ নিন । ধন্যবাদ",medicine
Thank you for asking your question to daktarbhai . Apnar skin er je problem seta na dekhe oshud deya jabe na . valo hoy apni akjon dermatologist er shate consult koren .,doctor
my son says he feel pain inside middle abdomal . he is not interested in nothing to eat . only say pain in abdomal . his age is 5 years old . today noon he eat huge amount of chips and biraney in his Nani basa .,symptoms
"ডাক্তারভাইকে প্রশ্ন করার জন্য ধন্যবাদ । স্ট্রোক হয়ে থাকলে , না রক্ত দান করা যাবে না । এতে স্ট্রোকের রোগীর পুনরায় স্ট্রোক হবার সম্ভাবনা থাকে ও হার্ট ফেইলারের ঝুকিও বেড়ে যায় । সে সাথে স্ট্রোক পরবর্তী যে ঔষধ খাওয়া হয় রক্ত দান করলে তা উল্টো reaction করতে পারে । ধন্যবাদ ।",emergency
আপনাকে ধন্যবাদ প্রশ্ন করার জন্য । আপনি এইস প্লাস আরেকটা খান । কিছুক্ষন বিশ্রাম নিন । মোবাইল ব্যবহার করবেন না । টিভি দেখবেন না । এরপরে ভাল না হলে একজন চক্ষু বিশেষজ্ঞ ডাক্তার কে দেখিয়ে নিন । ধন্যবাদ ।,medicine
Thanks for your question to daktar bhai . apni chit hoye shuben na . ekdike kat hoye shuben . ghore mask use korun . aeivabe thik na hole ekjon chest specialist dekhan . Thanks,doctor
"স্যার আমার বয়স ২২ আমার চেহারা অনেক তৈলাক্ত এবং অনেক বেশী ঘাম বের হয় , গরম লাগলে শরীর না ঘামিয়ে চেহারা ঘামায় এ জন্য চেহারাটা সর্বাবস্থায় কলো দেখা যায় । এখন আমি কি করবো একটু জানাবেন আশা করে . . .",symptoms
"My son , 5 years having red watery eyes from last 5 / 6 days . What medicine to give . He has no other symptoms .",symptoms
"pregnant 7 mash , pressure onk low 80 / 40 i ketre ki koronio suggested and prescription cai sir or mam ?",symptoms
"আমার ছেলের বয়স ২ . ৬ বছর , কৃমি হয়েছে মনে হয় । পায়খানার রাস্তা ভীষণ চুলকায় । ৫ / ৬ দিন যাবৎ ২ / ৩ নলা ভাত খায় , এর বেশি খায় না । শুকনো খাবার খেতে চায় ।",nutrition
ডাক্তার ভাইকে প্রশ্ন করার জন্য ধন্যবাদ । আপাতত কিছুদিন যৌন - সহবাস থেকে বিরত থাকুন । এবং অতি দ্রুত একজন অভিজ্ঞ স্ত্রীরোগ বিশেষজ্ঞের ( গাইনোকোলজিস্ট ) পরামর্শ নিন । ধন্যবাদ,doctor
ডাক্তার ভাইতে প্রশ্ন করার জন্যে আপনাকে ধন্যবাদ । একজন শিশু বিশেষজ্ঞ চিকিৎসক কে দেখান ।,doctor
6 - 7 মাস জাবদ হাঁচি পচুর পরি মানে । নাকে কখন ধুলা ডুকলেও এমন টা হয়ে থাকে । ( অ্যালসেট ) খাবার পর কিছুটা সময় ভালো পরে আবার সুরু হয় হাঁচি । এর থেকে মুক্তির উপায় ।,nutrition
"আম্মার স্ট্রোক করেছিল ডান পাশ প্যারালাইজড হয়ে বিছানায় ছিল বেশ কিছুদিন এখন হাটাচলা সবই করতে পারে । উনি betaloc 50 খেতেন কিছুদিন আগে সিএমএইচে ডাক্তার দেখালে বেশ কিছু ওষুধ দেন ডাক্তার compaid , sergel , bislol , atova , cavinton , pase , bisopress দেন কিন্তু এই লক ডাউনের কারনে ওষুধ ও আর্থিক সংকট এর কারনে উনি আবার শুধু betaloc খাচ্ছেন এ ক্ষেত্রে কি উনি আগের গুলোই খাবেন নাকি শুধু বেটালক খেলেই চলবে , জানালে উপকৃত হব ।",emergency
ধন্যবাদ আপনার প্রশ্নের জন্য । আপনার । ছেলে কে বেশি করে পানি খাওয়ান । যদি আপানার ছেলের বয়স ছয় মাসের বেশি হয়ে থাকে তাহলে ভিটামিন সি জাতীয় খাবার খাওয়ান । অবস্থার উন্নতি না হলে প্রস্রাব টেস্ট করতে হবে । ধন্যবাদ ।,nutrition
আপনাকে ধন্যবাদ প্রশ্ন করার জন্য । এক মাস ধরে মাথা ব্যাথা থাকলে এবং নাপা খেলে না কমলে অবশ্যই একজন নিউরোমেডিসিন ডাক্তার কে দেখাতে হবে । ধন্যবাদ,medicine
ডাক্তার ভাই কে প্রশ্ন করার জন্য ধন্যবাদ না পারবেন না আপনি একজন Gynae বিশেষজ্ঞ চিকিৎসকের পরামর্শ নিতে পারেন ধন্যবাদ ।,doctor
আমার মেয়ের বয়স ২ বসর ৭ মাস । ও ইচ্ছে করে পায়খানা করে না । পায়খানার চাপ আসলে পা চেপে ধরে রাখে যেন টয়লেট না হয় । প্রায় ১ সপ্তাহ পরে ১ বার একটু পায়খানা করে । এই ভাবে গত ৪ মাস যাবত চলছে । গ্লিসারিন use করে দেখেছি কিন্তু কোন কাজ হয়নি । এই অবস্থায় কি করনিয় ।,symptoms
আমার ছেলের বয়স পাঁচ মাস 20 দিন । নখ কাটতে যেয়ে তার হাতের কিছুটা আঙ্গুল কেটে গেছে এক্ষেত্রে কি করনীয় ।,symptoms
"সরিল দুর্বল , নাক মূক কান দিয়ে ভিতর থেকে গরম হওয়া বের হয় , অস্তির করে , বমি বমি ভাব , সরিল কাপে , মাথা অন্দকার হয় এ যায়",symptoms
প্রশ্ন করার জন্য ধন্যবাদ । এ ধরনের সমস্যা অনেক কারণে হয়ে থাকে । আপনি একজন স্কিন স্পেশালিস্ট কে দেখান কারণ না দেখে চিকিৎসা দেওয়া সম্ভব নয় । ধন্যবাদ ।,doctor
আপনাকে ধন্যবাদ প্রশ্ন করার জন্য । আপনার যেহেতু বার বার এই ব্যাথা হচ্ছে তাই আপনাকে কিছু পরীক্ষা করা প্রয়োজন । প্রাথমিকভাবে ট্যাবলেট লং প্যারা একটা করে দুই বেলা খেতে পারেন । একজন অর্থপেডিক্স বিশেষজ্ঞ চিকিৎসক কে দেখিয়ে নিন । ধন্যবাদ ।,symptoms
আমার বাচ্চার বয়স ৬ মাস ২০ দিন । ৪ / ৫ দিন ধরে সর্দি কাশি । গলার আওয়াজে বুঝা যাচ্ছে হালকা কফ জমে আছে । Antista syrup টা রাতে হাফ চামচ করে ৪ দিন খাইছে কিন্তু এখনো কফ জমে আছে । মায়ের বুকের দুধের সাথে হালকা খিচুড়ি খায় এখন । কি ওষুধ দিতে পারি ? ?,fever
"Thanks for your question . stop worrying too much . don ' t take sleeping pills on a regular basis . it will make situation worse . it causes tolerance and dependency . take a warm shower before sleep . go to bed early . turn off all the lights , noise and phone . don ' t drink tea or coffee . thanks",medicine
আপনাকে ধন্যবাদ প্রশ্ন করার জন্য । আপনি যেহেতু ঔষধ খেয়ে ভাল হন নি তাই অপারেশন লাগতে পারে । অপারেশন একেক জায়গায় একেক রকমের হয় । ডাক্তার ভিন্নতায়ও পরিবর্তন হয় । আপনি আপনার ডাক্তারকে দেখিয়ে নিন । ধন্যবাদ ।,symptoms
কিছুদিন আগে শরীর কাপুনি + শীত অনুভূত হয় । ইদানীং এটা ঘন ঘন ই হচ্ছে । কালকে দুপুরে হয়েছিল । রাতে ঘুমানোর আগেও । আবার আজকে সকালে ও হয় । বিশেষ করে খালি পেটে ই মনে হয় এই সমস্যা টা বেশি হয় । হাত পায়ের পেশীগুলো কাঁপতে থাকে । সাথে শীত লাগে । অস্থির লাগে তখন । কোনো ধরনের টেস্ট করার দরকার হলে বলবেন প্লিজ । প্রসঙ্গতঃ আমি করোনা পজিটিভ ছিলাম । গত মাসের ২১ তারিখ ২য় টেস্টে নেগেটিভ আসে ।,fever
"আমার একটু সমস্যা আছে আমি সমাধান চাই ? ? ? ? ? ? আমার পিরিয়ড রেগুলার মাসে হয় না , , এনিয়ে এবার একটু বেশি সমস্যা হচ্ছে , , , প্লিজ হেল্প মি ?",symptoms
আমার বয়স ৩৫ বছর । গত ১০ / ১৫ দিন আগে চিকেন ফক্স উঠছে কিন্তু মুখের এবং গায়ের দাগ রয়ে গেছে । এখন আমি কি করনীয় । জানাবেন ।,symptoms
"৭ / ৭ / ২১ তারিখে আমার করোনা পজেটিভ হয়েছে , আজ থেকে একটু করে গালা সুং সুং করতিছে আর কাশির মতো ভাব হচ্ছে এর জন্য কোন মেডিসিন খাবো ? কবে আবার ফলোআপ টেষ্ট করাবো এবং আমার কর্মক্ষেত্রে যোগদান করতে পারবো ? একটু জানান প্লিজ ,",fever
"আমার প্রায়ই বাথরুম সক্ত হয়ে যায় , , , এই গত ৫ / ৭ দিন যাবৎ আমি আমার বাথরুম নাহবার কস্টে ভুগছি , , , এবং আমার সরিল ব্যাথাও কোরতেছে , , আমার মলদারে ব্যাথা হোচ্ছে , প্রথমে রক্ত পোরতেছিল , কিন্তু ( সিপরসিন ) খাবার পরে রক্ত পরা বন্দ হোয়েছে , , কিন্তু ব্যাথা এখনো আছে , , , তার পরে , ( এভোলাক সিরাপ খেয়েছি , , কিন্তু আমার সরিল ব্যাথা কুমছেনা , , , পায়ের তালুতে এবং জয়েন্টেও ব্যাথা হচ্ছে , মনে হচ্ছে আমি প্রচুর দৌরা দৌরি কোরেছি কিন্তু না আমি দৌরাই না , , , আমি এখন কি করতে পারি , ,",nutrition
আমার রক্তে হিমোগ্লোবিনের পরিমাণ বর্তমানে ৮ . ২ । হিমোগ্লোবিনের পরিমাণ বাড়ানোর জন্য এখন আমার কি খাওয়া উচিত ?,symptoms
ডাক্তার ভাইকে প্রশ্ন করার জন্য ধন্যবাদ পরিপূর্ণ পরিষ্কার পরিচ্ছন্নতা মেনে চলবেন এবং এবং এক বছর বয়স সম্পূর্ণ হলে বিশেষজ্ঞের পরামর্শ নিয়ে কৃমির ওষুধ খাওয়াবেন । ধন্যবাদ,medicine
"আমার স্ত্রীর বয়স ৩৩ । দেড় বছরের দুধ পান করে এমন বাবু আছে । ৪ দিন ধরে জ্বর , শরীর ব্যাথা , মাথা ব্যাথা । মুখে কোন স্বাদ নেই , দুর্বলতা আছে । শুরু হয়েছিল শরীর ব্যাথা নিয়ে । এরপর জ্বর ও মাথা ব্যাথা । জ্বর সবসময় থাকে না , রাতের দিকে বেশি থাকে । জ্বর আসলে ১০৩ / ১০৪ পর্যন্ত হয় । স্থানীয় হাতুড়ে ডাক্তার দেখিয়ে Napa , Napa Extra , Alatrol এলোমেলোভাবে খাওয়ানো হচ্ছে । মাঝখানে ২ টা Acetram খাওয়ানো হয়েছে ।",fever
ডাক্তার ভাইতে প্রশ্ন করার জন্যে আপনাকে ধন্যবাদ । আপনি Tab - zimax 500 mg 1 + 0 + 0 এভাবে ৫ দিন দিতে পারবেন । দুধ জাতীয় কোনো খাবার মার আমাশয় ভাব থাকা পর্যন্ত খাওয়া যাবেনা . . .,nutrition
assalamualaikum doctor . My throat is burning and paining very much for 3 days . Can you please suggest what should I do now,symptoms
"গ্রাহক , ডাক্তার ভাইকে প্রশ্ন করার জন্য আপনাকে ধন্যবাদ । আপনি কিছুদিন অপেক্ষা করুন । মাসিক২১ - ৩৬ দিনের মধ্যে হতে পারে । প্রেগ্নন্যান্সি টেস্ট করাতে পারেন । যদি নেগেটিভ আসে তাহলে অবশ্যই ঔষধ সেবন করতে হবে । ধন্যবাদ ।",doctor
"শরীর সব সময় সাভাবিকের থেকে বেশি গরম থাকে , এতে কি কোন সমস্যা হয় , কেন হয় ? কিভাবে দূর করতে পারি ? ?",symptoms
"আমার মেয়ে বয়স ১০ বছর প্রায় ১বৎসর যাবৎ বিভিন্ন যায়গায় মেডিসিন , শিশু , কিডনি শেষ শিশুহাসপাতালে পেডিয়েট্রিকস ও সার্জারি বিভাগেও ডাক্তার দেখিয়েছি সকল প্রকার ব্লাড , আলট্রাস্নোগ্রাম ও এন্ডোসকপি করিয়েছি সব রির্পোট নরমাল সব ডাক্তার রির্পোট দেখে শুধু গেসটিকের আর কিমির ঔষধ ছাড়া কিছুই দেয় না আর কিছু খাবারের নিয়ম দেয় তাদের সাজেশন মতই চলি কিন্তুু কিছুতেই পেট ব্যাথা কমে না রাএে ব্যাথা বেশি হয় দিনে কম থাকে ব্যাথা নাভির চারপাশেই থাকে এখন আমরা কি করতে পারি কোথায় গেলে সমাধান পাব জানালে উপকৃত হব ।",nutrition
"গ্রাহক , ডাক্তার ভাইকে প্রশ্ন করার জন্য আপনাকে ধন্যবাদ । আপনি রোগীকে নিম্নলিখিত ঔষধগুলো খাওয়াতে পারেন - Tab . Todol 10mg ১ + ১ + ১ - - - - পায়ে ব্যথা হলে ( ভরা পেটে ) Cap . Sergel 20mg ১ + ০ + ১ - - - - ৭ দিন Tab . Calbo D ১ + ০ + ১ - - - - - ১ মাস Tab . Neuro B ১ + ০ + ১ - - - - ১ মাস এরপরও সমস্যা হলে আপনি একজন অর্থোপেডিক সার্জন এর সাথে সাক্ষাত করে তার পরামর্শ গ্রহণ করবেন । ধন্যবাদ ।",medicine
আমার ৩ দিন থাকি খুব শুকনো কাশি । রাতে দিনে সব সময় কাশি থাকতে । কাশি দিতে দিতে গলায় ব্যথা হইগেছে । এখন কি ওষুধ খাবো বলেন না স্যার ।,fever
ধন্যবাদ আপনাকে প্রশ্নের জন্য । আপনি একজন গাইনি চিকিৎসকের পরামর্শ নিন । ধন্যবাদ,doctor
একটা ভালো ময়েশ্চারাইজার ক্রীম এর নাম জানাবেন স্যার . . ? ?,medicine
আমাকে ভালো gynecologist সাজেস্ট করতে পারেন ? ?,doctor
Thank you for asking question to Daktar Bhai . Plsease do test for Covid19 & consult with a gynecologist immediately . Thank you .,doctor
"আমার জ্বর + মাথা ব্যাথা গতকাল রাতে ইনজেকশন কার পর জ্বর মাথা ব্যাথা দুটোই সেরে গেছে , , এই গুলো কি করোনার লক্ষন",fever
"আমার কোভিড - ১৯ পজিটিভ , গতকাল রাতে মেসেজে জেনেছি , বাসাতেই আলাদা রুমে আছি এখন কি কি ঔষধ খেতে হবে ?",fever
"Thank you for asking your question to daktarbhai . Vaccine dewar por oneker jor ashe , thanda lage , hate betha kore . Apnar wife er ai problem gula hotew pare abar naw hote pare . Jehetu apnader baby onek choto akhon . 1 - 2 month por dite paren .",symptoms
আমার বয়স 33 আমার ওজন 53 তবে ওজন ও শরীর এর গঠন অপেক্ষা আমার প্রেসার সবমসময় বেশি থাকে । আর খাবারের প্রতি সবসময় অরুচি থাকে । খাবারের রুচি কিভাবে বারানো জায় ? আর প্রেসার 140 / 90 r L . profile s cholesterol - 191 mg / dl s triglyceride - 182 hdl - 38 ldl - 116 এখন এটা কি সাভাবিক এর থেকে বেশি আছে নাকি নরমাল ? একটু জানালে উপকৃত হবো ধন্যবাদ ।,nutrition
"ডাক্তার ভাই কে প্রশ্ন করার জন্য ধন্যবাদ । আপনি কি বলতে চাচ্ছেন , বাচ্চার হাগু কষা ? যদি এমন হয় , তবে বাচ্চা বেশি করে সহজপাচ্য নরম খিচুড়ি খাওয়ান , বুকের দুধ ও পানি খাওয়াবেন । তারপরও অবশ্যই একজন শিশু বিশেষজ্ঞের পরামর্শ নিন । ধন্যবাদ ।",doctor
"১ সপ্তাহ যাবত মুখের ভিতর ডান দিকের টনসিলের মধ্যে কিছু আটকে আছে , সাদা / হলদে হালকা কনার মত , কোনো ব্যাথা নেই , তবে বের হচ্ছে না জিনিসটা । গিলার সময় ব্যাথা লাগে না ।",symptoms
Thank you for asking question to Daktarbhai . There are lots of reason for hairfall . Give her cap . Zif 0 + 1 + 0 - - 1 month . Tab . Floriz 1000mcg - - 0 + 1 + 0 - - - 1 month . Tab D - Rise 2000 IU - 0 + 1 + 0 - - 1 month . Drink lots of water . Eat Protien rich food like egg . meat . fish . Consulat a dermatologist physically . Thanks .,medicine
Thyroid hormone balance er problem hote pare . Thyroid specialist dekhan . Thanks,doctor
ডাক্তারভাইকে প্রশ্ন করার জন্য ধন্যবাদ । জ্বী খেতে পারবেন । ৬ মাস পরপর কৃমির ঔষধ খাওয়া যায় । Tab Alben DS 400mg 1 + 0 + 0 on empty stomach for 3 days . এ ঔষধটি খেতে পারেন । ধন্যবাদ ।,medicine
A lot of gas has accumulated in the stomach . There is a lot of pain in the back because the gas does not come out . This happens from time to time . Which medicine will release gas immediately ?,symptoms
ডাক্তার ভাইতে প্রশ্ন করার জন্যে আপনাকে ধন্যবাদ । আপনি Tab - Telfin 250 mg 1 + 0 + 0 ১৪ দিন খাবেন । Tab - fexo 120 mg 0 + 0 + 1 ১৪ দিন খাবেন । combiderm ointment দিনে ৩ বার মাখবেন ১ মাস ।,medicine
আমি ব্রেস্ট ক্যান্সার রোগী । গত সপ্তাহেই ১৫ টা রেডিয়েশন দিয়ে এসেছি । বেশি নাড়াচাড়ার ফলে রেডিয়েশন দোয়া স্থানের চামড়া ছিড়ে গেছে । বোশ কয়েকদিন হলো । শুকাচ্ছে না । কি করবো ?,nutrition
আমি ডায়বেটিসের রোগী । প্রায় দুই বছর আগে আমাকে ডাক্তার ডায়বেটিসের জন্য ওষুধ খেতে দিয়েছিলেন । তখন আমার ডায়বেটিস অনেক হাই ছিল । কিন্তু হঠাৎ করেই ১ বছর পরে আমার ডায়বেটিস নরমাল হয়ে যায় । তাই ডাক্তার আমাকে ওষুধ খাওয়া বন্ধ করতে বলে । কিন্তু এখন কয়েক মাস ধরে একটু কম মিষ্টি খেলে আমার ডায়বেটিস হঠাৎ করে অনেক কমে যায় ( ২ - ৪ এর মধ্যে থাকে ) আবার একটু মিষ্টি খেলেই ডায়বেটিস ৭ - ১২ এর মধ্যে চলে আসে । এখন আমার ডায়বেটিস কমা - বাড়ার মধ্যে আছে । আর আমি ডায়বেটিস বাসায় মাপি । এখন দেশের অবস্থা ভালো না তাই আমি কি করতে পারি ? ? দয়া করে জানাবেন ।,symptoms
"only sordi , gotokal theke . age 3 years . suggest pls",symptoms
আপনাকে ধন্যবাদ প্রশ্ন করার জন্য । অনেকদিন প্লাস্টার করার থাকলে এমন সমস্যা হতে পারে । আপনি ঘুমানোর সময় পা বালিশের উপর দিয়ে শুবেন । পায়ের ব্যায়াম করবেন । ফোলা কিছুদিনের ভিতর না কমলে একজন অর্থপেডিক্স ডাক্তারের পরামর্শ নিতে পারেন । ধন্যবাদ,doctor
আমার অনবরত ঘার বাএথা করে মাথা উথাতে পারিনা । এখন কি করবু । পেসার কম ৬০ / ৮০ থাকে অনেক কিচু করচি কিন্তু কিচু হচ্চে না,symptoms
নিচের পরীক্ষা করে যোগাযোগ করবেন - TSH - FT4 Dr < NAME > Mbbs,doctor
"আপনাকে ধন্যবাদ প্রশ্ন করার জন্য । অনেক ধরনের ডায়েট চার্ট আছে । আপনার খাদ্যাভ্যাস এর উপর নির্ভর করে তা ঠিক করলে আপনি সবচেয়ে উপকার পাবেন । আমি আপনাকে একটি সহজ কিন্তু কার্যকর ডায়েট করার পরামর্শ দিচ্ছি , যা আপনার কাজে লাগতে পারে । আপনি charbohydrate জাতীয় খাবার যেমন ভাত , রুটি , আলু বাদ দিন । দৈনিক ১০ ঘন্টা খাবেন এবং ১৪ ঘন্টা খাবেন না ( ঘুম সহ ) । পানি খাবেন ১৪ গ্লাস । মিষ্টি , চিনি খাবেন না । ইসুপগুলের ভুষি খাবেন । আপনি প্রয়োজনে একজন ডায়েটিসিয়ান এর পরামর্শ নিতে পারেন । ধন্যবাদ",nutrition
মাঝে মাঝে আমার বুকের মাঝখানে ব্যাথা হয় এবং লম্বা সময় ৫ - ১০ মিনিট পর্যন্ত স্থায়ী হয় । এই ব্যাথা আাগেও ছিল কিন্তু ঠান্ডা লাগলে কাশি দিলে করত । এমতাবস্থায় আমার কি করণীয় ।,fever
"আমার মেয়ের বয়স ১৪ মাস ২৬ দিন । মায়ের দুধের পাশাপাশি অনান্য স্বাভাবিক খাবার খাওয়ানো হয় । কিন্তু খাবারের প্রতি তার খুব অনিহা । ডাক্তারের পরামর্শ অনুয়ায়ী Fogo vitamin ওষুধ টা খাওয়ানো হয়েছে , গতো সপ্তাহে ঐটি শেষ হলো । ➡️ এখন কি তাকে কৃমির ওষুধ খাওয়ানো যাবে ?",nutrition
Proshno korar jonno dhonnobad . unake ekjon bisheshoggo doctor dekhan regular check up r jonno edhoroner shomossha r onek karon ache ja aro bistarito vabe unake dekhe treatment dite hobe . dhonnobad .,doctor
আমার কয়েকদিন আগে পাতলা পায়খানা এবং শরিরের প্রচন্ড দূর্বলতা অনুভব হয়ছিল । ডাক্তার ডায়রিয়ার ঔষধ দিছিল এবং স্যালাইন দিছিল । কাল ২৩ - ০৫ - ২০২০ থেকে মনে হচ্ছে গলাই কিছু একটা আটকে আছে । আমি এখন কি করতে পারি ।,symptoms
আমার পেটে গ্যাস্ট্রিকের সমস্যা প্রচুর । পেট ফুলে থাকে বেশিরভাগ সময় । পায়খানা হয়না ঠিকমতো । আমি এখন কি করতে পারি ?,symptoms
"Thank you for your question Take tab . Napa500mg 1 + 1 + 1 for 2days . Tab . Nomi2 . 5mg when severe headache occurs , once a day . Use Vicks balm on forehead . Avoid light . Forcommon cold tab . Alatrol 0 + 0 + 1 for 5days . Thank you",medicine
"Amar 9tarikh theke jor danda cilo goto kal r aj kono jor nai . gola betha nai , dhanda vitore acr but pani pore na . mukhe test nai . kono kicor gondho paina . ami aj coronar symbol dieci . result 72 hours por asbe . bole rakha valo ami field level a kaj kore . amar colleague er dula vai corona positive hoe icu te mara gecen last 8tarikh a . oi collegue j corona positive cilo seta amader janai ni . ami soho 7 tarikh a tar sathe 12 jon choto 1 room a meeting koreci se mask cara cilo sara meeting a . amader 12 joner 1 jon positive asce . ami akhn ki medicine khabo . amar kono jor nai .",symptoms
"dear sir i have taken 40 tablets betanol 50 mg , 80 tabs agoxin 0 . 25 and 5 tabs paloron also 23 tabs disopan 2 , , , , because i debts more than 25 lac , , , i have not capacity solving this problem . . . . so sir can i now dead ? ? ? please help me for answer this question . ?",medicine
"Assalamoalaikum , i am feeling feverish , have soar throat . What to do ?",symptoms
ডাক্তার ভাই কে প্রশ্ন করার জন্য ধন্যবাদ । একজন কান বিশেষজ্ঞ দেখান । খিদা পেলে যেটা পছন্দ করে অল্প অল্প করে বার বার দিতে পারেন । ধন্যবাদ ।,doctor
আপনার প্রশ্নের জন্য ধন্যবাদ । ওনার সাথে সরাসরি কথা না বলে সমস্যা সমাধান সম্ভব নয় । বিশদ আলোচনার জন্য আপনি একজন গাইনি চিকিৎসকের পরামর্শ নিন । আপনি এই এপের মাধ্যমে ভিডিও কনফারেন্সে চিকিৎসকের পরামর্শ নিতে পারেন । ধন্যবাদ,doctor
"ডাক্তার ভাই কে প্রশ্ন করার জন্য ধন্যবাদ । Tab Aristosilver 0 + 1 + 0 30 days খাওয়ার পর । লেবুর শরবত , ফলের রস এ দুর্বলতা দ্রুত কাটবে । ডিম , দুধ দিবেন । ধন্যবাদ ।",nutrition
আপনাকে ধন্যবাদ প্রশ্ন করার জন্য । আপনি ট্যাবলেট ওমেপ্রাজল ২০মিলিগ্রাম সকালে ও রাতে একটা করে খাবার আগে খেতে পারেন । সিরাপ এন্টাসিড প্লাস খাবার পরে খেতে পারেন । একজন গ্যাস্ট্রোএন্টারোলোজিস্ট কে দেখাতে পারেন । ধন্যবাদ ।,nutrition
আসসালামু আলাইকুম । আমার ওয়াইফের পায়ের বৃদ্ধা আঙ্গুলের নখের কোণা ডেবে আঙ্গুল ফুলে পয়জন সৃষ্টি হয়ে গেছে প্রচুর ব্যাথা অনভব হয় এমন অবস্থায় করনীয় কি ?,symptoms
Thank you for asking question . You should consult with an ENT specialist . Thank you,doctor
ডাক্তার ভাইকে প্রশ্ন করার জন্য ধন্যবাদ । অবশ্যই দুই বেলা দাঁত মাজবেন । এবং ডেন্টিস্টের পরামর্শ নিবেন । ধন্যবাদ,doctor
আসসালামু আলাইকুম । Vitam D 2000IU table প্রাপ্তবয়স্করা কিভাবে খাবে ? শিশুরা কিভাবে ? প্রতিদিন কয়বার ? বিস্তারিত জান্ন্তে চাই । বাদিউজ্জামান,medicine
"আপনাকে ধন্যবাদ প্রশ্ন করার জন্য । আপনি আদা , মধু , গরম পানি খান । সিরাপ হানিকল দুই চামচ করে তিন বেলা খেতে পারেন । একজন ডাক্তার কে দেখিয়ে নিলে ভাল করবেন । ধন্যবাদ ।",medicine
"ডাক্তার ভাই কে প্রশ্ন করার জন্য ধন্যবাদ । না দেখে তো বলা যায় না তারপরও মনে হচ্ছে acute pharyngitis . আপনি হাল্কা গরম পানি তে লবন মিশিয়ে গড়গড়া করবেন । tab , fexo 120 mg 0 + 0 + 1 . . . ৭ দিন , cap , rofuclav 500mg 1 + 0 + 1 . . . ৫দিন এবং ব্যাথা বা জ্বালা করলে tab , napa extend 1 + 1 + 1 ( খাবার পরে ) . . . ৫দিন খাবেন . । আশা করি কমে যাবে । পরবর্তীতে নাক কান গলা বিশেষজ্ঞের পরামর্শ নিবেন । ঠান্ডা জাতীয় খাবার থেকে বিরত থাকবেন ।",nutrition
ধন্যবাদ আপনাকে প্রশ্নের জন্য । Fexo ৫ দিন চালিয়ে যান । ধন্যবাদ,medicine
"ধন্যবাদ আপনাকে প্রশ্ন করার জন্য । মোনাস ১০ মিগ্রা খান । আপনি গরম পানি লবণ দিয়ে গড়গড়া করুন । আদা চা , মধু , সিভিট খান । গরম পানি খাবেন একটু পর পর ।",medicine
আপনাকে ধন্যবাদ প্রশ্ন করার জন্য । ট্যাবলেট ওমেপ্রাজল ২০ মিলিগ্রাম খেতে পারেন । সিরাপ এন্টাসিড প্লাস দুই চামচ করে তিন বেলা খেতে পারেন । ধন্যবাদ ।,medicine
Thank you for your question Tab . Napa500mg 1 + 1 + 1 for 3days . Tab . Fexo120mg 0 + 0 + 1 for5days . Take lemon ginger tea . Tab . Omidon for vomiting 1 + 1 + 1 for1day . Do a dengue NS 1 ag and covid test if symptoms persist for 2more days . Thank you,medicine
আপনাকে ধন্যবাদ প্রশ্ন করার জন্য । আপনি একজন নাক কান গলা রোগ বিশেষজ্ঞ এর পরামর্ষ নিন । ধন্যবাদ,doctor
"গ্রাহক , ডাক্তার ভাইকে প্রশ্ন করার জন্য আপনাকে ধন্যবাদ । আপনি নিকটস্থ সরকারি হাসপাতালে গিয়ে চর্ম ও যৌন রোগ বিশেষজ্ঞের সাথে সাক্ষাত করে তার পরামর্শ নিতে পারেন এবং সিরিয়ালের জন্য আপনি রিসিপশনের গিয়ে যোগাযোগ করুন । ধন্যবাদ ।",doctor
Thank you for asking your question to daktarbhai . You should consult with gynecologist as early possible .,doctor
"আমার মুখের স্কিন অনেক পাতলা ধরনের । দেখা গেছে অল্প কিছুখন বাহিরে থাকলে স্কিন কাল হয়ে যায় । আবার মুখের স্কিন কালার থেকে গলার স্কিন কালার বেশি কাল , ম্যাচিং করেনা । মুখ এবং গলার স্কিন কালার ধরে রাখার জন্য এবং শাইনিং করার জন্য কি করতে পারি ? ?",symptoms
আপনাকে ধন্যবাদ প্রশ্ন করার জন্য । আপনি প্যারাসিটামল ১ টা বা ২ টা খাওয়ার পর খেতে পারেন । একজন ডাক্তারকে দেখিয়ে নিন । পানি পান করুন । ধন্যবাদ,medicine
ডাক্তার ভাই এর সাথে থাকার জন্য ধন্যবাদ । কিছু প্রশ্নর উত্তর জানা প্রয়োজনঃঃ - জ্বর আছে কিনা ? - ঢোক গিলতে অসুবিধা হয় কিনা ? - আগে কখনো টনসিলের সমস্যা ছিল কিনা ? ঘরোয়া প্রাথমিক চিকিৎসা - - কুসুম গরম পানি তে এক চিমটি লবণ যোগ করে গড় গড়া করবেন দিনে ৩ - ৪ বার - ঠান্ডা পানি ও খাবার গ্রহণ করা যাবে না - ব্যাথা না কমলে / জ্বর থাকলে ডাক্তারের পরামর্শ অনুযায়ী এন্টিবায়োটিক কোর্স সম্পন্ন করতে হবে । উপরের প্রশ্নের উত্তর গুলো জানাবেন । Dr . < NAME > Mbbs ( DU ),fever
Daktar bhai ke question korar jonno dhonnobad . buker kothai betha hoi ? kotokkhon thake ? kaj korle ki betha bare ? rest a ki betha hoi ? apnar presure koto thake ? Thank you .,symptoms
ডাক্তার ভাইতে প্রশ্ন করার জন্যে আপনাকে ধন্যবাদ । শিরা অনেক সময় নীল দেখাতে পারে । আর আপনি এক্ষেত্রে একজন ভাস্কুলার সার্জন এর পরামর্শ নিতে পারেন ।,doctor
ডাক্তার ভাইতে প্রশ্ন করার জন্যে আপনাকে ধন্যবাদ । আপনি viodin ointment দইনে ২ বার ৩ বার ব্যাবহার করবেন । বেশি সমস্যা হলে কোনো চিকিৎসক কে দেখিয়ে ঔষধ খাবেন ।,medicine
ডাক্তার ভাই কে প্রশ্ন করার জন্য ধন্যবাদ । আপনি দ্রুত ওনার একটা ECG করানোর ব্যাবস্থা করুন আপাতত Tab Bextram gold রাতের বেলা ১ টা করে খাওয়াতে পারেন এই সমস্যার জন্য সরাসরি রোগী দেখা প্রয়োজন আপনি সরাসরি একজন Medicine specialist এর পরামর্শ নিন ধন্যবাদ,medicine
Thanks for your question to daktar Bhai . You have to examine your nipple by a doctor . Then only you will get solution . Thanks,doctor
"ডাক্তার ভাই কে প্রশ্ন করার জন্য ধন্যবাদ । আপনার আম্মার বয়স কত ? sgpt , Fasting blood sugar করে বিশেষজ্ঞ ডাক্তার এর সাথে কথা বলুন । ধন্যবাদ । প্রিয় গ্রাহক , আপনার রোগটির চিকিৎসার জন্য আরও বিস্তারিত তথ্য জানা দরকার । আপনি ডাক্তারভাই এপ্লিকেশন থেকে ' Video Call To A Doctor ' সার্ভিসটি ব্যবহার করে একজন ( * * * ) বিশেষজ্ঞ ডাক্তারের এপয়েন্টমেন্ট নিয়ে ভিডিও কল এ কথা বলতে পারেন এবং ডাক্তারএর লেখা প্রেস্ক্রিপশন আপনি আপনার এপ্লিকেশন এ পেয়ে যাবেন । আরও বিস্তারিত জানতে < NUMBER > তে কল করুন । ধন্যবাদ ।",doctor
আমার ছেলে আজ চার দিন যাবত শুধু জ্বর নাপা এবং সেফ 3 খাওয়াচ্ছি কিন্তু জ্বর কমছে না যখন জ্বর আসে না খাওয়ালে কমে যায় একটু পরে আবার আসে কিন্তু গত রাত থেকে নাপা সাথে সেফ 3 খাওয়ানোর পরেও জ্বর ছাড়ছে না এখন আমি কি করতে পারি জ্বর ছাড়া অন্য কোন উপসর্গ নেই,fever
২ দিন যাবত আমার হাল্কা কাশি এবং কাশি দিলে বুকটা ব্যাথা করে । এবং আমার ঠান্ডা লেগে আছে ৩ / ৪ দিন যাবত নাকে দিয়ে পানি পড়ে । এবং গলা ব্যাথ্যা করে । ।,fever
আপনাকে ধন্যবাদ প্রশ্ন করার জন্য । বাচ্চার ওজন উল্লেখ করেননি । বাচ্চাদের ঔষধের ক্ষেত্রে ওজন জানা জরুরী । Napa pediatric drop 1 . 5ml করে দিন দিনে ৩ বার । জ্বর মাপবেন । জ্বর যদি ১০২ * এর বেশি হয় তবে Napa Suppository 125mg এর 3 / 4th দিবেন । ধন্যবাদ ।,fever
আপনাকে ধন্যবাদ প্রশ্ন করার জন্য । উনার ইলেক্ট্রলাইট কম বা বেশি হতে পারে । স্ট্রোক হলেও এই সমস্যা হতে পারে । দ্রুত কোনো হাসপাতালে ভর্তি করে চিকিৎসা করুন । ধন্যবাদ ।,emergency
ডাক্তার ভাইকে প্রশ্ন করার জন্য ধন্যবাদ । বাচ্চাকে লিকুইড জাতীয় সহজপাচ্য খাবার খাওয়ার খেতে দেবেন এবং পেটে ব্যথা বেশি হলে প্রয়োজনে Syrup Napa 2 চামচ করে খাওয়াতে পারেন । ধন্যবাদ,nutrition
Tab algin 50mg 1 + 1 + 1 for 2 days . Drink plenty of water . Do Urine R / M / E,medicine
মাঝে মাঝে শ্বাস করতে কস্ট হয় ! তখন পেট ফুলে উঠে ! বুকে ব্যাথা অনুভব হয় ! এখন আমার কী করনীয় ?,symptoms
আপনাকে ধন্যবাদ প্রশ্ন করার জন্য । Pediatric drop Ambrox 0 . 5ml ড্রপারে করে দিনে দুইবার দিন । ধন্যবাদ ।,medicine
আপনাকে ধন্যবাদ প্রশ্ন করার জন্য । আপনি টানা এক ঘন্টা স্কিনের মনিটর বা মোবাইলের দিকে তাকিয়ে থাকবেন না । দশ মিনিটের জন্য বিশ্রাম নিবেন । চোখের উপরে প্রশার পরে এমন কাজ করবেন না । পর্যাপ্ত বিশ্রাম নিন । ঠান্ডা পানিতে চোখ পরিষ্কার করুন । একজন চোখের ডাক্তার কে দেখিয়ে নিন । ধন্যবাদ ।,doctor
"for immunity growth , can she ( age - 11 ) eat zedex 20mg tablet daily one time ?",medicine
"বাচ্চার বয়স ৭৬ দিন , সারা দিন ভালো থাকে রাত হলে অনেক মোচর শুরু হয় , ভিতর থেকে বাতাস বের হয় , হালকা সর্দি আসে , পায়খানা শক্ত আছে এবং রাতে গুমায় না , এখন কি করা যাবে ?",fever
amar baby er age 14 months take geser jonno kon osod dibo .,symptoms
amr matha onk batha kre . pray somoy goeay ekhn ami ki krte pari,symptoms
কম আসছে । । । গাইনী বিশেষজ্ঞ চিকিৎসকের পরামর্শ নিয়েছি । । কয়েকটি ঔষধ প্রেসক্রিপশন করেছেন । ।,doctor
আপনার প্রশ্নের জন্য ধন্যবাদ । এটা ঘুমের ওষুধ । সমস্যা হবার কথা না । বিশদ আলোচনার জন্য আপনি একজন গাইনি চিকিৎসকের পরামর্শ নিন । আপনি এই এপের মাধ্যমে ভিডিও কনফারেন্সে চিকিৎসকের পরামর্শ নিতে পারেন । ধন্যবাদ,doctor
আমার মেয়ের বয়স ১৮ সে কিছু খেতে চায় না সে দিন দিন চিকন হচ্ছে তাকে দিনে কত ঘন্টা পর পর খাবার দেয়া যায় আর কি ভিটামিন খাওয়ানো যায়,nutrition
ডাক্তার ভাইতে প্রশ্ন করার জন্যে আপনাকে ধন্যবাদ । আপনি Tab - monas 10 mg 0 + 0 + 1 15 দিন । Tab - fexo 120 mg 0 + 0 + 1 ৭ দিন খেতে পারেন ।,medicine
Tab . Metro 400 mg - - 1 + 1 + 1 for 3 days . It may help you . Thanks . .,medicine
গতকাল রাতে চোখের ভিতর ( উপরিভাগে ) বালু কনা জাতীয় কিছু একটা যায় । আমি পানির ঝাপটা ও নরম কাপড় দিয়ে মুছে বের করার চেষ্টা করে ব‍্যার্থ হই । তাছাড়া opsophenical 0 . 05 % ড্রপ ব‍্যবহার করি । কিন্তু কোন ফল হচ্ছে না । দয়া করে পরিমর্শ প্রদান করলে উপকৃত হব । ধন্যবাদ,nutrition
"আপনাকে ধন্যবাদ প্রশ্ন করার জন্য । আপনি পায়খানা পরীক্ষা করান । ডায়াবেটিস পরীক্ষা করান । আপনার সমস্যা না দেখে , পরীক্ষা না করে বোঝা যাচ্ছে না । একজন মেডিসিন বিশেষজ্ঞ ডাক্তার কে দেখান । ধন্যবাদ ।",symptoms
"amr meyer age 2 . 9 month , khai valo kintu sorir durbol . ki khawaite pari . Horlicks khwano jabe ki ?",symptoms
"আপনাকে ধন্যবাদ প্রশ্ন করার জন্য । আপনি একজন নাক কান গলা বিশেষজ্ঞের সাথে সরাসরি পরামর্শ করুন , পরীক্ষা না করে , না দেখে সমাধান দেয়া সম্ভব না । ধন্যবাদ ।",doctor
Is it needed to take gastic tablet after taking paracetamol like napa - extra ? ?,medicine
গতকাল রাতে কনডম ছাড়া মিলন করছি কিন্তু ব্রীয বাহিরে ফেলেছি এখন আমার বউয়ের মাসিক শুরু হয়েছে এখন কি জন্মবিরতিকরন বরি নোরিস্ক খাওয়ানো যাবে আপা,medicine
"ডাক্তার ভাইকে প্রশ্ন করার জন্য ধন্যবাদ । Tab Bicozin দুইবেলা 15 দিন খেতে পারেন । Tab Filwel Gold একবেলা এক মাস খেতে পারেন । বেশি করে পানি , শাকসবজি ফলমূল খাবেন । নিয়মিত 15 থেকে 30 মিনিট শারীরিক এক্সারসাইজ করুন । ধন্যবাদ",nutrition
amar bachar boyos 5month 15days gotokal rat thake or patla paykhana hocha . orsaline khawache sathe ki osshud dite pari ? janale upokreto hobo .,symptoms
ডাক্তারভাইকে প্রশ্ন করার জন্য ধন্যবাদ । আপাতত বাচ্চাকে Syp Ambrox 1 / 2 TSF twice daily for 7 days দিবেন । লক্ষ্য রাখুন বাচ্চা ঠিকমত খাচ্ছে কিনা । কাশি না কমলে অবশ্যই শিশু বিশেষজ্ঞের পরামর্শ নিন । ধন্যবাদ ।,fever
হা বাট হয়নি । স্যার আমার লিঙ্গের একটা বিচি ছোট বড় হয় আমার এই খানে এক্সারা করিয়েছিলাম ডাক্তার বলে বিচি এঙ্গেল আছে ঔধ ও খেয়েছি বাট ভালো ফল পাইনি । আমার কি বাচ্চা হওয়ার সম্ভবনা আছে ? ? আমার বয়োস এখোন প্রায় ২৭ । ওজন ৬৭ কেজি উচ্চতা ৫ ফুট ৬ ইনছি ।,nutrition
"আমি কিছুক্ষণ আগে ডিপ্রেশনে থাকাকালীন Epitra 2 mg চারটা ট্যাবলেট খেয়ে ফেলেছি । এখন আমার পুরো শরীর অবশ হয়ে আসছে , প্রচুর ঘুম আসতেছে , আর মাথা প্রচন্ড ঘোরাচ্ছে । এখন আমি কি করব ?",medicine
আমার বয়স ৪০ বছর । গত প্রায় এক বছর ধরে আমার ঘাড়ের বাম পাশে পেরেকের মত কিছু একটা ফুটে আছে বলে অনুভূত হয় । বাম পাশে তাকাতে বা নামাজের সময় সালাম ফেরাতে খুব অসুবিধা হয় । কিছুক্ষণ বসে থাকলেও অসুবিধা হয় । তো এক্ষেত্রে করণীয় কি ? ? ?,symptoms
"ধন্যবাদ আপনার প্রশ্নের জন্য । না দেখে সমাধান দেয়া যাচ্ছে না । এই এপের মাধ্যমে ভিডিও কনফারেন্সে নাক , কান , গলা বিশেষজ্ঞ দেখিয়ে পরামর্শ নিতে হবে ধন্যবাদ",doctor
My backpain is incresing day by day as I am a salesman I had to ride byke a lot . Any suggestions for recovering this types of problems .,symptoms
আপনাকে ধন্যবাদ প্রশ্ন করার জন্য । আপনি ট্যাবলেট নাপা এক্সটেন্ড ৬৬৫ মিলিগ্রাম একটা করে দুই বেলা খাওয়াতে পারেন । ধন্যবাদ ।,medicine
"সার , আমার পায়ে ছোট ছোট লাল গুটি উঠেছে এবং চুলকায় । এর সমাধান ।",symptoms
ধন্যবাদ আপনার প্রশ্নের জন্য । বেশি ব্লিডীং হয় কি না দেখুন । বেশি হলে অতিসত্বর নিকটবর্তী হাসপাতালের জরুরি বিভাগে যান । ধন্যবাদ,emergency
Thank you for asking question to Daktarbhai . Give her tab napa extend 1 + 1 + 1 - - after meal ( if any pain occurs ) . Tab rabe 20mg - - 1 + 0 + 1 You need to take her to any gynaecologist physically to check if there is any infection or not . Doctor will give medicine after checking the site . Thanks,medicine
"আমার বয়স ২০ | দাঁতে দুইদিন ধরে প্রচন্ড ব্যাথা , আজকে হঠাৎ বেড়ে গেলো আরো | লক্ষ্য করলাম অক্কল দাঁত উঠছে কিন্তু মাড়িতে জায়গা ই নেই যে তা উঠতে পারবে , মাড়ি ও কিছুটা ফুলে গেলো সেই সাথে গলা , মুখ র মাথার পিছনেও ব্যাথা | এই অবস্থায় চট্টগ্রামের কোনো ডেন্টিস্ট বা ম্যাক্সিলোফেসিয়াল সার্জন এর চেম্বার খোলা আছে কিনা জানা নেই | কিন্তু মনে হচ্ছে দাঁত ফেলা খুব জরুরি নয়তো পরবর্তীতে খুব ভয়ানক কিছু ও হতে পারে আর ব্যাথা অসহনীয় | করোনা পরিস্থিতি স্বাভাবিক হতে আরো বহু মাস সময় যেতে পারে | এমন অবস্থায় আমি কি করবো ?",emergency
"Thanks for your question to Daktar bhai . you can call by our App to see if there is any dentist . Thanks . প্রিয় গ্রাহক , আপনার রোগটির চিকিৎসার জন্য আরও বিস্তারিত তথ্য জানা দরকার । আপনি ডাক্তারভাই এপ্লিকেশন থেকে ' Video Call To A Doctor ' সার্ভিসটি ব্যবহার করে একজন ( * * * ) বিশেষজ্ঞ ডাক্তারের এপয়েন্টমেন্ট নিয়ে ভিডিও কল এ কথা বলতে পারেন এবং ডাক্তারএর লেখা প্রেস্ক্রিপশন আপনি আপনার এপ্লিকেশন এ পেয়ে যাবেন । আরও বিস্তারিত জানতে < NUMBER > তে কল করুন । ধন্যবাদ ।",doctor
আপনাকে ধন্যবাদ প্রশ্ন করার জন্য । আপনার প্রশ্ন উত্তর দেয়ার আগে আপনার কিছু পরিক্ষা করা দরকার । আপনি একজন মেডিসিন বিশেষজ্ঞ কে দেখান । দীর্ঘদিন ধরে জন্ডিস থাকলে হিমোগ্লোবিন কমতে পারে । ধন্যবাদ,doctor
ডাক্তার ভাই ‌কে প্রশ্ন করার জন্য ধন্যবাদ । Tab . Entacyd plus 1 + 0 + 1 খাবার পর খাবেন ১৪ দিন এবং Tab . Acifix 20 mg 1 + 0 + 1 খাবার ২০ মিনিট আগে খাবেন ১৪ দিন । সমস্যা হলে আমাদের সাথে যোগাযোগ করবেন । ধন্যবাদ,nutrition
"গ্রাহক , শিশুর বয়স ৬ মাস না হওয়া পর্যন্ত তাকে মায়ের দুধ ছাড়া আর কিছুই খাওয়ানো যাবে না । ১ বছর বয়সী শিশুর শরীরে ক্যালসিয়াম এবং ভিটামিনের চাহিদা পূরণের জন্য দিনে ১ - ২ কাপ গরুর দুধ খাওয়ানো জরুরি । ১ বছরের আগে শিশুকে গরুর দুধ খাওয়ানো যাবে না কারনঃ ১ বছরের আগে শিশুর হজম ক্ষমতা পরিপূর্ণ হয় না । তাই এ সময়ের আগে যদি শিশুকে গরুর দুধ খাওয়ানো হয় , তাহলে এতে থাকা প্রোটিন এবং মিনারেল হজম করতে না পেরে শিশুর কিডনির সমস্যা , রক্তস্বল্পতা , অ্যালার্জি , ডায়ারিয়া , পেটের রোগ , বমি প্রভৃতি সমস্যা দেখা দিতে পারে । তাই গরুর দুধ খাওয়ানোর জন্য তাদের প্রথম জন্মদিন পর্যন্ত অপেক্ষা করাটাই ভাল । ২ বছর বয়স পর্যন্ত যদি মায়ের ইচ্ছে হয় তাহলে স্তন এবং গরুর দুধ উভয়ই খাওয়াতে পারে , অন্য কোনো ফর্মুলা দুধের প্রয়োজন নেই । সাধারণত বেশিরভাগ শিশুই গরুর দুধের স্বাদ উপভোগ করে তাই হালকা নাস্তা বা রাতের খাবারের সময় আপনার শিশুকে এক কাপ গরুর দুধ খাওয়াতে পারেন । ৩ বছর বয়স পর্যন্ত , শিশুদের এক দিনে শুধুমাত্র ৪৫০ গ্রাম দুধের প্রয়োজন হয় । হাড় - নির্মাণের পুষ্টিগত উপকরণ , যেমন ক্যালসিয়াম , রিবোফ্লাভিন , ভিটামিন ডি , এবং প্রোটিন এর জন্য গরুর দুধ - ই হল সবচেয়ে ভালো উপাদান কারণ এটা সহজেই সব জায়গায় পাওয়া যায় । মনে হয় আপনাকে সাহায্য করতে পেরেছি ভালো থাকবেন ।",emergency
"amar babar age 48 tar ajke vorapete mapa hoyse 20 agey insulin nito koydin dore ney na , ar bises kore se notun rogi , take control rakte hole amake ai obostay ki korte hobe ar ki medicine kawate hobe ar sob theke boro kotha grammer manus osoceton , amar ki koronio sir ai obostay ar porobortite take dik rakar jonno .",symptoms
১ . গরম পানি খাওয়া ভালো নাকি খারাপ ? ২ . এন্টাজল নাকের ড্রপ ব্যবহার এর নিয়ম কি ? ৩ . ঠান্ডা ও বুকে চাপ ও গলা ব্যথার এর মধ্যে ইসপগুলের ভূষি খেতে পারি কি ?,symptoms
শেষ মাসিক শুরুর তারিখ ৯ / ২ / ২১ এরপর আর মাসিক হয়নি । প্রেগন্যান্সির টেস্ট পসিটিভ । কয়েক দিন যাবত খুব বমি হচ্ছে । কিছু খেলেই সাথে সাথে বের হয়ে যাচ্ছে । খুব কষ্ট হচ্ছে ।,symptoms
ডাক্তার ভাই কে প্রশ্ন করার জন্য ধন্যবাদ । পরিক্ষা করে দেখতে হবে । আপনি একজন সার্জারি বিশেষজ্ঞ দেখান । ধন্যবাদ ।,doctor
"আপনাকে ধন্যবাদ প্রশ্ন করার জন্য । অনেক কারনেই ব্যাথা বুকের বাম পাশে হতে পারে । যেমন মাসকুলো । স্কেলেটাল পেইন , কোস্ট্রোকন্ড্রাইটিস , গ্যাস্টিকের ব্যাথা , হৃদ রোগ ইত্যাদি কারনে হতে পারে । আপনি একজন মেডিসিন বিশেষজ্ঞ ডাক্তার কে দেখিয়ে নিন । একটি ইসিজি করিয়ে নিন । ধন্যবাদ ।",emergency
ডাক্তার ভাই কে প্রশ্ন করার জন্য ধন্যবাদ । physiotherapy or compress with hot water bottle করতে পারেন । ধন্যবাদ ।,doctor
"বয়স ২২ । । রোদে পুড়ে গালের দুপাশে কালো দাগ পড়ে গিয়েছে । দাগ গুলো remove করার জন্য কি করতে পারি । আর দাগ গুলো প্রায় অনেকদিন যাবত , ,",symptoms
"Thanks for your question to daktar bhai . water axxumulation has heart , lung , lymphatic cause you have to check liver function , have to do echo , It can also due to kidney . Treatment is with multiple dtugs invokving specific system . Thanks",doctor
আমার বয়স ২০ . . . আমার পেটে ৩ - ৪ মাস যাবত ব্যাথা হয় এবং অতিরিক্ত প্রসাব হয় দিনে ১৫ এর উপরে । তবে প্রসাবে কোন সমস্যা হয় না । সামনের দিকে হেলে বসলে আরো পেটেব্যাথা লাগে । তবে ব্যাথাটা এতো বেশি নয় ।,symptoms
ধন্যবাদ আপনাকে প্রশ্নের জন্য । আপনি একজন orthopedic specialist এর পরামর্শ নিন । ধন্যবাদ,doctor
পেশাবের পরীক্ষা করা প্রয়োজন । Advice : Urine RME Dr < NAME > Mbbs,doctor
Thank you for asking question . Please take her in a hospital because she needs urgent evaluation and do ECG as soon as possible . Thank you .,doctor
"ডাক্তার ভাইকে প্রশ্ন করার জন্য ধন্যবাদ । আপনি গোসলের ১৫মিনিট আগে ketoconazole shampoo মাথায় দিয়ে রাখবেন , ১৫মিনিট পর ধুয়ে ফেলবেন সপ্তাহে ৩দিন - ১মাস ।",medicine
"Thank you for asking question yes , she can take covid - 19 vaccine . Thank you .",medicine
ডাক্তার ভাই কে প্রশ্ন করার জন্য ধন্যবাদ । আপনি Cap Sergel 20mg সকাল আর রাতে এবং Tab Omidon 10 mg প্রতি বেলা ১ টা করে খাওয়ার আগে খাবেন এই সমস্যার জন্য কিছু পরীক্ষা ও সরাসরি রোগী দেখে চিকিত্সা প্রয়োজন আপনি সরাসরি একজন Medicine specialist এর পরামর্শ নিন ধন্যবাদ,medicine
ডাক্তার ভাই কে প্রশ্ন করার জন্য ধন্যবাদ । পেইন কিলার বেশী না খাওয়া ভালো । ব্যাথা যেহেতু বেশী তাহলে একজন মেডিসিন কনসালট্যান্টের পরামর্শ নেয়া ভালো । কিছু শারীরিক পরীক্ষার পর চিকিৎসা ব্যাবস্থা সেভাবে নেয়া উচিৎ । নাহলে রোগী কে Injectable Pain killer এর মাধ্যমে ব্যাথা কমাতে হবে । ধন্যবাদ ।,symptoms
"Thanks for questioning daktarbhai . Syrup . Emistat 1 . 5 spoon 3 Bela khali pet a khawaben for 3 days , Syrup . Cyclopan 1 . 5 spoon kore dine 2 Bela khawaben pet a betha thakle . Thanks",medicine
3 বছর বয়স . ওজন প্রায় ১৪ কেজি . ৪ দিন হলো জ্বর নাপা ২ চামসে কাজ হচ্ছে না সাপোজিটর দিতে হচ্ছে . জ্বর ১০২ . ৩ এখন কি আ্যজিথ্রমাইসিন খাওয়াবো নাকি cef3 খাওয়াবো,fever
ধন্যবাদ আপনাকে প্রশ্নের জন্য । সরাসরি না দেখে ওষুধ দেয়া যাবেনা । একজন স্কিন বিশেষজ্ঞ ডাক্তারের পরামর্শ নিন । ধন্যবাদ,doctor
"আমার আম্মুর বয়স প্রায় ৪৭ । আজ ২ দিন থেকে হঠাত করেই প্রেসার নিচে নেমে যাচ্ছে ! আর হুট করেই শ্বাস নিতে সমস্যা হচ্ছে । বলছে আমার বুক ধর ফর করে । কোনো খাবারের গ্রাণ বা স্বাদ পায় না । গলা ব্যাথা , জর , হাচি কাশি , ঠান্ডা কিছুই নেই । দয়া করে জলদি জানাবেন !",fever
"আমার বাবুর বয়স 22 মাস , ওর হঠাৎ করে কাশি সর্দি হয় , প্রথমে ওকে alcet syrup , ও ambrox syrup খাইয়ে ছি . একটু ভালো হয়ে ছিল , আবার 5 পর সর্দি , কাশী , এবং হঠাৎ করে জ্বর হয়েছে , 100 ডিগ্রী . কি করা যায় . এই টা কিসের লক্ষণ ?",fever
ডাক্তার ভাই কে প্রশ্ন করার জন্য ধন্যবাদ । আপনি একজন গাইনোকলজিস্ট এর সাথে সরাসরি দেখা করুন ধন্যবাদ ।,doctor
"ডাক্তার ভাই কে প্রশ্ন করার জন্য ধন্যবাদ । অনেক সময় এমন হতে পারে , কিছু পরীক্ষা করানো প্রয়োজন । একজন Gynaecologist এর পরামর্শ নিতে পারেন ধন্যবাদ",doctor
আমার গালে ঘা আমি কী খাইতে পারি ? ? এখন ব্যাথা যায়গা অনেক ব্যাথা করছে ।,symptoms
আমার ভাগ্নির যার বয়স ৮ বছর । তার আজকে থেকে হঠাৎ ১০০ মতো জ্বর আসছে । সাথে হালকা কাশিও আছে । কি ওষুধ দেয়া লাগবে তাকে ।,fever
ডাক্তার ভাই কে প্রশ্ন করার জন্য ধন্যবাদ । মেডিসিন শুধু খাইলে হবে না । পরিক্ষা করতে হবে । শুধু নাপা ভরা পেটে খাবে । ধন্যবাদ ।,medicine
প্রশ্ন করার জন্য ধন্যবাদ । আপনার সমস্যার জন্য আপনি একজন নাক কান গলা বিশেষজ্ঞ ডাক্তার কে দেখান কারণ আপনার গলাটা একটু পরীক্ষা করে দেখতে হবে কেন এ ধরনের সমস্যা হচ্ছে । ধন্যবাদ ।,doctor
আপনাকে ধন্যবাদ প্রশ্ন করার জন্য । আপনার ডায়াবেটিস পরীক্ষা করুন । আপনি একজন ডায়েটেসিয়ান কে দেখান ।,doctor
ধন্যবাদ আপনাকে প্রশ্ন করার জন্য । Tenil দিয়ে দেখতে পারেন । ধন্যবাদ,medicine
ডাক্তার ভাই কে প্রশ্ন করার জন্য ধন্যবাদ । আরেকবার ১০ দিন পরে টেস্ট করেন । এবং ১২ দিন পর ultrasound koren . Thanks,doctor
"ডাক্তার ভাই কে প্রশ্ন করার জন্য ধন্যবাদ । x - ray chest pa view , ecg করেন । ধন্যবাদ ।",doctor
ডাক্তার ভাইকে প্রশ্ন করার জন্য ধন্যবাদ । আপনার এই বিষয়ে সরাসরি একজন গাইনি বিশেষজ্ঞের পরামর্শ নিন । ধন্যবাদ,doctor
ডাক্তার ভাইকে প্রশ্ন করার জন্য ধন্যবাদ । আপনি অতি দ্রুত একজন অভিজ্ঞ মানসিক রোগ বিশেষজ্ঞের পরামর্শ নিন । ধন্যবাদ ।,doctor
আমার বাচ্চার বয়স ২৩ দিন । আজ দুপুর থেকে হাচি এবং কাশি দিচ্ছে । শ্বাস করলে নাকের মধ্যে শব্দ হয় । নাকে সর্দি আছে । এ অবস্থায় কি করনীয় ।,fever
ডাক্তার ভাইকে প্রশ্ন করার জন্য ধন্যবাদ । আপনার সমস্যা না দেখে বলা সম্ভব না । আপনি Dentist এর পরামর্শ নিন । ব্যাথার জন্য tab . voltalin D 50mg 1 + 0 + 1 এবং cap . opton 20mg 1 + 0 + 1 খেতে পারেন ।,medicine
"আমার বাবার ( বয়স - ৬৫ , কোন স্ব্যাস্থ সমস্যা নেই ) গত ৫ / ৬ দিন ধরে খাওয়ার পরপরই গ্যাসের সমস্যা হয় এবং শরীর খুব দুর্বল হয়ে যায় । ফলে ঠিকমতো খাওয়াও হয় না । এ অবস্হায় কি করনীয় দয়া করে বলবেন ।",nutrition
"Thank you for your question . To get relief from allergy is to avoid that particula allergen . Allergy is chronic disease which will not completely disease free . Some drugs and prevention measure will help you decrease the symptoms or preventing attack , but not disease free . More over your problems suggest that you might have asthma / cough variant asthma . I suggest you to visit a Asthma specialist and do some investigation to confirm the diagnosis and take treatment accordingly . Thank you",medicine
Tab . Alben DS 400 mg ( chewable ) 1tab today ' s night & 1tab 7days later at night . You should also take this . Thanks,medicine
"Thanks for your question . Take plenty amount of liquid food , oral saline , coconut water , fruit juice , soup etc . take Napa only if the temperature is above 100 F . take Imotil 4 tabs a day for 2 days . Thanks",medicine
"রোগীর বয়সঃ ৩২ শ্বাস কষ্ট হচ্ছে কিছুটা , গলা ব্যাথা , নাক দিয়ে পানি পরছে , শরীর ব্যাথা । কোরনা রোগীর সংস্পর্শে ছিলেন । প্রাথমিকভাবে এখন কি করা যেতে পারে ?",symptoms
"pain in right upper abdominal area for 6months . tenderness at that area , back pain , nausea . sometimes the pain is severe sometimes moderate . there are some swelled lymph nodes at that area . sometimes walking makes trigger the pain . . feeling breathlessness while walking . . having done usg . . report was normal .",symptoms
"আমার গত ১০ দিন থেকে পায়খানাতে সমস্যা হচ্ছে , বাথরুম ক্লিয়ার হচ্ছে না , বাথরুম অল্প পরিমান এ হচ্ছে , মাঝে মাঝে হচ্ছে না , এমতাবস্থায় কি করনীয়",symptoms
"আমি < NAME > । আমার ( সিজার ) ডেলিভারি হয়েছে একমাস দশদিন , আমার বয়স তেত্রিশ বছর । আমার খুব দুর্বল লাগে , হাত পা কামড়ায় , গা কাঁপে , শরীরে জোর পাইনা , এমন অবস্থায় আমি কি ওষুধ নিতে পারি ? অবশ্য আমি এখন কোন মেডিসিন নিচ্চি না । এটা আমার সেকেন্ড সিজার । আমি আর কোন সন্তান নিতে চাইনা , আমি দীর্ঘমেয়াদী পরিবার পরিকল্পনা গ্রহণ করতে চাই । কোনটি নিলে ভালো হবে ?",symptoms
আমার মার বাম কিডনিতে mild hydronephrosis ধরা পড়েছে । ডাক্তার orcef 400 দুই বেলা এবং rolac দুই বেলা খেতে দিয়েছে । বামদিকে তলপেটে ব্যথা ছিল এখন নেই কিন্তু হাটতে গেলে ব্যাথা পায় । পরবর্তী করণীয় সম্পর্কে জানালে উপকৃত হব । তার ক্রিয়েটিনিন . 9 এবং অন্যান্য সব নরমাল,symptoms
"আমার মুখে সাদা সাদা দাগ হয়েছে , ৪ বছর আগে একবার হয়ে ছিলো , তখন ময়মনসিংহ মেডিকেল কলেজ হাসপাতালের চর্ম বিভাগে দেখিয়ে ছিলাম , আমাকে তখন একটি সাবান মুখে ব্যাবহার করতে দিয়ে ছিলো , তিনি রোগটার নাম । সেলুন বলে ছিলেনন , আমার কাছে ঐ ব্যাবস্তাটা নেই , আমি কি ব্যবহার করতে পারি ?",symptoms
"ধন্যবাদ আপনাকে প্রশ্ন করার জন্য । প্রিয় গ্রাহক , আপনার রোগটির চিকিৎসার জন্য আরও বিস্তারিত তথ্য জানা দরকার । আপনি ডাক্তারভাই এপ্লিকেশন থেকে ' Video Call To A Doctor ' সার্ভিসটি ব্যবহার করে একজন মেডিসিন বিশেষজ্ঞ ডাক্তারের এপয়েন্টমেন্ট নিয়ে ভিডিও কল এ কথা বলতে পারেন এবং ডাক্তারএর লেখা প্রেস্ক্রিপশন আপনি আপনার এপ্লিকেশন এ পেয়ে যাবেন । আরও বিস্তারিত জানতে < NUMBER >",doctor
"স্যার / ম্যাডাম , আসালামুয়ালাকুম . . আমার ছেলের বয়স ৩ বছর ২ মাস । ওর ওজন ১২ কেজি ২০০গ্রাম হালকা পাতলা গড়নের শরীর । সারাক্ষণ দুষ্টুমি এবং ছোটাছুটি করে । কিছুই খেতে চায়না , এই খাবার খাওয়াতে গেলেই জোর করতে হয় ১ - ২ ঘণ্টা লাগে খাবার খাওয়াতে । আর খাবার খাওয়াতে গেলেই শুধু ওয়াক দেয় , এবং মাঝে মাঝে বমি করে দেয় । এমন অবস্থায় কি করতে পারি যদি একটু পরামর্শ দিতেন তাহলে খুবই উপকৃত হতাম ।",nutrition
আপনাকে ধন্যবাদ প্রশ্ন করার জন্য । সেক্ষেত্রে আপনাকে একজন চর্ম রোগের ডাক্তার কে দেখিয়ে নিতে হবে । আপনি ইতিমধ্যে প্রাথমিক চিকিৎসা করে ফেলেছেন । ধন্যবাদ ।,doctor
uttara te covid - 19 test er booth ta kothai ? kindly janaben,doctor
Syp . Ketifen 0 . 5 tsf 2times daily at morning & evening for 3days . If not improve please consult with a pediatrician . Thanks,medicine
আমার পায়ের হাটুতে ব্যাথা করে । বসা থেকে উঠতে গেলে শব্দ করে । এখন কি করব,symptoms
syp POGO . . . . . . . . . ১চামচ করে দিনে ১বার ১৫ দিন খাওয়াবেন / পরবর্তীতে আবার ডাক্তারের পরামর্শ অনুযায়ী খাওয়াবেন / ধন্যবাদ /,medicine
"আমার মেয়ের বয়স সাত বছর দুদিন যাবত জ্বর বমি , নাপা খাইছে কিন্তু জর ছারছে না ,",fever
"গুম থেকে ওঠার পর মাথা ঘোরায় , হাটতে গেলে মনে হয় পরে যাব , সকালে খাবার পর মাঝে মাঝ চুকা ঢেকুর আসে , করনীয় কি ?",nutrition
amar kicu din holo onek চুল pore jacce . . ami age পেনটিন sampoo use krtam . . then clinic plus sampoo use kra suru krcilam . then amar mathar চুল pora suru korce . . . then . ami abar cilinic plus bad diye পেনটিন sampoo dawya suru korlam . vablam tahole hoyto চুল r porbe na . but . same vabe akn o চুল porce . ami 4 / 5 din por por sampoo kri . . mathar চুল dry thake . . . . ami vit E capsule o kaici . . but kaj hcce na . please amay help koren . ai vabe cholte thakle . mathar sob চুল pore টাক hoye jabo . .,symptoms
আপনাকে ধন্যবাদ প্রশ্ন করার জন্য । আপনার বাচ্চার সমস্যা না দেখে বোঝা যাচ্ছে না । চর্ম রোগ না দেখে বোঝা যায় না । একজন চর্ম রোগের বিশেষজ্ঞ চিকিৎসক কে দেখাতে পারেন । ধন্যবাদ ।,symptoms
"৫ দিন আগে থেকে ( ২৯ / ৪ / ২০ইং থেকে ) আমার পেট ফাপা হয়ে আছে । সাথে জ্বর ছিল , পায়খানা নরম ছিল । ৩ দিন পর থেকে জ্বর নেই পায়খানাও স্বাভাবিক এখন । কিন্তু ৫ দিন পর্যন্ত পেট ফাপাই রয়ে গেছে । পেটের ফাপা কিছুতেই কমছে না এ কারনে অস্বস্থি লাগছে । কোন ব্যাথা নেই । আমি ciprocin 500 - 5 days , complete Flamyd 500 - 3 days . complete Marlox Plus 20 . - Everyday Pantonix 20 - Everyday alben Tab 1 ti ( 3 দিন আগে খেয়েছি ) . আদা দিয়ে রং চা , পেপে , আপেল , কলা খাচ্ছি কিন্তু এরপর ও ফেট ফাপা যাচ্ছে না । আমার এখন কি করনীয় ? ? ? ? ? ? ?",fever
ধন্যবাদ আপনাকে প্রশ্নের জন্য । Tab Fexo 120mg ( 0 + 0 + 1 ) = ৩ দিন খাবেন ৷ ধন্যবাদ,medicine
"আপনাকে ধন্যবাদ প্রশ্ন করার জন্য । যে ঔষধ টি খাচ্ছেন তা নিয়মিত খান , Tab . Domin 10mg . . . . . 1 + 1 + 1 . . . . . খাবার আগে . . . . ১০ দিন খাবেন । Fiberlax ১ চামচ পরিমান পানিতে গুলিয়ে খাবেন দিনে দুই বার , খাবার পর , এছাড়াও কিছু উপদেশ মেনে চললে আপনার সমস্যা কমে যাবে , ধুমপান করা যাবে না , খাবারে শর্করার পরিমান কমান , পর্যাপ্ত পানি পান করুন , পেট পুরে খাবেন না , ধীরে ধীরে সময় নিয়ে খান , খাবার সাথে সাথেই শুয়ে পরবেন না , ভাজা পোড়া তেল জাতীয় খাবার কম খাবেন , প্রতিদিন অন্তত কিছু সময় এক্সারসাইজ করবেন । ধন্যবাদ ।",nutrition
ডাক্তার ভাই কে প্রশ্ন করার জন্য ধন্যবাদ । ঘুম পরিক্ষা করতে হবে । এটা পরিক্ষা করলে একটা সমাধান হবে । ধন্যবাদ ।,doctor
আপনাকে ধন্যবাদ প্রশ্ন করার জন্য । একজন নাক কান গলা বিশেষজ্ঞের সাথে সরাসরি যোগাযোগ করে নাকের সমস্যা পরীক্ষা করিয়ে এর চিকিৎসা নিন । ধন্যবাদ ।,doctor
ডাক্তার ভাই কে প্রশ্ন করার জন্য ধন্যবাদ । syp . Napa ১ . ৫ চামচ করে তিনবেলা খাওয়াবেন । বাচ্ছার গা ভেজা কাপড় দিয়ে মুছে দিবেন । জ্বর না কমলে suppositor Napa 250mg মলদ্বারে দিয়ে দিবেন ।,fever
ডাক্তার ভাইতে প্রশ্ন করার জন্য আপনাকে ধন্যবাদ । tab - fexo 120 mg 0 + 0 + 1 ৭ দিন antazol masal drop ১ - ২ ফোটা করে বন্ধ নাকে প্রয়োজন মত ।,medicine
"Sir , Amr baby boiyos 09 mas . Sir babyta gutokal bikal theke ekto ekto kastese . Kas dile eksathe 4 - 5 ta kas dei . Sir boja jasse thanda thanda problem . Ekn ki kurbo sir",symptoms
অন্য কোন শারীরীক অসু‌বিধা না থাক‌লে পর পর দুইবার সিজা‌রিয়ান বে‌বি হওয়ার পর তৃতীয়বার বে‌বি নি‌তে কোন ঝুঁ‌কি আছে কি ?,doctor
"স্যা , বেস কয়েক দিন হলো আমার পায়ের হাঠু রগ বসে থেকে উঠার পড়ে টেনে ধরে । কি ঔষধ খেতে পারি প্লিজ হেল্প ? ?",symptoms
Thanks for your question to daktar Bhai . You can give dextrose saline if she is non diabetic . Thanks,medicine
Thanks for questioning to daktervai . Use Onion oil 3 times in a week . Tab Biotin 1 + 0 + 0 for 1 month . Tab Zinc 1 + 0 + 1 for 15 days,medicine
ডাক্তার ভাইতে প্রশ্ন করার জন্যে আপনাকে ধন্যবাদ । আপনি চুলকানি হয় যেসব খাবার খেলে সেগুলো এভয়েড করে চলুন . . . আর Tab - fexo 120 mg 0 + 0 + 1 7 days খাবেন ।,nutrition
ডাক্তার ভাই কে প্রশ্ন করার জন্য ধন্যবাদ । পায়খানার রাস্তার চারপাশে de - rash cream দিনে ৩ বার লাগাবেন ।,medicine
amr husband er 1mas age pox uthe . . . akhn puru puri sustho . . . bt sorir and mukher kalo dak gula jache na . . . ki krle dak gula remove hobe ? ?,symptoms
আমি তো upper GI endoscopy এই পরিক্ষা টি করেছি ।,doctor
আপনাকে ধন্যবাদ প্রশ্ন করার জন্য । আপনার আব্বাকে ট্যাবলেট নাপা ৫০০ মিলিগ্রাম দুইটা করে তিন বেলা খাওয়ান । ট্যাবলেট ক্যালবো ডি একটা করে খাওয়াতে পারেন । পানি বেশি করে পান করান । কুসুম গরম পানি দিয়ে শরীর মুছে দিন । ধন্যবাদ ।,medicine
"আসসালামু আলাইকুম । আমার অনেক দিন ধরে সর্দি , কিছুক্ষন পরপর কফ বের হয় , পুরো শরীর ব্যাথা । কিন্তু কাশ নাই ।",fever
tairox 50mg 1bar 3mas raning somossa biddi dose ki baranu jay ?,medicine
"আমার মেয়ের বয়স ২ . ৫ বছর । তার পায়ের গোড়ালি র জে গিরা তার পাশে , একি রকম আরো ২ টি শক্ত গিরা সদৃশ দেখা যাচ্ছে । ২ পায়েই একি অবস্থা । আগে অল্প দেখা গেলেও এখন বেশ পরিষ্কার ভাবে দেখা জায় ।",symptoms
আমার মেয়ের বয়স 1 বছর ওর 3 দিন যাবৎ নাক দিয়ে পানি পরছে । কোনো জর নাই । রাতে একটু পর পর উঠে কান্না করে । এক্ষেত্রে কি করতে পারি ?,symptoms
"আপনাকে ধন্যবাদ প্রশ্ন করার জন্য । আপনার বাচ্চার ওজন ও উচ্চতা তার বয়স অনুযায়ী ঠিক হচ্ছে কিনা এটা জানা জরুরি । অধিকাংশ ক্ষেত্রে দেখা যায় যে বাবা মা মনে করছেন যে বাচ্চার ওজন , উচ্চতা ঠিক নাই । কিন্তু তার বয়স অনুযায়ী যা আসলে ঠিক আছে । আপনি একজন শিশু ডাক্তার কে দেখিয়ে নিন যে আপনার ধারনা মোতাবেক বাচ্চার উচ্চতা ও ওজন ঠিক আছে কিনা । ধন্যবাদ",emergency
daktar bai Chittagong e Rheumatologist kun ta vlo hobe ekto bolben plz .,doctor
ডাক্তার ভাই কে প্রশ্ন করার জন্য ধন্যবাদ । বাচ্চার ওজন কত তা উল্লেখ করা প্রয়োজন ছিল । Flacol Pediatric Drop ১০ ফোটা করে ৩ বেলা দিতে পারেন । আপনি একজন Pediatricianএর সাথে যোগাযোগ করতে পারেন ধন্যবাদ ।,medicine
আমার স্ত্রীর বয়স ৪১ বছর । সন্তান নাই । ওভারীতে সিস্ট আছে ( ৩ . ৪ সেমি ) । মাসিকের সময় খুব ব্যথা করে । মাসিকের পরেও মাঝে মাঝে ব্যথা করে । অপারেশন করা জরুরি কি না ? দয়া করে করণীয় জানালে উপকৃত হব । ধন্যবাদ ।,emergency
"আমার একটা confusion আছে , , সেটা হচ্ছে আমার মুখ দিয়ে মাজে মাজে রক্ত পরে , , , , আর আমার মারির একটা দাত ভাংগা আছে , , , , সেটা প্রায় আমি রক্তের মত লাল দেকি , , , , আমার question হলো রক্ত কি দাত দিয়ে পরছে , নাকি শরীর থেকে পরছে , , জানলে confusion থেকে মুক্ত হব ।",symptoms
Tab . Acifix 20mg 1 + 0 + 1 for 7 days Tab . Xinc - B 0 + 1 + 0 for 1 month,medicine
ডাক্তারভাইকে প্রশ্ন করার জন্য ধন্যবাদ । মূলত সবসময় ভোর ও সকাল বেলা ব্যায়াম করার পরামর্শ দেয়া হয় । অনেক ক্ষেত্রে বিকালেও করার পরামর্শ দেয়া হয় । এবং খাবারের ২ ঘন্টা পর ব্যায়াম করা যায় । মূলত প্রতিদিন একটি নির্দিস্ট সময়ে ব্যায়াম করার অভ্যাস গড়ে তুললে লাভবান হওয়া যায় । শরীরের ওজন ও BMI অনুযায়ী দিনে কত বার কতক্ষণ ব্যায়াম করা যায় তা পরামর্শ দেয়া হয় । তাই একজন Nutrition Specialist এর পরামর্শ ও নিয়ে নিবেন । ধন্যবাদ ।,nutrition
"আস্সালামু আলাইকুম , আমার মা , বয়স ৫৫ বছর , ২০১৪ সালে একটি মাইল্ড স্ট্রোকের শিকার হন । তখন তার প্রাথমিক লক্ষণ ছিল বাম হাতের কিছু আঙুল অবশ হয়ে যাওয়া বা ঝিনঝিন একটা অনুভূতি হওয়া । পরবর্তীতে মুখ বেঁকে যাওয়া ও কথা বলতে সমস্যা হওয়ায় আমরা তাকে হসপিটালাইজ্ড করি । বর্তমানে তুনি সুস্থ আছেন । কিন্তু ২৯ মে তার আবার হাতের আঙুলে একই অনুভূতি হচ্ছে । এছাড়া আর কোন সমস্যা দেখা যাচ্ছে না । আমি জানতে চাইছি , তিনি কি আবারও স্ট্রোক করলেন কিনা ? বা এখন আমার করণীয় কী ? ধন্যবাদ ।",emergency
"ডাক্তার ভাইকে প্রশ্ন করার জন্য ধন্যবাদ । আপনি Cream Noir আক্রান্ত স্থানে লাগাবেন দিনে ২ বার । রোদে গেলে , আগুনের কাছে গেলে অবশ্যই Sunscreen cream লাগাবেন । ধন্যবাদ ।",medicine
"আপনাকে ধন্যবাদ প্রশ্ন করার জন্য । এটা সেক্সি এ সমস্যা যেমন ইরেক্টাইল ডিসফাংসন , প্রোস্টেট সমস্যা , পালমোনারি হাইপারটেনশন ইত্যাদি কারনে প্রেসক্রাইব করা হয় । সঠিক কারন ছাড়া এই ঔষধ খাওয়া যায় না । ডাক্তার এ - র পরামর্শ ছাড়া এ - ই ঔষধ সেবন করা নিষেধ । ধন্যবাদ ।",symptoms
"আমরা গাই‌নি বি‌শেষজ্ঞ দে‌খি‌য়ে‌ছিলাম কিছু টেস্ট দি‌য়ে‌ছিল স্ত্রীকে TSH , S . PROLACTINE , LH , FSH , FREE TESTOSTERONE , S . PROGESTERONE , ULTRADOUND OF PELVIC ORGANS ( TVS ) , সব কিছু NORMAL কিন্তু PROGESTERONE 0 . 04 ng / ml অ‌নেক কম । কি করা যা‌বে ? দুই টি pregnyl Ingection নেয়া হ‌য়ে‌ছে । ১ম বার ৫০০০iu , ২য় বার ১০০০০iu .",symptoms
"1 week dore amr private jayga te gorom e chulkani hoccey , eti moddey jayga lal hoye gese , prochur chulkani hoccey , powder diye raki , pani lagle abr chulkani suru hoye jay , dag pore gese",symptoms
Now i am problems feel thyroied . . . . Minstual problem . . others side problem,symptoms
ডাক্তার ভাই কে প্রশ্ন করার জন্য ধন্যবাদ । আপনার স্ত্রীর শেষ মাসিক এর ( ১ম দিন ) ডেট সাথে + / - ৭ দিন হচ্ছে আনুমানিক ডেলিভারির ডেট । ১ম usg এর ডেট সঠিক বলে ধরে নিবেন । ধন্যবাদ,doctor
ডাক্তার ভাই কে প্রশ্ন করার জন্য ধন্যবাদ । একটা ultrasonography whole abdomen করেন । বেল্ট ঢিলা করে পরবেন । ধন্যবাদ ।,doctor
প্রশ্ন করার জন্য ধন্যবাদ ৷ আপনার স্তৃী এর iron tablet calcium and vitamin D3 egulor pashapashi niomito pushtikor khawa dawa korte hobe and gynaecologist er shathe jogajog kore niomito mashik howar Pill khete hobe dhonnobad,medicine
"আপনাকে ধন্যবাদ প্রশ্ন করার জন্য । আপনি জ্বরের জন্য প্যারাসিটামল খেতে পারেন । ওরস্যালাইন খেতে হবে । পেটে ব্যাথার জন্য এলজিন ৫০ মিলিগ্রাম একটা করে খেতে পারেন । কাচ কলা , জাউ ভাত খান । ভাল না হলে একজন মেডিসিন বিশেষজ্ঞ কে দেখিয়ে নিন । ধন্যবাদ ।",fever
"আপনাকে ধন্যবাদ প্রশ্ন করার জন্য । পূষ্টিকর খাবার খাবেন , হাটা - চলা , ব্যায়াম করবেন , একজন পূষ্টিবিদের সাথে পরামর্শ করে একটি ডায়েট চার্ট করে অনুসরন করুন । ধন্যবাদ ।",nutrition
ডাক্তার ভাই কে প্রশ্ন করার জন্য ধন্যবাদ Rx Tab Napa Extend 1 + 1 + 1 ( 7days Tab Fexo 120 0 + 0 + 1 ( 14 days ) Tab Lumona 10 0 + 0 + 1 ( 14 days ) Syp Adovas 3 TSF 8 hourly don ' t drink water after take this medicine atlist 30 minutes Viodin M / W 3TSF mixed with 1 / 2 glass luke water and gourgel 8 hourly আপনি একজন Medicine specialist এর পরামর্শ নিন ধন্যবাদ,medicine
Thank you for your question . Increase your comet dose from one tablet each day to two tablets daily ( 1 + 0 + 1 ) . Do regular exercise half an hour Daily . avoid sweat . Thank you .,medicine
"kalke bristy te halka vijcilam rate sokal jor asche 100 degree sorir betha kore sathe matha betha ase , ki korbo sir ?",symptoms
Thanks for questioning to daktervai . Syrup FENADIN 1 / 2 tsf twice a day for 3 days,medicine
আমি একজন ব্র্যাক কর্মী গত ৩১ / ৩ / ২০২১ তারিখ রাত থেকে ১০৩ জ্বর সাথে অনেক মাথা ও শরীর ব্যাথা খাবারে রুচি কম । আজ২ / ৩ / ২০২১ জ্বর কম । এত দিন আমি শুধু নাপা এক্সট্রেই টেবলেট খেয়েছি । এমতবস্তায় আপনারা কি পরামর্শ দিতে পারেন ।,fever
আপনাকে ধন্যবাদ প্রশ্ন করার জন্য । আপনার মাথা খুশকির বা চর্ম রোগের কারনে চুল্কাতে পারে । এই কারনে চুলও পরতে পারে । আপনি একজন চর্ম রোগের ডাক্তারের পরামর্শ নিন । সিলেক্ট প্লাস সেম্পু দিয়ে সপ্তাহে ২ বার সেম্পু করতে পারেন । ধন্যবাদ,symptoms
i am suffering insomnia and anxiety i took bromazepam ( Norry ) 3mg . but still it tooks more time to feel sleep there is no night i felt sleepy before 5am . please help me out of this if there is any good medicine,symptoms
গ্রাহক ডাক্তার ভাইকে প্রশ্ন করার জন্য আপনাকে ধন্যবাদ । আপনি নিম্নলিখিত ঔষধটি সেবন করবেন - - Syp . Avolac ২ চা চামচ করে দিনে ৩ বার - - - - ৭ দিন এছাড়াও আপনি প্রতিদিন কমপক্ষে তিন লিটার পানি পান করবেন এবং প্রচুর পরিমাণে শাকসবজি খাবেন । ধন্যবাদ ।,nutrition
ডাক্তার ভাই কে প্রশ্ন করার জন্য ধন্যবাদ । নিয়ম মেনে একজন বিশেষজ্ঞের পরামর্শ মত Diet করা উচিত । শরীরে লবন পানির অভাব হলে এমন হতে পারে এই অবস্হায় সরাসরি না দেখে বা পরীক্ষা না করে কিছু বলা ঠিক হবেনা । এতে রোগীর ক্ষতি হতে পারে আপনি সরাসরি একজন Medicine বিশেষজ্ঞ এবং Nutritionist এর পরামর্শ নিতে পারেন ধন্যবাদ,doctor
Thank you for asking question to Daktar Bhai . Yes you can stop taking tab . zimax . Thank you .,medicine
"ডাক্তার ভাইকে প্রশ্ন করার জন্য ধন্যবাদ । আপনি অতি দ্রুত একজন অভিজ্ঞ গাইনি বিশেষজ্ঞের পরামর্শ নিন , দেরি করবেন না । ধন্যবাদ",doctor
Thank you for asking question . Syp Rupa 1 / 2 tsf . . . at bedtime for 7 days . If condition doesn ' t improve please consult with a doctor directly . Thank you .,medicine
"ধন্যবাদ আপনার প্রশ্নের জন্য । ক্যালসিয়াম ট্যাবলেট খাবার পাশাপাশি আপনাকে ক্যালসিয়াম সমৃদ্ধ খাবার ও খেতে হবে । বেশি ব্যাথা হলে প্যারাসিটামল খেতে পারেন , গরম সেক দিন । যদি না কমে তাহলে একজন অর্থোপেডিক বিশেষজ্ঞ কে দেখাতে পারেন । ধন্যবাদ ।",nutrition
ডাক্তার ভাই ‌কে প্রশ্ন করার জন্য ধন্যবাদ । Tab . Acifix 20 mg 1 + 0 + 1 before meal 7 days and . Tab . Riboson 5mg 1 + 1 + 1 জিহ্বা তে লাগাতে হবে দিনে ৩ বার । ধন্যবাদ ।,medicine
ধন্যবাদ আপনাকে প্রশ্নের জন্য । কিডনি সমস্যার জন্য নেফ্রোলজিস্ট দেখাবেন । আর হাত পা কাপার জন্য নিউরোলজিস্ট দেখাবেন । ধন্যবাদ,doctor
ডাক্তার ভাই কে প্রশ্ন করার জন্য ধন্যবাদ । একটা আলট্রা কিডনি করে সার্জারি ডাক্তার এর পরামর্শ নিন । ধন্যবাদ ।,doctor
"স্যার / মেম আমার গত ১৯ তারিখ থেকে গাড় ব্যথা এবং ডুব গিলতে পারতাম না , ব্যাথা করত । ২১ তারিখ রাত থেকে শরীরে জর আসে ও টনসিল ফুলে । এ অবস্তায় আমি napa & phylophen ds খাই । খাওয়ার পর জর কমে গেলেও জর আবার ওঠে । শরীর দূর্বল ও খাবারে রুচি নেই । গতকালকে corona test করেছি । নেগেটিভ আসছে । এখন আমার কি করনীয় যদি দয়া করে বলতেন ?",nutrition
ডাক্তার ভাই কে প্রশ্ন করার জন্য ধন্যবাদ । কোনো সমস্যা নেই । সিজার এর পর এমন হতে পারে প্রায় ৬ - ৭ মাস । চিন্তা রং কারন নেই । কিন্তু অতিরিক্ত রক্তক্ষরণ হলে ডাকতারের পরামর্শ নিতে হবে । ধন্যবাদ,emergency
"Daktar bhai ke proshno korar jonno dhonnobad . Tab Tufnil 200 mg 1 + 0 + 1 , 3 days . Thanks",medicine
আমার পিরিয়ড় ২১ তারিখ হয়েছিলএই মাসে ২১ তারিখের আগে কোনো ভাবে কি জানা সম্ভব আমি প্রেগনেন্ট কিনা ?,symptoms
"আমার ওজন ৪৫ কেজি আর উচ্চতা ৫ ' ৫ "" । আমার ওজন পারফেক্ট নয় । আমি কি ভাবে ওজন বাড়াবো ? আমার খুদা নাই আর প্রসাব গরম এবং হলুদ হয় । নিজেকে ব্যালেন্জলেজ লাগে । হাটার সময় টলমল করি । প্লিজ আমাকে সমাধান জানান",symptoms
আপনাকে ধন্যবাদ প্রশ্ন করার জন্য । আপনি মুখ পরিষ্কার রাখুন । পানি খাবেন বেশি করে । ঘুম ঠিকমতো হয়ে হবে । রাত জাগবেন না । পায়খানা নরম রাখুন । ইসুপগুলের ভুষি খান । দুশ্চিন্তা করবেন না । একজন চর্ম রোগের বিশেষজ্ঞ কে দেখান । ধন্যবাদ,doctor
"স্যার প্রথমে আপনি আমাক খাবার ঔষধ দিয়েছিলেন । Telfin & fexo . আমি খাইছি । এর আগেও আমি Xfin , xyril , duvent . . এসব খাইছি । কিন্তু প্রথম ১ - ২দিন কমে । ৪ - ৫দিন পর আবারও ওই জায়গাগুলো লাল হয় আর খুব চুলকায় । কিছুদিন হলো keto fast soap ব্যবহার করছি । কাল থেকে আবারও লাল হয়ে আছে আর খুব চুলকাচ্ছে । বিশেষ করে অফিস শেষে বাসায় এসে যখন dress change করি তখন খুব চুলকায় । খুব অসস্তিতে আছি । please . .",nutrition
"স্যার , আমার স্ত্রীর বয়স ৪০ বছর । বেশ কিছু দিন যাবত তার সারা শরীরে শুকনো দাউদের মতো হয় , প্রচন্ড চুলকায় । তাছাড়া মাথার ছোট ছোট বিচি হয এবং চুলকায় ও চুল উঠে যাচ্ছে । সমাধান দিয়ে উপকৃত করবেন ।",symptoms
"আস্সালামুআলাইকুম । যদি দিনে ৫ বারের বেশি পায়খানা করে , তাহলে কি ৪ মাস বয়সি বাচ্চাকে Enterogermina খাওয়া যাবে কি না ? ?",symptoms
"আপনাকে ধন্যবাদ প্রশ্ন করার জন্য । আপনার প্রশ্নটি ভাল ভাবে বোঝা যাচ্ছে না । মনে হয় আপনি বলতে চাচ্ছেন আপনার স্ত্রীর মাসিক প্রতিমাসের ২৮ বা ২৯ দিন পর পর হয় । এই বার ৩৪ দিন পরে হয়েছে । যদি এটাই আপনার প্রশ্ন হয়ে থাকে তাহলে কখনো কখনো এমন হতে পারে । যদি দুশ্চিন্তা করে , অতিরিক্ত পরিশ্রম , ঘুম কম , ইমার্জেন্সি পিল খেলে ইত্যাদি কারনে এক সপ্তাহ আগে পরে হতে পারে । ভয়ের কিছু না । পরবর্তী মাসে কোন সময়ে হচ্ছে তা লক্ষ করুন । যদি কোনো শারীরিক সমস্যা হয় বা মাসিক অনিয়মিত হয়ে যায় সে ক্ষেতে একজন গাইনি চিকিৎসকের পরামর্শ নিতে হবে । আবার হয়েছে বলতে যদি খুব কাছাকাছি সময়ে হয়ে থাকে তাহলে গাইনি ডাক্তার কে দেখিয়ে নেয়াই ভাল । ধন্যবাদ ।",symptoms
"Sir , Amr baby boiyos 08 mas . Sir babyta guto 2din hulo paikhana korse na . Sir baby ke guror dod dine khawano hoi r lectozen 2 ratee khawano hoi . Sir baby pet fola dekha jai . hutat bumi kore . Flacol r motigat khawassi . Ekn ki kirbo sir",symptoms
Thank you for your question . please consult with a ENT specialist . You may need local steroid or surgery . Thank you,doctor
"Thank you for your question . This is a Serious Condition , without any delay You Should Directly visit A General / Colorectal Surgeon For Necessary Examination & Investigation Regarding Treatment . Thank you .",doctor
"আপনার প্রশ্নের জন্য ধন্যবাদ , আপনি প্রচুর পরিমানে পানি খান , পুস্টিকর খাবার খান , নিয়ম তান্ত্রিক জীবন যাপন করুন , আশাকরি ভালো হয়ে যাবে , যদি ভাল না হয় তবে বঝবেন আপনার প্রস্রাব এর রাস্তায় ইনফেকশন হয়েছে , এই ক্ষেত্রে আপনাকে একজন ইউরোলজিস্ট এর পরামর্শ নিতে হবে । ধন্যবাদ ।",nutrition
Thank you for asking your question to daktarbhai . Apnar wife ke akjon ENT specialist doctor er kache niye jaben .,doctor
রোগীর নাম : < NAME > বয়স : ৭০ বছর বিষয় : ডান চোখে রক্ত জমাট বাঁধা গত ২৪ / ০৯ / ২০২০ তারিখে সকাল বেলা থেকে রোগীর ডান চোখের কোনায় রক্ত জমাট বাঁধতে দেখা গেছে । তবে চোখে বা মাথায় কোনো ব্যাথা অনুভব হচ্ছে না । রক্ত জমাট বাধার কারনে রোগীর স্বাভাবিক জীবনযাপনে তেমন কোনো সমস্যা হচ্ছে না তবে গত দুইদিন ডান চোখে আরো রক্ত জমাট বাধার পরিমান আগের থেকে কিছুটা বেড়েছে । বি . দ্র . ২০১৬ সালে ডান চোখে লেজার ট্রিটমেন্ট করা হয়েছিল । রোগীর পূর্ববর্তী রোগসমূহ : চোখে ঝাপসা দেখে ( 4 বছর আগে থেকে কর্নিয়াজনিত সমস্যা ) ডায়াবেটিস ( গত 15 বছর যাবৎ ) ব্রেইন স্ট্রোক ( গত 2 বছর আগে ) কিডনিজনিত সমস্যা যেসব ওষুধ সেবন করছে : 1 . cildip 10 2 . Anchor 2 . 5 3 . Fusid 40 4 . Pladex 75 ( গত দুইদিন যাবৎ বন্ধ আছে ) 5 . Hemofix FZ 6 . Serzel 20 7 . Thyrox 25 8 . uromax 9 . Linux 5 10 . Insulin : Novomix penfill 30,emergency
"ধন্যবাদ আপনাকে প্রশ্ন করার জন্য । ওষুধ গুলো খেতে থাকুন । খুব বেশি হাটবেন না । গোড়ালিতে চাপ দিয়ে কিছু করবেন না । বেশি ব্যাথা হলে নাপা খাবেন , গরম সেঁক দিবেন । ধন্যবাদ",symptoms
ডাক্তার ভাই কে প্রশ্ন করার জন্য ধন্যবাদ । এটা দেখতে হবে । একজন সার্জারি বিশেষজ্ঞ দেখান । ধন্যবাদ ।,doctor
আপনাকে ধন্যবাদ প্রশ্ন করার জন্য । আপনি ভেসেলিন ব্যবহার করুন । অন্য কিছু বা প্রসাধন দিবেন না । একজন চর্ম রোগ বিশেষজ্ঞ কে দেখাতে পারেন । ধন্যবাদ ।,doctor
ধন্যবাদ আপনাকে প্রশ্নের জন্য ৷ সরাসরি একজন হাড্ডি বিষয়ক ডাক্তার দেখান । ধন্যবাদ,doctor
"আপনাকে ধন্যবাদ প্রশ্ন করার জন্য । মুখে রুচি না আসা কোন ক্রনিক রোগ যেমন দীর্ঘমেয়াদি জন্ডিস , ডায়াবেটিস ইত্যাদি রোগের কারনে হতে পারে । আপাতত আপনি ট্যাবলেট অমিডন 10 মিলিগ্রাম সকালে ও রাতে একটা করে খাবার আধাঘন্টা আগে খেতে পারেন । সব সময় ওষুধের উপর নির্ভর না করে আগে কেন এরকম হচ্ছে তা বের করার চেষ্টা করুন । প্রয়োজন ছাড়া ওষুধ খাবেন না একজন মেডিসিন ডাক্তার কে দেখিয়ে নিতে পারেন । ধন্যবাদ ।",nutrition
ধন্যবাদ আপনাকে প্রশ্নের জন্য । Tab Fexo 120mg = 0 + 0 + 1 = 3 days . ধন্যবাদ,medicine
ডাক্তারভাইকে প্রশ্ন করার জন্য ধন্যবাদ । Trego Ointment - - apply twice daily on the affected area . প্রাথমিক ভাবে এ cream টি লাগাতে পারেন । সে সাথে Tab Vitabion - - 0 + 1 + 0 after meal for a month খেতে পারেন । মুখ বেশী খুলে কোন কিছু খাবেন না । দরকার হলে পানি পান করার জন্য straw ব্যবহার করুন এবং খাবার খাওয়ার জন্য ছোট চামচ ব্যবহার করুন । অবশ্যই একজন Skin Specialist Doctor এর পরামর্শ নিয়ে নিবেন । ধন্যবাদ ।,nutrition
আপনাকে ধন্যবাদ প্রশ্ন করার জন্য । খাওয়াতে পারেন । সব চেয়ে ভাল একজন শিশু বিশেষজ্ঞ কে আবার দেখিয়ে নেয়া । ধন্যবাদ ।,doctor
আমার নয় মাস চলছে । । রাতে একদমই ঘুম হয় না সারা মুখে কালো কালো গোটার মত উঠেছে দাগ হয়ে গিয়েছে । । এখন কি করবো ?,symptoms
Thanks for questioning to daktervai . During pregnancy time physically visit to dr is most important . . . . In this 7th month of pregnancy baby will growing fast thats why you can facing this type of problem . . . But if this problem is persist then please go for physical check up . . .,doctor
গর্ভবতী নারীদের কোন কোন খাবারগুলো খাওয়া সম্পুর্ন নিষেধ ?,nutrition
"ডাক্তার ভাই এর সাথে থাকার জন্য ধন্যবাদ । নিচের নির্দেশনা অনুসরণ করুন Rx , Tab Paricel 20mg : 1 + 0 + 1 Tab Docopa 200mg : 0 + 0 + 1 Test : - ECG লক্ষ্য করুন ঃ - ব্যাথা বুক থেকে চোয়াল বা বাম হাতে ছড়াচ্ছে কিনা - ব্যাথার সময় শরীর ঘেমে উঠছে কিনা - বুক ধড়ফড় আছে কিনা * * উক্ত লক্ষণ গুলো থাকলে , ব্যাথা ঔষধ গ্রহণ এর পর না কমলে , তীব্রতা বাড়লে নিকটস্থ হাসপাতালের জরুরি বিভাগে যোগাযোগ করুন Dr . < NAME > Mbbs ( DU )",emergency
ডাক্তার ভাই কে প্রশ্ন করার জন্য ধন্যবাদ Flacol Pediatric Drop ৬ ফোটা করে টাদিনে ২ বার ৭ দিন Motigut Pediatric drop ৮ ফোটা করে ৩ বেলা খাওয়ার আগে সরাসরি একজন Pediatricianএর সাথে যোগাযোগ করতে পারেন ধন্যবাদ ।,medicine
"Thank you for your question Syp . Adovas 2spoon 3times a days . Cap . maxpro 20mg 1 + 0 + 1 for 1month . Take lemon ginger tea , Luke warm water to drink . Thank you",medicine
ডাক্তার ভাইকে প্রশ্ন করার জন্য ধন্যবাদ । Suspension Gavicid plus - দুই চামচ করে দুই বেলা এক ফাইল খেতে পারেন । ধন্যবাদ,medicine
Thanks for questioning daktarbhai . Please consult with a gynaecologist and do a physical check up and then take a decision . . Otherwise no medicine will be allowed . Thanks,doctor
আপনার প্রশ্নের জন্য ধন্যবাদ । এটা স্বাভাবিক অনেক ক্ষেত্রে । বিশদ আলোচনার জন্য আপনি একজন গাইনি চিকিৎসকের পরামর্শ নিন । আপনি এই এপের মাধ্যমে ভিডিও কনফারেন্সে চিকিৎসকের পরামর্শ নিতে পারেন । ধন্যবাদ,doctor
ডাক্তার ভাইকে প্রশ্ন করার জন্য ধন্যবাদ । কানে ব্যথার জন্য Tab Rolac 10 mg তিনবেলা পাঁচদিন খেতে পারেন । সাথে Cap Maxpro 20 দুই বেলা খাবার আগে খাবেন । কানে ব্যথার সাথে কান থেকে পুঁজ অথবা পানি জাতীয় কিছু বের হয় কিনা বলেন নেই । যদি কানে ব্যথার সাথে কান থেকে কোনো পুঁজ বা পানি জাতীয় কিছু বের হয় তাহলে অবশ্যই ইএনটি বিশেষজ্ঞের পরামর্শ নিন । ধন্যবাদ,nutrition
ডাক্তার ভাইতে প্রশ্ন করার জন্যে আপনাকে ধন্যবাদ । বেশি করে পানি খাবেন । রাত জাগবেন না । একজন স্কিন স্পেশালিষ্ট চিকিৎসক এর পরামর্শ নিবেন ।,doctor
পেটের ভুড়ি বা মেদ কমানোর সহজ উপায় কি ? জানালে উপকৃত হতাম,symptoms
ধন্যবাদ আপনাকে প্রশ্ন করার জন্য । aristovit - B খাবেন একটা করে । ধন্যবাদ,medicine
আপনাকে ধন্যবাদ প্রশ্ন করার জন্য । দুঃক্ষিত হোমিওপ্যাথি ব্যপারে আমাদের কোনো অভিজ্ঞতা নাই । এখানকার ডাক্তার রা সবাই MBBS ডাক্তার । আপনার যেহেতু হোমিওপ্যাথি খেয়ে কমেছে আপনি চেষ্টা করে দেখতে পারেন । চর্ম বিভাগ অথবা সার্জারি বিভাগে গেলে ওরা আচিল ফেলে দিতে পারবে । এটা বড় কোনো অপারেশন না । ধন্যবাদ ধন্যবাদ ।,doctor
ধন্যবাদ আপনার প্রশ্নের জন্য । মাঝে মাঝে স্ট্রেচিং এর জন্য আমন হয় । এটা কোন সমস্যা না । বিশদ আলোচনার জন্য আপনি একজন গাইনি চিকিৎসকের পরামর্শ নিন । আপনি এই এপের মাধ্যমে ভিডিও কনফারেন্সে চিকিৎসকের পরামর্শ নিতে পারেন । ধন্যবাদ,doctor
Tab omidon 10 mg 1 + 1 + 1 before meal 7 days . Yogurt 2 table spoon twice a day for 15 days,medicine
"ডাক্তার ভাই কে প্রশ্ন করার জন্য ধন্যবাদ । আপনি ঠান্ডা লাগাবেন না । Tab Rolac 10 mg দিনে ২ বেলা খেতে পারেন , সাথে গ্যাসের ওষুধ খেতে ভুলবেন না । ধন্যবাদ ।",medicine
"Amader biyer 10 bosor , akta baby 5 bosor arekta 2 . 5 bosor , bortomane femicon khassi but ami permanent akta poddhoti nite chassi ki ba konta nile valo hobe , ar baby nite chassi na , amr boyos 26 bosor",medicine
"বাচ্চার বয়স ২ বছর ঠান্ডা কাশি আছে কয়েকদিন ধরে , tofen + azithrocin + bronkolax + ace খাওয়ানো হয়েছে তাও কাশি আছে কাল থেকে আবার কানে জ্বালা করছে এখন করনীয় কি ?",fever
ডাক্তার ভাই কে প্রশ্ন করার জন্য ধন্যবাদ । সকালে নাস্তা তেল Oats খাবেন । রাতে রুটি খাবেন ২ টা সবজি দিয়ে । তেল এবং চর্বি জাতীয় খাবার খাওয়া বাদ দিন । সকালে এবং রাতে ৩০ মিনিট হাঁটুন পারলে জিম এ ভর্তি হবেন । আর একজন Nutritionist কে দেখিয়ে খাবার এর তালিকা তৈরি করে নিলে ভালো হয় । ধন্যবাদ,nutrition
আপনাকে ধন্যবাদ প্রশ্ন করার জন্য । আপনার দাঁতের স্কেলিং কর‍তে হতে পারে । একজন ভাল দাঁতের ডাক্তার কে দেখান । ধন্যবাদ ।,doctor
আপনাকে ধন্যবাদ প্রশ্ন করার জন্য । আপনি ট্যাবলেট এলাট্রল ১০ মিলিগ্রাম রাতে একটা করে খেতে পারেন । ভাল না হলে একজন মেডিসিন বিশেষজ্ঞ কে দেখাতে হবে । ধন্যবাদ ।,medicine
ডাক্তার ভাইতে প্রশ্ন করার জন্যে আপনাকে ধন্যবাদ । আপনি Tab - neuro b 1 + 0 + 1 30 days খাওয়াবেন । পাশাপাশি ডায়াবেটিস নিয়ন্ত্রণে রাখবেন,symptoms
Thanks for questioning daktarbhai . Tab . Rivotril 0 . 5mg 0 + 0 + 1 for 7 days . Thanks,medicine
"আপনাকে ধন্যবাদ প্রশ্ন করার জন্য । আপনার টেস্টের রিপোর্ট অনুযায়ী এর মাত্রা সাধারন থেকে বেশি , অবশ্যই একজন মেডিসিন বিশেষজ্ঞের পরামর্শ নিন । যে ঔষধের কথা বলেছেন তা দিনে একবার সেবনযোগ্য , ধন্যবাদ ।",doctor
"Thank you for asking daktar bhai . Patient can take Tab Monas 10mg , every night , for 5 - 7 days . Syrup Adovus , 2 spoon , 2 times daily for 3 - 5 days . Antazol Nasal Drop - 2 drops into nasal canal , 2 - 3 times daily , for 5 days . Please , gurgle with warm water added with pinch of salt - for 4 - 5 times daily . She can take ginger tea . Thanks",medicine
amr ammur khub pet betha boyos hocce 48 boyos,symptoms
"ডাক্তার ভাই কে প্রশ্ন করার জন্য ধন্যবাদ । সরিষা ভর্তা খাবেন । গরম পানি , গরন চা খাবেন । গরম পানি লবন দিয়ে গড়গড়া করবেন দিনে ২ বার । Tab Ace 500 mg , 1 + 0 + 1 5 days after food . । ধন্যবাদ ।",medicine
"আপনাকে ধন্যবাদ প্রশ্ন করার জন্য । সঠিক খাদ্য তালিকার জন্য আপনাকে পুষ্টি বিশেষজ্ঞ এর সাহায্য নিতে হবে । প্রতিদিন এর খাবারে কার্বোহাইড্রেট , প্রোটিন , ভিটামিন , শাক , সবজি , ফ্যাট রাখুন । নিয়মিত ব্যায়াম করুন । আপনি সুস্থ আছেন কিনা তা বেশি জরুরি । অনেকের বংশগত শুকনা । এদের মোটা হওয়া কঠিন । ধন্যবাদ ।",emergency
আপনাকে ধন্যবাদ প্রশ্ন করার জন্য । আপনি চুলকানির জন্য ট্যাবলেট এলাট্রল ১০ মিলিগ্রাম রাতে একটা করে খেতে পারেন । এরপরেও চুলকানি না কমলে একজন চর্ম রোগ বিশেষজ্ঞ কে দেখিয়ে চিকিৎসা নিতে হবে । ধন্যবাদ ।,medicine
"choker ase pas , kopal ebong kopaler dui pas betha korar reason ki ? choke prochur gum , japsa japsa dekhci emon mone hoa . maje maje chok diye pani pora , chok chulkano .",symptoms
হাত পা কামড়ায় যন্ত্রণা করে হাতে এত যন্ত্রণা করে যে হাতের শিরা ফুলে যায় শক্ত হয়ে যায়,symptoms
ডাক্তার ভাইতে প্রশ্ন করার জন্যে আপনাকে ধন্যবাদ । Tab - Fexo 120 mg 0 + 0 + 1 7 days Tab - Bukof 1 + 0 + 1 7 days Antazol nasal drop বন্ধ নাকে দু ফোটা করে প্রয়োজন মত । Cap - sergel 20 mg 1 + 0 + 1 7 days এগুলো খাবেন ।,medicine
ডাক্তার ভাই কে প্রশ্ন করার জন্য ধন্যবাদ । বেশ ভালো । চোখের পরিক্ষা ছাড়া মেডিসিন নিলে চোখের ক্ষতি হতে পারে । ধন্যবাদ ।,doctor
প্রশ্ন করার জন্য অনেক ধন্যবাদ / আক্রান্তস্থানে পানি ও সাবান লাগানো যাবেনা / TAB RUPA 10 MG . . . . . . . . . . . 0 + 0 + 1 . . . . . . . ১৫ দিন NYCLOBATE NN CREAM দিনে ৩ বার আক্রান্তস্থানে লাগাবেন . . . . . . ১৫ দিন এরপরও কোনও সমস্যা অবশ্যই যোগাযোগ করবেন / ধন্যবাদ /,medicine
প্রশ্ন করার জন্য ধন্যবাদ / আপনার যেহেতু অনেকদিন যাবত হাঁটু ব্যাথা আপনি আপনার দুই হাঁটু এক্সরে করিয়ে নিন / হাটু ব্যাথার জন্য আপনি tab NAPRO A PLUS 500mg 1 + 0 + 1 খাওয়ার পরে ্‌ . . . ১৫ দিন tab ARTH A TS 1 + 0 + 1 . . . . . . . . . . . . . . . . . . . . ১৫ দিন tab SERGEL 20 mg 1 + 0 + 1 খাওয়ার আগে . . . . ১৫ দিন এরপর x - ray of both knee joint both view করিয়ে যোগাযোগ করবেন / আশা করছি সুস্থ হয়ে যাবেন /,medicine
আপনাকে ধন্যবাদ প্রশ্ন করার জন্য । আপনার স্ত্রীকে ব্যাথার জন্য প্যারাসিটামল খাওয়াতে পারেন । গরম পানির সেক দিন । একজন অর্থপেডিক্স ডাক্তারের পরামর্ষ নিন । ধন্যবাদ,symptoms
আমার বয়স ১৬ খাবার বেশি খেতে পারি নাহ . এক কথায় মুখে রুচি খুব কম . কোন ওষুধ খেতে পারি . ? দয়া করে এক্টু ভালো মানের টা বইলেন যাতে কাজে আসে . ! ( * - * ),nutrition
Thanks for your question to daktar Bhai please visit a skin specialist . Please keep your feet dry and clean . Thanks,doctor
"Thank you for your question Take tab . Napa 500mg 1 + 1 + 1 for5days . If fever more than 102 , take napa suppository per rectum . Sponge body . Take tab . Omidon 1 + 0 + 1 for 3days . Do a covid test . Take sufficient water . Eat orange lemon and other vitamin C containing foods more . Thank you",medicine
ji 5 ta calcium tablet ak sathe keye felse ki kono khoti hobe ki,medicine
"আপনাকে ধন্যবাদ প্রশ্ন করার জন্য । সূর্যের আলোতে গেলে পোলারয়েড গ্লাস ব্যাবহার করবেন , অতিরিক্ত আলো ঝলকানি এড়িয়ে চলবেন । Photophobia হওয়ার পেছনে একটি সুনির্দিষ্ট কারণ থাকে , একজন চক্ষু বিশেষজ্ঞের সাথে সরাসরি পরামর্শ করুন , উনি পরীক্ষার মাধ্যমে এর কারণ বের করে তার সমাধান দেবেন । ধন্যবাদ ।",doctor
ডাক্তারভাইকে প্রশ্ন করার জন্য ধন্যবাদ । লক্ষ্য রাখুন পেট ব্যথার তীব্রতা কেমন এবং সাথে কোন রক্তক্ষরণ বা অন্য কোন সমস্যা হচ্ছে কিনা । মাকে জিজ্ঞেস করুন উনি বাচ্চার নাড়াচাড়া টের পাচ্ছেন কিনা । এ সময়ে যে কোন সমস্যা দেখা দিলে খুব সতর্ক থাকতে হবে । উপরোক্ত যে কোন সমস্যা হলেই দ্রুত হাসপাতালে নিয়ে যাবেন । অথবা এ কয়দিন যাবত যে গাইনী ডাক্তারের চিকিৎসাধীন আছেন তাঁর সাথে জরুরী ভাবে যোগাযোগ করুন । ধন্যবাদ ।,emergency
"বাম হাটু বাঁকা বা সোজা করার সময় হালকা ব্যাথা হয় , কি করবো ?",symptoms
ধন্যবাদ আপনার প্রশ্নের জন্য । শরীর বন্ধ মানে কি বুঝিয়েছেন বোঝা যায়নি । বিশদ আলোচনার জন্য আপনি একজন গাইনি চিকিৎসকের পরামর্শ নিন । আপনি এই এপের মাধ্যমে ভিডিও কনফারেন্সে চিকিৎসকের পরামর্শ নিতে পারেন । ধন্যবাদ,doctor
ধন্যবাদ আপনাকে প্রশ্ন করার জন্য । সরাসরি কথা বলে হিস্ট্রি নিয়ে সমস্যা শুনে সমাধান দিতে হবে । খাবারের নিয়ম কানুন শিখিয়ে দেয়া হবে । বিশদ আলোচনার জন্য আপনি paediatric ডাক্তারের ভিডিও কলের এপয়েনমেন্ট নিন । আপনার সাথে বিস্তারিত আলোচনা করে prescription সহ বুঝিয়ে দিব । ধন্যবাদ,nutrition
"আমার বয়স ২৪ বছর । আমি আগে পিউলি নামের ইমার্জেন্সি পিলটি কয়েকবার ( ৩ , ৪ বার ) খেয়েছি তবে পিরিয়ডের উপর সেটা কখনো ইফেক্ট ফেলেনি । গত মাসের ১৫ তারিখ আমার পিরিয়ড শুরু হয় একবার , পিরিডের চতুর্থ দিনে একবার নোরিক্স পিলটি খেয়েছি যার এক সপ্তাহের মধ্যেই ঐ মাসের ২৬ তারিখ আবার পিরিয়ড শুরু হয় । প্রেগন্যান্সি টেস্ট করে দেখেছি নেগেটিভ এসেছে । আমার পিরিয়ড ২৮ দিনের সার্কেল । এবার ৩০ দিন হয়ে গেল এখনো পিরিয়ড হচ্ছে না । আমার পিরিয়ড কি ইররেগুলার হয়ে গিয়েছে ? আগে কখনো এমন মাসে ২ বার পিরিয়ড হয়নি । এটা ঠিক হবে কিভাবে ?",symptoms
"আমার চার দিন জ্বর । জ্বর মাঝে মাঝে আসে আবার চলে যায় । আমি paracetamol 665mg খাইতেছি কিন্তু জ্বর আসা যাওয়ার মধ্যে আছে , এখন আমি কি করতে পারি জানাবেন স্যার ।",fever
"গত তিনদিন ধরে আমার গলায় অসুবিধা হচ্ছে , ঢোক গিলতে অসুবিধা হয় , খাবার খেতে অসুবিধা হয় । ঘরে এক ব্যায়াম করার পর থেকে গলায় এমন হচ্ছে , এখানে কি রগের কোনো সমস্যা হলো নাকি অন্যকিছু ? একটু জানাবেন আর কি ঔষধ খেতে পারি ?",nutrition
"আমার আব্বুর দাতের মাড়ি প্রচন্ড ফুলে গেছে , খুব ব্যথা করছে । কি ঔষধ খাওয়ালে ব্যথা কমবে , যদি বলতেন প্লিজ ।",symptoms
After taking medicine if bleeding continue then consult with a medicine dr,doctor
"Thank you for asking question to Daktarbhai . There are lots of reason for acne . Like dandruff , hormonal imbalance , . Unhealthy lifestyle etc . You need to stop acne first . And for finding the reason you need to consult a dermatologist physically . Doctor will find the reason and treat accordingly . Thanks",doctor
"if i take Tamisol MR for life long , would it harm my fertility ? i am still unmarried !",medicine
"আপনাকে ধন্যবাদ প্রশ্ন করার জন্য । আপনার উচ্চতা জানা থাকলে ভাল হত । আপনি ভাত , আলু , রুটি , মিষ্টি কম খাবেন । নিয়মিত ব্যায়াম করুন । প্রয়োজন এ একজন পুষ্টি বিশেষজ্ঞ কে দেখিয়ে নিন । ধন্যবাদ ।",nutrition
"দেশের বাহিরে যাওয়ার জন্য মেডিকেল করার পর রিপোর্টে বুকে সমস্যা পাওয়া গেচে , যে সমস্যাটি স্মোক এবং ঠান্ডা এই ২ টি কারনে হতে পারে , ডাক্তার জানিয়েছেন । এখন ৭ - ৮ দিনের মধ্যে এই সমস্যাটি সমাদানের উপায় কি ? কিভাবে বুকের এই সমস্যা থেকে মুক্তি পাওয়া যাবে ।",symptoms
"ডাক্তার ভাই কে প্রশ্ন করার জন্য ধন্যবাদ 100 এর উপর জ্বর বিপদজনক , ৬ ঘন্টা পরেই দিতে পারবেন আপনি একজন শিশু বিষেশজ্ঞ এর পরামর্শ নিন ধন্যবাদ",fever
Thank you for your questio . You can take Omeprazol 20 mg one tablet before meal twice a day for gastritis . Digest problem is vague term . if you have loose motion then take Orsaline . Sleeping pill cant be given without seeing patient physically . you can visit a doctor for further help . Thank you Thank you,symptoms
"Good morning . My husband is affected on cold , cough and fever last three days . He can eating everything , but he doesn ' t smell anything . what can I do for him now ? ?",symptoms
ধন্যবাদ ডাকতার ভাই কে প্রশ্ন করার জন্য । ৩ বছর বয়স পর্যন্ত অপেক্ষা করুন । না হলেspeech therapy ও দিতে পারবেন । তবে অনেক বাচ্চা দেরিতে কথা বলে । ধন্যবাদ,doctor
ডাক্তার ভাই কে প্রশ্ন করার জন্য ধন্যবাদ । এই সমস্যার জন্য লেজার করে দাগ সরাতে পারেন আপনি সরাসরিএকজন Surgery specialist এর পরামর্শ নিন ধন্যবাদ,doctor
ডাক্তার ভাই কে প্রশ্ন করার জন্য ধন্যবাদ ৩ চামচ অর্ধেক চামচ মিশিয়ে নিবেন ধন্যবাদ,medicine
নিশ্বাসে কোন গন্ধ পায় না এটা কোন ধরনের সমস্যা জানতে চাই ।,symptoms
আমার নিয়মিত পায়খানা ক্লিয়ার হয়না । নিয়মিত ইসুবফুলের ভুষি ও শাকসবজি খেয়ে থাকি । ইদানিং পায়খানার সময় প্রচুর চাপ প্রয়োগ করতে হয় । দিন দিন সমস্যা মনে হচ্ছে বাড়তেছে । কোন বিশেজ্ঞ ডাক্তার দেখালে ভাল হয় দয়া করে পরামর্শ দিন ।,nutrition
প্রশ্ন করার জন্য ধন্যবাদ / এধরনের সমস্যা মাংশপেশি হঠাৎ শক্ত হলে হতে পারে / TAB BEKLO 5 MG . . . . . . . . . . . . 1 + 1 + 1 . . . . . . . . 5DAYS . এরপর কোনও সমস্যা হলে আবার ডাক্তারের পরামর্শ নিবেন / ধন্যবাদ /,medicine
আপনাকে ধন্যবাদ প্রশ্ন করার জন্য । আপনি স্কেবেস ঔষধ বাচ্চার শরীরে লাগান । আট ঘন্টা রাখুন । পানি লাগাবেন না । এর পরেও ভাল বনা হলে একজন চর্ম রোগ বিশেষজ্ঞ কে দেখিয়ে নিন । ধন্যবাদ ।,medicine
Thank you for your question to daktar bhai . you have to bring the ECG print . Then a physician can discuss whats wrong with you . A physician needs to check you yours ins and out to make a treatment plan . That will be only for you . Thanks .,doctor
আপনাকে ধন্যবাদ প্রশ্ন করার জন্য । জর যদি তিন বা পাচ দিনের মধ্যে হয় তবে আপনাকে dengue NS1 টেস্ট করতে হবে । আর যদি পাচ দিনের বেশি হয় তবে dengue IG g / IGm করতে হবে । আপনি মেডিসিন বিশেষজ্ঞ সাথে যোগাযোগ করুন । ধন্যবাদ,doctor
"আমার কয়েকদিন যাবত রাতে শরীর প্রচুর গরম হয় । বিশেষ করে হাঁটুর নিচে বেশি গরম হয় ও অসস্থি লাগে , যার জন্য রাতে ঘুম কম হয় / দেরিতে ঘুম আসে । পরামর্শ দিলে উপকৃত হব । ধন্যবাদ ।",symptoms
"ডাক্তার ভাই কে প্রশ্ন করার জন্য ধন্যবাদ । অল্প অল্প খাওয়াবেন । খাওয়ার পর কাধের উপর রেখে পিঠ চাপরে দিবেন । সুজি , জুস , যাউ খিছুরি দিতে পারেন । শব্জি ভর্তা করে মিশিয়ে দিবেন । খাওয়ার লিস্ট শিশু ডাক্তার এর কাছ থেকে নিবেন । ধন্যবাদ ।",doctor
"ধন্যবাদ আপনাকে প্রশ্ন করার জন্য । নাপা চালিয়ে যান সাথে গরম পানি দিয়ে গড়্গড়া করুন । চা , আদার রস খান । এতে কাজ না হলে একজন নাক , কান , গলা বিশেষজ্ঞএর পরামর্শ নিন । ধন্যবাদ",medicine
"আমার স্ত্রীর ২৪ সপ্তাহ প্রেগ্ন্যাসি চলছে , আমার ছোট ছেলের বয়স ১৯ মাস , সে বুকের দুধ পান করে । প্রেগ্ন্যাসির এই সময়ে বুকের দুধ পান করানো ঠিক হচ্ছে ? বা কত সময় পর্যন্ত পান করানো যাবে ?",symptoms
ডাক্তার ভাই কে প্রশ্ন করার জন্য ধন্যবাদ আপনি খাওয়ার আগে Tab Motigut 10mg প্রতি বেলা ১টা করে এবং Cap Sergel 20mg এবং Xinc B সকাল ও রাতে ১ টা করে খাবেন । আপনি একজন Medicine specialist এর পরামর্শ নিতে পারেন । ধন্যবাদ,medicine
"আমার ভাইয়ের বয়স 14 । তার মুখে ছইলমার মতো সাদা সাদা দাগ পড়ে আছে । এমনিতে তো কোন সমস্যা হয় না , তবে দাগ গুলো দিন দিন বাড়ছে এবং পুরো মুখে ছড়িয়ে পড়ছে । কী করনীয়",symptoms
আমার বয়স ২১ ইদানিং সহবাসের পর গোপনাঙ্গ তে খুব জালা করে । এখন কি করনীয়,symptoms
ডাক্তার ভাই কে প্রশ্ন করার জন্য ধন্যবাদ । নাক বন্ধের জন্য Antazol nasal spray ( ১ ফোটা করে উভয় নাকে ) ব্যবহার করবেন । আর বুকে ব্যথার জন্য অবশ্যই E . C . G পরীক্ষা করে কার্ডিওলজিস্ট এর পরামর্শ নিন ।,medicine
"আমার স্ত্রীর বয়স ২০ বছর , তার চোখের সমস্যায় ২ . ৫০ পাওয়ারের চশমা পরতে হয় । রেগুলার ওষুধ খেতে হয় না । ইদানিং গত দুইদিন যাবত প্রচুর মাথা ব্যথা , পুরো মাথায় ব্যাথা , কোনো শব্দ শুনতে পারে না , বিরক্তকর লাগে । এমন অবস্থায় কি করণীয় ? এটা কি চোখের সাথে সম্পর্কিত কোনো সমস্যা ? আর কোন বিষয়ের ডাক্তারের পরামর্শ নেয়া উচিত ? কি ধরনের ওষুধ খাওয়া যেতে পারে ?",symptoms
আপনাকে ধন্যবাদ প্রশ্ন করার জন্য । যেতে পারে । এ - ই সব হরমনের ঔষধ হমক্ন রোগ বিশেষজ্ঞ এ - র সাথে পরামর্শ না করে খাওয়া উচিত না । ধন্যবাদ ।,doctor
ডাক্তার ভাই কে প্রশ্ন করার জন্য ধন্যবাদ । বাচ্চার বয়স কত এবং কালো দাগ কি ধরনের না জেনে না দেখে কোন Cream use করা যাবে না । তবে আপনি Calamine lotion লাগায়ে দিতে পারবেন । এতে আরাম পাবে এবং দাগ হালকা হয়ে যাবে । ধন্যবাদ,medicine
ধন্যবাদ আপনাকে প্রশ্ন করার জন্য । bicozin syrup দিতে পারেন । এতে অনেক পুষ্টিগূণ আছে । ধন্যবাদ,nutrition
Buker ba pashe betha hoy keno ? please help,symptoms
"ওয়াক্স থেরাপিটা কি বা কিভাবে দেওয়া হয় , এই বিষয়ে জানতে চাই ।",doctor
ধন্যবাদ আপনাকে প্রশ্নের জন্য । এডোভাস সিরাপ ২ চামচ করে ৩ বেলা খান । ধন্যবাদ,medicine
"ডাক্তার ভাইকে প্রশ্ন করার জন্য ধন্যবাদ । Tab Napa 500 , 1 + 1 + 1 , 3 - 5 days . Tab Filwel Silver , 0 + 1 + 0 , 1 month Tab Neuro B , 1 + 0 + 1 , 15 days . ধন্যবাদ",medicine
আপনাকে ধন্যবাদ প্রশ্ন করার জন্য । আপনার সমস্যা না দেখে সঠিক ভাবে বোঝা যাচ্ছে না । একজন সার্জারী বিশেষজ্ঞ চিকিৎসক কে দেখিয়ে সঠিক চিকিৎসা নিন । ধন্যবাদ ।,doctor
আপনাকে ধন্যবাদ প্রশ্ন করার জন্য । আপনার কি ফোড়া উঠছে না ব্রণ উঠছে ? ফোড়া হলে এন্টিবায়োটিক খেতে হবে । ব্রণ হলে আপনি পানি বেশি করে খান । মুখ পরিষ্কার রাকুন । ঘুম পর্যাপ্ত হতে হবে । দুশ্চিন্তা করবেন না । পায়খানা নরম রাখুন । এরপরেও ভাল না হলে একজন চর্ম রোগের ডাক্তার কে দেখাতে হবে । ধন্যবাদ,doctor
majay majay dat brash korar somay mari deya bollding hoy ki kortay pari advise me please,symptoms
কোন গাইনি চিকিৎসকের পরামর্শ নেওয়া যাবে । help please . . ?,doctor
"ডাক্তার ভাইকে প্রশ্ন করার জন্য ধন্যবাদ । দন্ত বিশেষজ্ঞ ডাক্তার যদি আপনাকে কোন ব্যথা নাশক ওষুধ দিয়ে থাকে , ঐটা গ্রহণ করুন । না দিয়ে থাকলে Tab . Reset ER 1 + 1 + 1 ×2days গ্রহণ করুন ।",medicine
আমার পায়খানার সময় অনেক ব্যাথা করে মনে হয় চামরা ছিরে পায়খানা হচ্ছে কিন্তু পায়খানা অনেক নরম মাঝে মাঝে রক্তোও বের হয় কি করবো . ?,symptoms
"আপনাকে ধন্যবাদ প্রশ্ন করার জন্য । রক্তচাপ পরীক্ষা করুন , উচ্চ রক্তচাপ থাকলে তার জন্য ঔষধ গ্রহন করতে হবে । মেডিটেশন করুন । ঘুমের আগে অন্তত ১০ মিনিট হাটবেন । ঘুমের একটা নির্দিষ্ট সময় তৈরি করুন । ধন্যবাদ ।",symptoms
Thank You for your question . Definitely there are many options for you . Please consult with a gynecologist . Thank you,doctor
মোনাস কিসের জন্য খাওয়া হয় ? জনাবেন প্লিজ ।,medicine
তিন দিন পর জ্বর নেই কিন্তু শরির খুব ব্যথা ৷ আর কোন সমস্যা নেই ৷ শরির ব্যথার জন্য কি করব ৷ জ্বরের ঔষধ কি চালিয়ে যাব ?,fever
ডাক্তার ভাইকে প্রশ্ন করার জন্য ধন্যবাদ । Suspension Fexo 30 mg এক চামচ দুই বেলা তিন থেকে পাঁচ দিন খাওয়াতে পারেন । এছাড়া একজন অভিজ্ঞ শিশু বিশেষজ্ঞের পরামর্শ নিতে পারেন । ধন্যবাদ ।,medicine
"আমার স্ত্রী প্রায় দেড় বছর যাবৎ জন্ম বিরতিকরণ বড়ি "" সুখী "" খায় । দীর্ঘ দিন যাবৎ এই ঔষধ খেলে কোন সমস্যা আছে কি ? জানাবেন",medicine
আমাদের বাচ্চার বয়স ৬ মাসে পড়লো । এখন আমার সহধর্মিণী কোভিড টীকা গ্রহন করতে পারবে কি ? আপনাদের মুল্যবান মতামতের আশা করছি ।,fever
"ডাক্তার ভাই কে প্রশ্ন করার জন্য ধন্যবাদ । প্রথমত ফ্লাজিল ও ফিলমেট একই ওষুধ । আপনার বাবার এমন অবস্থায় আপনি Tab . Rozith 500mg 2 tab stat ( এখনি ) then 1 + 0 + 0 from tomorrow , total 3days , Tab . Filmet 400mg 1 + 1 + 1 4days , ORS after each motion দিবেন । এতে না কমলে হাসপাতালে ডাক্তারের চিকিৎসা নিবেন । ধন্যবাদ ।",medicine
"আমার বাচ্চার বয়স ৭ দিন , ৪ দিন বয়সে বিলিরুবিন ছিল ১২ . ১০ আজকে ৭ দিন বয়সে এসেছে ১৪ . ৮০ . ও প্রথম দুইদিন আইসিইউ তে ছিল । খাওয়া , প্রসাব , পায়খানা ঠিক আছে । এখন কি করব",emergency
ম্যম নমস্কার । আমার বাবুর বয়স দুমাস । কদিন ধরে আমার বুকের দুধ একদমই পাচ্ছে না । আমি তাকে নিয়মিত চোষাই । তবুও কেনো এমন হচ্ছে বুজতে পারছি না । দয়া করে বলবেন কি আমি কি খেলে আমার বুকের দুধ নামবে ? শুনেছি কালিজিরা খেলে দুধের প্রবাহ বেড়ে যায় । ম্যম ফার্মেসিতে কিছু কালিজিরার ক্যপসুল পাওয়া যায় । এগুলো কি খেতে পারব ?,symptoms
left arm middle finger and upper portion of left hand problem in some days,symptoms
আসসালামু আলাইকুম । শ্রদ্ধেয় ডা : সাহেব আমার স্ত্রীর সকালে হঠাৎ করে কাঁপতে কাঁপতে জ্বর আসছিল আবার এখন দুপুরে ও কাঁপতে কাঁপতে জ্বর আসছিল । এমতাবস্থায় কি করতে পারি পরামর্শ দিলে উপকৃত হইবো ইনশাআল্লাহ ।,fever
"Thanks for your question . you are having more than enough medicines . if still persists , you have to do an x ray to exclude the reason . Thanks",doctor
আপনাকে ধন্যবাদ প্রশ্ন করার জন্য । আপনার সমস্যা আমার কাছে স্ট্রোকের লক্ষনের মত মনে হচ্ছে অথবা কোন নার্ভের সমস্যা । একজন নিউরোমেডিসিন বিশেষজ্ঞ চিকিৎসক কে দেখিয়ে নিন । ধন্যবাদ ।,emergency
"আপনাকে ধন্যবাদ প্রশ্ন করার জন্য । আপনার সমস্যা সমাধান এর জন্য আপনার বিস্তারিত ইতিহাস , কিছু পরীক্ষা করা দরকার । আপনি একজন মেডিসিন বিশেষজ্ঞ কে দেখান । আপনার সমস্যা ভাল হতে সময় লাগবে । ধন্যবাদ ।",doctor
আপনাকে ধন্যবাদ প্রশ্ন করার জন্য । না এটা ঔষধ দিলে হবে না । উঠাতে হবে । একজন চর্ম রোগের বিশেষজ্ঞ চিকিৎসক কে দেখান । ধন্যবাদ ।,doctor
"আপনাকে ধন্যবাদ প্রশ্ন করার জন্য । চুল পড়ার অনেক কারনের মধ্যে বংশগত , হরমনের সমস্যা , থাইরয়েডের সমস্যা , কিছু অভ্যাসের কারনে , রক্ত স্বল্পতা , ক্যালসিয়াম সমস্যা ইত্যাদি । আপনি একজন চর্ম ডাক্তারকে দেখান । সমস্যা সমাধানের জন্য কারন খুজে বের করা জরুরি । ধন্যবাদ",emergency
"আমার বয়স ৩১ বছর , ৬ বছর আগে পাইলস এর অপারেশন করছিলাম এবং আল্লার রহমতে অনেক ভালো ছিলাম কোন সমস্যা ছিল না কিন্তু গত ২ দিন ধরে পায়খানার রাস্তায় অনেক ব্যাথা হচ্ছে এবং চাপ দিলে একটা বুটার মতো বের হতে চাচ্ছে , এখন করনিয় কি ? ?",symptoms
আপনাকে ধন্যবাদ প্রশ্ন করার জন্য । আপনার সমস্যা গুরুতর এবং না দেখে এর সমাধান দেয়া সম্ভব না । আপনি একজন চর্মরোগ বিশেষজ্ঞের সাথে সরাসরি যোগাযোগ করুন । ধন্যবাদ ।,doctor
আপনাকে ধন্যবাদ প্রশ্ন করার জন্য । বয়সের আগে চুল সাদা হওয়া একটি বংশগত রোগ । এটাতে তেমন বেশি কিছু করার নাই । আপনি একজন চর্ম রোগ বিশেষজ্ঞ দেখিয়ে পরামর্ষ নিন । ধন্যবাদ,doctor
ধন্যবাদ আপনাকে প্রশ্ন করার জন্য । আদা মধু চা খাবেন । গরম পানি খাবেন একটু পর পর । মোনাস ১০ মিগ্রা খান দেখুন অবস্থার উন্নতি হয় কিনা । নিকটবর্তী হাসপাতালের জরুরি বিভাগে যান । ধন্যবাদ,emergency
থাইরয়েড হরমোনের বেড়ে যাওয়ার কারণে tayrox 50 ওষুধটা দেয় . . প্রথম সপ্তাহ ১ টা করে ২ সপ্তাহ ২ টা আর ৩ সপ্তাহ ৩ টা করে খেতে বলে এখন এটি কখন খাব . . খাবারের আগে না পরে,nutrition
Thanks for asking question . you can have cap : Amox 500mg 8 hrly after meal 7 days . Thanks,medicine
How can i solve my eye problem . . . . . . . ? ?,symptoms
"আমার আব্বার বয়স ৬০ বছর তার পোরছাবের রাস্তায় সব সময় জালা পোরা করে অনেক দিন যাবত , অনেক ডাক্তার দেখাইছি কিনতু যখন ওষুধ খায় তখন ভালো লাগে না খাইলে আবার জালা পোরা করে , দয়া করে একটা সমাধান দিবেন ।",symptoms
"আমার খুব পেট ব্যাথা করতেছে , এবং পেট ব্যাথা করে হালকা হালকা টয়লেট ও হচ্ছে । কি ঔষধ খেতে পারি ? ?",symptoms
"আপনাকে ধন্যবাদ প্রশ্ন করার জন্য । আপনি ভাত , রুটি , আলু , মিষ্টি , চিনি খাবেন না । নিয়মিত ব্যায়াম করুন । রাত জাগবেন না । দুশ্চিন্তা করবেন না । একজন পুষ্টি বিশেষজ্ঞ কে দেখিয়ে নিতে পারেন । ধন্যবাদ ।",nutrition
"এ বছর যাবত প্রচুর ঢেকুর ওঠে , পেট ভরা ভরা ও মুখে কেমন জানি বিষাদ ( পাইনসা পাইনসা ) অনুভূত হয় , বমি বমি লাগে , ইদানিং মাঝে মাঝে প্রস্রাবের রাস্তায় জ্বালাপোড়া করে ও প্রসাব হলুদ হয় । 3 মাস আগে এন্ডোস কপি , কলোনস্কপি আল্ট্রাসনোগ্রাম করেছিলাম । রিপোর্টে কোন সমস্যা পরিলক্ষিত হয়নি । প্রসাব পরীক্ষার pus cell 2 - 3 / H . P . F , Epithelial Cell 1 - 2 / H . P . F । একটু তৈলাক্ত ও দুধ জাতীয় খাবার খেলেই সমস্যা বেশি হয় । কি করতে পারি আশা করি পরামর্শ দিবেন ।",nutrition
"ডাক্তার ভাই এর সাথে থাকার জন্য আপনাকে ধন্যবাদ । আপনার বর্ণনা অনুযায়ী আপনার শিশু কে নিয়ে জরুরি ভিত্তিতে দ্রুত নিকটস্থ হাসপাতাল শিশু বিভাগে যোগাযোগ করুন । ২ দিন ধরে বমি , অস্বাভাবিক পায়খানা না হওয়া , পেট ফুলে যাওয়া ইত্যাদি লক্ষণ থাকলে দ্রুত হাসপাতালে যোগাযোগ করা প্রয়োজন । আপনার শিশু কে শিরা পথে স্যালাইন ও ঔষধ দেয়া প্রয়োজন জরুরি ভিত্তিতে । Dr < NAME > Mbbs ( DU )",emergency
আপনার প্রশ্নের জন্য ধন্যবাদ । আপনার সমস্যা গুরুতর । সেলাই এর জায়গায় ইনফেকশন হয়েছে । অতিসত্বর নিকটবর্তী হাসপাতালের জরুরি বিভাগে যান । ধন্যবাদ,emergency
Thanks for your question to daktar bhai . you can use vaseline petroleum jelly . you can take Ascovit tab 1 daily for 30 days after meal . Thanks,medicine
"আমার বাবার স্ট্রোক করেছে ৩ - ৪ বছর হলো , ডান হাত নাড়তে পারেন না । ডান হাতের প্রতিটা জয়েন্ট স্টিফ হয়ে গেছে । এখন প্রতিটা জিয়েন্ট মুভেবল করার জন্য ম্যানুয়াল ব্যায়াম ছাড়া কোন মেডিসিন অথবা ফিজিওথেরাপির ইন্সট্রুমেন্ট সাজেস্ট করতে পারেন ?",emergency
Thanks for the question to daktar bhai . please do a USG of scrotum including testis . Thanks,doctor
"আমার বয়স ৩২ বছর , গত ২ দিন ধরে দুই পায়ের নিচে মাংসে চাকা হয়ে আছে এবং অনেক ব্যাথা হচ্ছে কি ওষুধ খাওয়া যাবে ?",symptoms
আমার গলায় মনে হয় কিছু আটকে আছে । জোরে কাসি দিলে কিছু কফ বের হয় । এই সমস্যা অনেক দিন যাবত । কি মেডিসিন খেলে ভাল হবে ?,symptoms
ডাক্তার ভাই কে প্রশ্ন করার জন্য ধন্যবাদ । এই সমস্যার জন্য সরাসরি রোগী দেখে চিকিত্সা প্রয়োজন নিকটস্থ হাসপাতাল যান এবং Surgery specialist এর পরামর্শ নিন ধন্যবাদ,doctor
lipid fasting pofile করার জন্য কি কি প্রিপারেশন লাগে ?,doctor
ধন্যবাদ আপনাকে প্রশ্নের জন্য । ব্যাথা করলে নাপা খান । সাথে গরম সেক দিন । ধন্যবাদ,symptoms
আপনারা কি বাসায় এসে covid টেস্ট এর জন্য sample collect করেন ? করলে Report পেতে কয়দিন লাগে ?,doctor
আপনাকে ধন্যবাদ প্রশ্ন করার জন্য । zythrin 500 mg এক ধরনের এন্টিবায়োটিক । আপনার স্ত্রী র মাসিকের সময় আরো অন্য কোনো সমস্যা হচ্ছে কিনা তা জানা জরুরি । অন্য সমস্যা না থাকলে অল্প রক্ত গেলে তেমন সমস্যা হওয়ার কথা না । থাইরয়েড সনস্যা হলে এমন হতে পারে । আপনি TSH পরীক্ষা করে একজন গাইনি চিকিৎসকের পরামর্শ নিতে পারেন । ধন্যবাদ ।,emergency
Albendazole 400mg কয়টি বা কয়দিন পরপর খেতে হবে ?,medicine
"Tab . Rupa 10mg 0 + 0 + 1 7days , Syp . Askorel 2tsf 3times daily for 7days . Thanks",medicine
আমার মার বয়স ৫০ বছর । ০৪ - ০৫ দিন যাবত ঠান্ডা সর্দিতে আক্রান্ত । শরীর দূর্বল । বুকে কফ জমা আছে । কাশি হয় । গলার কন্ঠসর ভেঙে গেছে । মাঝে মধ্যে গলা ফাস দিয়ে আসে । মন্টিলুকাস্ট খাওয়াচ্ছি । উল্লেখ্য তার এলার্জি সমস্যা আছে । । এখন আমি কি করতে পারি ? ?,fever
"ডাক্তার ভাই কে প্রশ্ন করার জন্য ধন্যবাদ । এই জন্য পরামর্শ প্রয়োজন , আপনি সরাসরি একজন Psychiatrist এর পরামর্শ নিন ধন্যবাদ",doctor
"ডাক্তার ভাই এর সাথে থাকার জন্য ধন্যবাদ । পরিমিত মাত্রায় খেতে পারবে , যে কোন ভিটামিন Dr < NAME > Mbbs",nutrition
ধন্যবাদ আপনাকে প্রশ্নের জন্য । আপনার সম্ভবত অপারেশন এর দরকার । আপনি সরাসরি একজন কোলোরেক্টাল সার্জন এর পরামর্শ নিন । ধন্যবাদ,doctor
"আমার ওয়াইফ এর বাচ্চা হইছে ১৫ / ৪ / ২১ তারিখ এখনো পযন্ত বাচ্চা তার মায়ে দুধ তেমন পায় না বাচ্চা খুদা লাগলে কান্না করে , তাকেক কোন বারতি খাবার খাওয়ানো যাবপ কি , বাচ্চার মার বুকের দুধ না আশা পযন্ত ।",nutrition
বয়স 38 । মেয়ে । উনার গত 1মাস যাবত পিরিয়ডের মতো ব্লাড যাচ্ছে । মাঝে ডাক্তার দেখিয়ে মেডিসিন নেওয়ার পর ভালো হইছিলো । বাট আবার সেই আগের মতোই ব্লাড যাচ্ছে । কি করণীয় এখন ?,symptoms
sir . E - cap ei ousodhTa ki valo er ki parso protikriya ace . r amr ekTu kharap lagle khai ete ki somssa ace . . . .,medicine
"করোনা নিয়ে সবসময় আতংক লাগে ! ! বাসা থেকে মাঝে মধ্যে কাজের জন্য বের হতে হয় । সর্বোচ্চ সতর্কতা অবলম্বন করে ঘর থেকে বের হই , কিন্তু বাসায় ফিরে আসার পর মনে হয় আমি মনে হয় আক্রান্ত হয়ে গেলাম । বাসায় ৬ মাসের ছেলে আছে ওকে নিয়ে অনেক চিন্তা হয় । ঘুম কম হচ্ছে আর মাথায় সব আজেবাজে চিন্তা ঘুরে , শরীর নিয়ে একটু অতি সচেতন হয়ে যায় মাঝে মধ্যে , গুগল ঘাটাঘাটি করি । আমার এনজাইটির সমস্যা আছে । সাহায্য চাই , উপকৃত হব । ধন্যবাদ ❤❤❤",fever
"স্যার আমার মেয়ের বয়স ১৪ মাস প্রতি দিন ৪ / ৫ বার পাইখানা করছে , একদম পাতলা না ওর স্যালাইন খাওয়াচ্ছি কাজ হচ্ছে না প্লিজ হেল্প",symptoms
এটা আমার ছোট বোনের আল্ট্টার রিপোর্ট । বয়স সতেরো । cul - de - sac small free fluid collection is seen . impression : small pelvic collection . এখানে ওর কি সমস্যা হয়েছে একটু যদি বলতেন প্লিজ ।,symptoms
"ডাক্তার ভাইতে প্রশ্ন করার জন্যে আপনাকে ধন্যবাদ . . . ওজন নিয়ন্ত্রণে রাখার জন্যে আপনাকে মাঝে মাঝে নয় বরং নিয়মিত ব্যায়াম করতে হবে । আর চর্বি জাতীয় খাবার , গরুর মাংস , ফাস্ট ফুড ইত্যাদি পরিহার করতে হবে । খাদ্য তালিকার জন্যে আপনি একজন পুষ্টিবিদের পরামর্শ নিতে পারেন ।",nutrition
আমার শরির প্রুচর পরিমান ঘামায় . . . কারন টা কি জানতে পারি ?,symptoms
"গ্রাহক , ডাক্তার ভাইকে প্রশ্ন করার জন্য আপনাকে ধন্যবাদ । আপনার ফোলা অংশটি দেখে পরিক্ষা করা জরুরি । কোনো ব্যাথা না পেয়ে ফুলে গেলে সেটি গ্যাংলিওন হতে পারে । আপনি একজন সার্জনের সাথে সাক্ষাত করে তার পরামর্শ গ্রহন করুন । ধন্যবাদ ।",emergency
আমার বাচ্ছার জ্বর কমছে । কিন্তু কিছু খেতে চায় না জোর করলে বমি করে দেয় । আবার মুখের বিতরে সাদা চোট চোট বিচি দেখা যায় । কি করনীয় ।,fever
"১ মাসের অন্তঃসত্ত্বা অবস্থায় এজমা জনিত কারণে কিটোমার , মনাস ১০ , ডক্সভেন ২০০ , রেছকিইন , পেপটিক ২০ ইত্যাদি ঔষুধ খেয়েছিলেন তাতে কি সমস্যা হবে । অনুগ্রহ করে জানাবেন ।",symptoms
আমার প্রায় সময়ই পেট কেমন জানি ঘুডুর ঘুডুর শব্দ করে । তাছাড়া রোজার মাসে এর পরিমানটা বেশি । এমতাবস্থায় কি করবো আমি । সমস্যা টা ৩ বছর ধরে ।,symptoms
ডাক্তার ভাইতে প্রশ্ন করার জন্যে আপনাকে ধন্যবাদ । আপনি Tab - Fexo 120 mg 0 + 0 + 1 ৭ দিন খেতে পারেন . . .,medicine
Thank you for your question . use vaseline in that area . consult with a a skin specialist Thank you .,doctor
"আমি < NAME > ব্রাক কর্মী আমার মাঝে মাঝে জ্বর আসে । কিন্তু আমার ওষুধ চলছে ডাক্তারের পরামর্শ অনুযায়ী জ্বর আসলে নাপা ' খাচ্ছি । কিন্তু আমার প্রচন্ড মাথা ঘোরে , উঠে দাঁড়াতে পারি না । এখন আমার করনীয় কি ? BP 110 / 70 আমার দাঁতের মাড়ি দিয়ে রক্ত পড়ে , আমি মেডিপ্লাস জেল ব্যবহার করি ।",fever
sir amr onk din dhore dan hater kobji ta khubi pain,symptoms
"আপনার প্রশ্নের জন্য ধন্যবাদ । হৃদরোগ এর সমস্যা না হয়ে থাকলে বুকে ব্যথার আরেকটি কারণ হল গ্যাস । আপনি শাকসব্জি , ফল , আঁশযুক্ত খাবার খাবেন , পানি খাবেন , ইসুবগুলের ভূষি খাবেন । খালিপেটে থাকবেন না । চা , কফি , গরু , খাসী , মসলাযুক্ত , ভাজাপোড়া কম খাবেন । ধন্যবাদ",nutrition
"আছলামু আলাইকুম , গত কয়েক দিন যাবৎ শরীর খুব দুর্বল লাগছে এবং বুক ধর ফর করতেছে , , মাঝে মধ্যে বমি ভাব আসে , ঘুমেও সমস্যা হচ্ছে । উওর টা একটু জরুরি দিবেন , ,",emergency
২ বছরের বাচ্চা ceevit 250mg খেলে কি কোন সমস্যা হবে,medicine
"ধন্যবাদ আপনাকে প্রশ্ন করার জন্য । নাপা সিরাপ দিন , নাকে নরসল ড্রপ দিন । খাবার নিয়ে জোর করবেন না , শরীর ভাল হলে ঠিকই খাবে । ধন্যবাদ",nutrition
এলোপেতিক ঔষধের পাশাপাশি ইউনানী ঔষধ খেলে কোন অসুবিধা হবে কিনা দয়া করে জানাবেন ।,medicine
"ধন্যবাদ আপনাকে প্রশ্ন করার জন্য । আগের ওষুধের সাথে আপনি শাকসব্জি , ফল , আঁশযুক্ত খাবার খাবেন , পানি খাবেন , ইসুবগুলের ভূষি খাবেন । খালিপেটে থাকবেন না । চা , কফি , গরু , খাসী , মসলাযুক্ত , ভাজাপোড়া কম খাবেন । ফিনিক্স ২০ মিগ্রা দুইবেলা খান । ধন্যবাদ",nutrition
ধন্যবাদ আপনাকে প্রশ্নের জন্য । একজন স্কিন বিশেষজ্ঞ ডাক্তারের এপয়েনমেন্ট নিয়ে ছবি পাঠান । তিনি আপনাকে যথাযথ পরামর্শ দিবেন । ধন্যবাদ,doctor
ডাক্তার ভাই কে প্রশ্ন করার জন্য ধন্যবাদ । আপনি একজন শিশু বিশেষজ্ঞ এর সাথে সরাসরি যোগাযোগ করেন । ধন্যবাদ । ।,doctor
আমার আজ চার পাঁচ দিন যাবত ঠান্ডা এবং সাথে কাশি । কাশির সাথে কফ আসে । এর জন্য কি ঔষধ খাবো । আমার মাঝে মাঝেই গলা জ্বলে ও পেট ব্যাথা করে । এর জন্য আমি কি ঔষধ খেলে আমার গলা জ্বলা ভালো হবে ।,fever
"আমার বড় ভাইয়ের জ্বর , শরীর ব্যাথা , হালকা গলা ব্যাথা , ৷",fever
"আমার পেটে ব্যাথা , ৬বার ওয়ারুমে গেছি । জ্বর ১০১ । হাতপায়ের মাসেল জয়েন্টের ভিতরে চাবায় । মাথা ব্যাথা , শরীর ভেঙে আসতেছে , এখন আমি কি করবো ?",fever
"ধন্যবাদ আপনার প্রশ্নের জন্য । পানিশূন্যতার জন্য এমন হচ্ছে । বেশি করে পানি , খাবার স্যালাইন , জুস খাওয়ান । ধন্যবাদ",nutrition
ডাক্তার ভাই কে প্রশ্ন করার জন্য ধন্যবাদ । Tab . Tamen Turbo 1 + 1 + 1 2days খাবেন । ধন্যবাদ,medicine
"প্রতি বছর শী‌তে আমার স‌র্দি ও কা‌শির সমস‌্যা হয় । এবছরও তার ব‌্যতিক্রম নয় । শী‌তের আগম‌নের সা‌থে সা‌থে স‌র্দি ও কা‌শির সমস‌্যা দেখা দি‌চ্ছে । বি‌শেষ ক‌রে রা‌তের বেলা এই সমস‌্যা হয় । মা‌ঝে ম‌ধ্যে কা‌শি হয় । চক্রাকা‌রে না‌কের দুই বায়ুপথ খো‌লে ও বন্ধ হয় । মা‌ঝে ম‌ধ্যে হাঁচি আ‌সে । এই স্বাস্থ‌্যগত সমস‌্যা সমাধা‌নে আপনার সদয় পরামর্শ ও নি‌র্দেশন কামনা কর‌ছি । উ‌ল্লেখ‌্য যে , বেশী সমস‌্যা হ‌লে আ‌মি tab alcet সেবন ক‌রি , এ‌তে সাম‌য়িক উন্ন‌তিও হয় । ধন‌্যবাদ আপনার পরাম‌র্শের অ‌পেক্ষায় রইলাম",symptoms
ডাক্তারভাইকে প্রশ্ন করার জন্য ধন্যবাদ । কিছু Deep Breathing Exercises করবেন । লম্বা শ্বাস নেয়া এবং কিছুক্ষন শ্বাস ধরে রেখে ছেড়ে দেয়া । দ্রুত Respiratory Medicine Specialist Doctor এর পরামর্শ নিন । ধন্যবাদ ।,doctor
"sir , amake urologist doctor rgu + mcu test korte bolecen . is it very painful ?",doctor
ami heart ar jonno ( metacard . mr ) nidocatd ( clopid . as ) khai . . . . . iftar a sorisa oil . . . beshi khwa ta ki thik hobe,medicine
আমি সোহাগ । আমার বয়স ১৭ । আমার উচ্চতা ৫ : ৭ʼʼ । আমার ওজন ৫২ কেজি । আমি অনেক খাবার খাই কিন্তু কোনোভাবেই মোটা হতে পারতেছি না । আমি অনেক ভিটামিন খাইছি কিন্তু কোন কাজে আসেনী এখন আপনাদের সরনাপন্ন হলাম আপনাদের পরামর্শ চাই আমি কিভাবে মোটা হতে পারব ।,nutrition
Thanks for asking question . You can take Tab : Maxpro 20 mg - 1 + 0 + 1 - before meal At least 7 days . And take food regularly Thanks,medicine
রংপুরে ভাল মেডিসিন ডাক্তার কে । বলবেন কি ?,doctor
সার আমার ছোট ভাইয় এর বয়স 13 বছর তার হঠাৎ মাথা ব্যেথা এবং চোখে ধাদাা দিচ্ছে . সে বলছে তার পড়তে গেলেই এই স্যমেস্যা হচ্ছে . . . এইটার কি কারন . . 2 দিন ধরে এই স্যমেস্যা হচ্ছে .,symptoms
"ডাক্তার ভাইকে প্রশ্ন করার জন্য ধন্যবাদ । আপনি Tab Fexo 120 দিনে দুই বেলা 5 দিন , Tab Monas 10 প্রতিরাতে 10 দিন , Syrup Mirakof সকালে এবং রাতে দুই বেলা দুই চামচ খেতে পারেন । এছাড়া গরম পানি লবণ দিয়ে গারগল করুন । ভিটামিন সি যুক্ত খাবার খাবেন । সিভিট ট্যাবলেট প্রতিদিন একটা করে চুষে খাবেন । ধন্যবাদ",nutrition
সহবাসের সময় বৃদ্ধি করার জন্য vigorex 100 mg খেলে কোন সমস্যা আছে কি ? জানাবেন,medicine
ডাক্তার ভাই কে প্রশ্ন করার জন্য ধন্যবাদ । । একজন স্কিন / মেডিসিন বিশেষজ্ঞ এর সাথে সরাসরি যোগাযোগ করেন । । ধন্যবাদ ।,doctor
Thanks for asking Daktar bhai . Please consult with an expert internal medicine specialist for this matter . Thanks,doctor
"আপনার প্রশ্নের জন্য ধন্যবাদ , আপনাকে দুঃচিন্তা পরিহার করতে হবে , নিয়মতান্ত্রিক জীবন যাপন করতে হবে , দুধ ডিম এবং পুস্টিকর খাবার খেতে হবে , মধু খেতে পারেন , অবশ্যই পর্যাপ্ত বিশ্রাম এবং ব্যায়াম এর অভ্যাস গড়ে তুলতে হবে , সেই সাথে একজন মেডিসিন রোগ বিশেষজ্ঞ চিকিৎসক এর পরামর্শ গ্রহন করুন । মনে হয় আপনাকে সাহায্য করতে পেরেছি ভালো থাকবেন ।",nutrition
আমার বড় ভাই ১৫ বছর যাব্যৎ মানসিক রোগে ভুগছে । অনেক ডাক্তার দেখিয়েছি কোন লাভ হয় নি । আমি কি ধরণের চিকিৎসা নিতে পারি দয়া করে বলবেন ?,symptoms
স্যার আমার গন গন কাশি হচ্ছে বেশি . . কি ঔষধ খেতে পারি ?,fever
"আমার বেশ কিছুদিন যাবত কাশি ছিলো । সিরাপ খাওয়ার পর সেটা কমেছে । কিন্তু এখন তো ঠান্ডা আবহাওয়া । তাই পানিও একটু ঠান্ডা । এমতাবস্থায় এই পানি খেলে আবার হালকা কাশি হচ্ছে , সাথে হালকা কফ ও বের হয় । আর গত ১ সপ্তাহ ধরে হালকা গলা ব্যাথা ও আছে ৷ এমতাবস্থায় কি করণীয় ?",fever
আপনাকে ধন্যবাদ প্রশ্ন করার জন্য । আপনি ব্যাথার জন্য প্যারাসিটামল খেতে পারেন । ঠান্ডা পানির সেক দিন । বিশ্রাম নিন । ভাল না হলে একজন অর্থপেডিক্স বিশেষজ্ঞ চিকিৎসক কে দেখিয়ে নিন । ধন্যবাদ ।,medicine
"আমার স্ত্রীর বয়স 30 বছর I তার মুখে গরম তেলের ছিটা লেগে প্রথমে ফুচকা পরে , পানি জমে এখন চামড়া উঠে গিয়ে লাল লাল ঘায়ের মত হয়েছে I আজ 3 দিন হয়েছে দয়া করে পরামর্শ দিবেন I",nutrition
আপনাকে ধন্যবাদ প্রশ্ন করার জন্য । আপনি একজন চর্মরোগ বিশেষজ্ঞ চিকিৎসক কে দেখান । চর্ম রোগ না দেখে চিকিৎসা দেয়া যায় না । ধন্যবাদ ।,doctor
"আসসালামু আলাইকুম , আমার বয়স ৩৯ দীর্ঘদিন যাবত আমার রাতে বিছানায় শুয়ার পরে গলা শুকিয়ে যায় । পানি পান করলে কিছুক্ষণ পরে আবার শুকিয়ে যায় । ডায়বেটিস পরিক্ষা করেছি ৫ . ৯ পয়েন্ট । চিকিৎসা ও পরামর্শ চাই ।",symptoms
আমি প্রেগন্যান্ট । ৭ সপ্তাহ । আমার খুব মাথা ঘুরতেছে আর চোখ বন্ধ হয়ে আসছে । সকাল এবং রাতে বমি হচ্ছে । খুব ক্লান্ত লাগছে । এখন করণীয় কি ?,symptoms
ডাক্তার ভাই কে প্রশ্ন করার জন্য ধন্যবাদ । নাপা ট্যাব দিতে পারবেন । গোসল করতে বলবেন । জর বেশি হলে । মাথা ওয়াশ করায় দিবেন । গলায় পট্টি দিবেন । গরম পানি মধু দিয়ে সকালে খেতে দিবেন । ধন্যবাদ ।,symptoms
"ডাক্তার ভাইকে প্রশ্ন করার জন্য ধন্যবাদ । আপনি ব্লাড প্রেসার মেপে পরীক্ষা করবেন । মূলত উচ্চ রক্তচাপের কারণে নাক দিয়ে রক্তক্ষরণ হতে পারে । নাক দিয়ে রক্তক্ষরণ হলে নাকে ঠান্ডা বরফ দিয়ে Cold Compression নিতে পারেন । এছাড়া অতিরিক্ত রক্ত পড়লে Cap Traxyl 500 , 1 + 1 + 1 , 3 days খেতে পারেন । এবং সাথে নাক কান গলা বিশেষজ্ঞের পরামর্শ নিতে পারেন । ধন্যবাদ",emergency
আমার বয়স ৩২বছর ওজন ৬৮কেজি উচ্চতা ৫ ফিট আমার ওজন কমাতে চাই এর জন্য কি করনিয় ।,symptoms
"জরুরি ভিত্তিতে নিচের পরীক্ষাটি করবেন এবং একটি ঔষধ লিখে দিচ্ছি তা সেবন করবেন । Investigation : X ray Lumbo Sacral Spine ( B / V ) Rx , Tab Bontiv : 0 + 1 + 0 - ৭ দিন উপদেশঃ - ভারি কোন কাজ করবেন না - নিচু হয়ে কোন কাজ করবেন না Dr . < NAME > MBBS ( DU )",emergency
Thank you for your question Follow exercises found in YouTube . Or you need reconstructive surgery . Thank you,doctor
"ধন্যবাদ আপনাকে প্রশ্নের জন্য ৷ আপনি গ্লিসারিন সাপসিটর একটি কাঠি পায়ুপথে দিবেন । সাথে সাথে আঁশযুক্ত খাবার , বেশি করে পানি , গরম দুধ , ইসবগুলের ভুষি খাবেন । ধন্যবাদ",nutrition
আমার বয়স 17 বছর । পিরিয়ডে অতিরিক্ত ব্যথার কারণে এলজিন 50 মিলিগ্রাম খেলে কি ক্ষতি হতে পারে ?,symptoms
Thanks for questioning daktarbhai . Use castor oil daily and shave 3 times in a day . Eteo help na hole please consult with a skin specialist . Thanks,doctor
"আপনাকে ধন্যবাদ প্রশ্ন করার জন্য । আপনি ট্যাবলেট ফিনিক্স ২০ মিলগ্রাম সকালে ও রাতে একটা করে খাবার আগে , ট্যাবলেট ওমিডন ১০ মিলিগ্রাম সকালে ও রাতে খাবার আগে একটা করে খান ৭ দিন । না কমলে নাক কান গলা বিশেষজ্ঞ চিকিৎসক কে দেখিয়ে নিন । ধন্যবাদ ।",nutrition
আপনাকে ধন্যবাদ প্রশ্ন করার জন্য । আপনি একজন নাক কান গলা ডাক্তারের পরামর্শ নিন । আপাতত গরম পানির ভাপ নিন । ধন্যবাদ,doctor
Is it okay to take multivitamins 365 days after age of 45 .,symptoms
আমার আম্মার বয়স ৩৮ । তার মাথা ব্যথা এবং মাথার মস্তক ও ব্যথা করে । ঘুম ও আসে না । তার কৃমি আছে । তিনি কৃমির জন্য alben dx খেয়েছেন । টানা দুই সপ্তাহ । কিন্তু কৃমি কমছে না তিনি আরও বলছেন কৃমি নাকি তার মুখের তালুতে মাঝেমধ্যে উঠে যায় । এমতাবস্থায় তাকে কোন বিষেশজ্ঞ ডাক্তার দেখাতে পারি ও পরামর্শ চাই ।,symptoms
"আমার বাবার বয়স ৭৪ , গত সপ্তাহে টানা ১সপ্তাহ জ্বর ছিলো , , এন্টিবায়োটিক খেয়ে ভাল হয়েছেন , ওনার ব্রংকাইটিস সমস্যা রয়েছে , , শরীর এখন খুব দুর্বল লাগে , , বুকের এক্সরে , সিবিসি ছাড়া আর কোন কোন টেষ্ট করা যেতে পারে জানাবেন , ওনার হার্ট বা ডায়বেটিস সমস্যা নেই , , ধন্যবাদ",fever
Thanks for questioning to daktervai . Ayrup ace 8 drop 6 hourly for 3 days after meal,medicine
যাদের পিত্তথলিতে sludge আছে । তারাতো ফ্যাটি খাবার খেতে পারবেনা বলছে । তারা ইলিশ মাছ খেতে পারবে ?,nutrition
ডাক্তার ভাইতে প্রশ্ন করার জন্যে আপনাকে ধন্যবাদ । বমির মত ভাব করলে Syp - Emistat ১ চামচ করে দিনে ৩ বার প্রয়োজন মত দিতে পারবেন ।,medicine
"ধন্যবাদ আপনাকে প্রশ্ন করার জন্য । আপনি শাকসব্জি , ফল , আঁশযুক্ত খাবার খাবেন , পানি খাবেন , ইসুবগুলের ভূষি খাবেন । খালিপেটে থাকবেন না । চা , কফি , গরু , খাসী , মসলাযুক্ত , ভাজাপোড়া কম খাবেন । খাবার আগে ইসোমেপ ২০ মিগ্রা খাবেন । ধন্যবাদ",nutrition
আপনাকে ধন্যবাদ প্রশ্ন করার জন্য । আপনার আম্মাকে গরম পানির সেক দিতে পারেন । ওজন নিয়ন্ত্রণ করুন । ব্যাথার জন্য প্যারাসিটামল খেতে পারেন । একজন ফিজিক্যাল মেডিসিন বিশেষজ্ঞ কে দেখিয়ে প্রয়োজনীয় পরীক্ষা করান ও সঠিক চিকিৎসা নিন । ধন্যবাদ ।,medicine
আমার মায়ের হাত পা মুখ ফুলে গেছে । মাজায় ব্যথা আসে করোনিয়ে কি ।,symptoms
"ডাক্তার ভাইকে প্রশ্ন করার জন্য ধন্যবাদ । প্রতিদিন ১০০ চুল পড়া সাধারণ বেপার । চিন্তার কারন নেই । যদি চুল পড়ে না উঠে , টাক দেখা যায় সেক্ষেত্রে চিকিৎসা লাগবে । প্রটিন জাতীয় খাবার বেশি করে খাবেন । দুশ্চিন্তা মুক্ত থাকবেন ৷ cap E - cap 400mg - 0 + 0 + 1 খেতে পারেন । ধন্যবাদ",nutrition
শীতের সময় দুপুরের রোদ মাথায় লাগলে মাথা যন্ত্রণা করে কি করব,symptoms
"আামার ৩ দিন হলো খুব ঠান্ডা & কাশি হচ্ছে , & নাক বন্ধো হয়ে আসে , আমাকে পরামর্শ দিবেন প্লিজ ।",fever
আমার বাচ্চার বয়স ২ মাস গত রাত থেকে ঠাণ্ডা লেগে নিশ্বাস নিতে পাচ্ছে না এবং দুধ খাইতে পাচ্ছে না জ্বর নাই কি ওষুধ দেওয়া যাবে ?,fever
babyr boyos 5 mas 10 din . . . thanda silo nak diye pani pore ni kintu buke nake sobdo hoto . pore ambrox pd drop khaisi pore nakdiye pani ber hoyese kintu akhon nak bondo thake . solo naker drop dissi . . . . . ar ki kora jete pare,symptoms
elargir somossa onek elaktrol khaile colao na na khaile fule caka cala hoi 2 mas dore somossa amar whife age 25 . . pls,symptoms
"ডাক্তার ভাইকে প্রশ্ন করার জন্য ধন্যবাদ । আপনি প্রতিদিন ওর স্যালাইন পান করুন , এতে ঘামের মাধ্যমে শরীর থেকে বেরিয়ে যাওয়া লবণের পরিমাণ ঠিক থাকবে । এবং অবশ্যই বেশি করে পানি পান করবেন , দিনে অন্তত ৮ গ্লাস পানি খাবেন । ডাবের পানি , তরমুজ খাবেন । শরীরে ঘাম খুব স্বাভাবিক ব্যাপার সুতরাং বেশি করে পানি পান করুন । ধন্যবাদ",medicine
এমতাবস্থায় জরুরি ভিত্তিতে হাস্পাতাল এ নেয়া প্রয়োজন । মুখে খাবার বন্ধ রেখে ফ্লুইড দিতে হবে রোগীক । । এক্স রে করে কারণ বের করতে হবে এরকম অস্বাভাবিক পায়খানা বন্ধ হয়ে যাওয়ার । বাসায় যা করা সম্ভব তার প্রায় সবই আপনারা করেছেন । ১২ দিন পার হয়ে গেছে এমতাবস্থায় জরুরি ভিত্তিতে হাস্পাতালে নেয়া উচিত । দেরি করি অন্ত্রনালীর বড় কোন সমস্যা সৃষ্টি হতে পারে । Dr . < NAME > MBBS ( DU ),emergency
আপনাকে ধন্যবাদ প্রশ্ন করার জন্য । আপনি দ্রুত হাসপাতাল ইমার্জেন্সি বিভাগে যোগাযোগ করুন এবং একটা ইসিজি করান । সিরাপ এন্টাসিড প্লাস তিন চামচ তিন বেলা খান । ট্যাবলেট ফিনিক্স ২০ মিলিগ্রাম সকালে ও রাতে খাবার আগে একটা করে খান । ধন্যবাদ ।,nutrition
"ওয়ালিকুম সালাম । ডাক্তার ভাই কে প্রশ্ন করার জন্য ধন্যবাদ । Tab xyril 10 mg 1 + 0 + 0 , 5 days । ধন্যবাদ ।",medicine
"ডাক্তার ভাই কে প্রশ্ন করার জন্য ধন্যবাদ Dengue NS1 , CBC ধন্যবাদ ।",doctor
আমার স্ত্রীর কোন কিছু খেলেই টয়লেট হচ্ছে . . কি ঔষধ খাওয়া যাবে ?,symptoms
ডাক্তার ভাইতে প্রশ্ন করার জন্যে আপনাকে ধন্যবাদ । যেহেতু আপনার আগের বার একি সমস্যা হয়েছে তাই আপনি একজন গাইনী বিশেষজ্ঞ চিকিৎসক এর পরামর্শ নিন । আপাতত পেটে ব্যাথার জন্যে Tab - Viset 50 mg 1 + 1 + 1 পেট ব্যাথা থাকলে ভরা পেটে প্রয়োজন মত খাবেন । ব্যাথার মেডিসিন খেলে খাবার আগে গ্যাসের যেকোনো একটা মেডিসিন খেয়ে নিবেন ।,nutrition
dialysis korale ki kidney vlo hoi . . . dialysis er said affect ace,doctor
আমি কদিন ধরে খুব ক্লান্তি অনুভব করছি । ঘুম বেড়ে গেছে তাও ঘুম ঘুম ভাব যাচ্ছেনা । মাঝে মাঝে দু এক রাত আবার ঘুমও হয়না । ভোরের দিকে ঘুম আসে । এখন কি করতে পারি ?,symptoms
"ডাক্তার ভাইতে প্রশ্ন করার জন্যে আপনাকে ধন্যবাদ । জ্বি আল্লহর রহমতে ভালো থাকার সম্ভাবনা আছে , বাকিটা আল্লাহর ইচ্ছা । আপনাদের আসলে এখন খুব বেশি কিছু করার নেই । । । আর বাচ্চার অবস্থা সম্পর্কে এখন আইসিইউ এর চিকিৎসক রা আপনাকে সব থেকে ভালো বলতে পারবেন ।",emergency
amar celer boyosh 4 . 5 months . amader corona positive chilo ajke 25 days . goto kalk hotath celer jor ashe . khete caccilo na . chokh gula ektu lal hoye chilo . ajke thik hoye geche prai 24 hours pore . post covid or ki serious kono sickness hote pare ? corona r symptoms mild chilo . halka jor plus rash . or ki ki test kore dekha uchit je o thik ache kina ?,symptoms
"Thank you for asking your question to daktarbhai . 140 / 90 porjonto blood pressure normal dhora hoy . Apnar pressure ta aktu besi , ghum kom hole , tension korle majhe majhe blood pressure bere jay . ata temon besi kono problem na . apni regular 6 - 7 hour ghumanor chesta korben , tension kom korben , regular 30 min hatben . Ar next week porjonto 1din por por blood pressure mapaben . Jodi continue 1week blood pressure amon besi thake tahole akjon medicine specialist doctor er shate consult korben .",doctor
"ডাক্তার ভাইকে প্রশ্ন করার জন্য ধন্যবাদ । আপনার সমস্যাটি Vit B deficiency র জন্য হতে পারে । আপনি ভিটামিন বি জাতিয় খাবার যেমনঃডিম , দুধ , বাদাম , শাক সবজি খাবেন । Tab . Riboson 5mg 1 + 0 + 1 1month , Tab . Cevit 0 + 0 + 1 1 month খাবেন ।",nutrition
Thank you for your question Give lemon ginger tea and gurgle with Luke warm water and salt . Tab . Fexo120 0 + 0 + 1 for 5days Thank you,medicine
আমার ছেলের বয়স ৫ বছর । কিন্তু ১ বছর বয়স থেকেই ওর শ্বাস কষ্ট । monas 5 খাওয়াচ্ছি নিয়মিত । মাঝে মধ্যে শ্বাস কষ্ট বাড়লে decomet inhelar ব্যবহার করি । গতকাল রাতে প্রচন্ড শ্বাস কষ্ট ও কাশি শুরু হয় । এ ঘেকে পুরো পুরি সুস্থ হওয়ার উপায় কি ?,fever
sudhu jalapura ata ki coronavirus er lokhkon na gestiker problem ?,symptoms
বাচ্চার শরীরে জ্বর আছে ডাক্তার নাপা সিরাপ খাওয়াতে বলছিল । কিন্ত এইছ সিরাপ ছাড়া দোকানে পাইনি । এটা খাওয়াতে পারব কিনা ?,fever
আমার ভাইয়ের বয়স 30 শরীর দৃবল লাগে পিঠ জলে অনেক গরম লাগে কি করা যায়,symptoms
ডাক্তার ভাই কে প্রশ্ন করার জন্য ধন্যবাদ । আপনি ultrasound kidney করান । তারপর daktar bhai app এ গিয়ে video consultation করুন । চোখে বরফ শুকনা কাপড়ে নিয়ে আস্তে আস্তে চাপ দিবেন । ধন্যবাদ ।,doctor
ডাক্তার ভাই কে প্রশ্ন করার জন্য ধন্যবাদ । একটু শিশু ডাক্তার দেখিয়ে নিন । urine r / e koran . । ধন্যবাদ ।,doctor
"ডাক্তার ভাই কে প্রশ্ন করার জন্য ধন্যবাদ । আপনি সহ পরিবারের সবাই একই দিনে almex 400mg tablet ১টি করে সেবন করবেন , পরের দিন পরিবারের সবার কাপড় ও বিছানার চাদর ও অনান্য কাপড় ধুয়ে দিবেন । ৭দিন পর আবার পরিবারের সবাই almex tab সেবন করবেন এবং তার পরের দিন সব কাপড় ধুয়ে দিবেন । আপনি সহ পরিবারের সবাই নিরাপদ থাকবেন ।",medicine
"suddenly amr meye , Name : < NAME > , age : 16 month , Gotakal Rat 8 tay khawar por Mukh diye prochur vomi kore , 1 gonta por r akbar olpo bomi kore . bomi korar por theke Buker dhudh chara r kichui khay . . ai . obosthay gumay pore suddenly rat 2 tar por theke theme theme aktu gumay r bomi korche . er modde 2 bar patla paykhana o koreche . Ai obosthay ki korinio plz . suggest fast .",symptoms
"আপনাকে ধন্যবাদ প্রশ্ন করার জন্য । আপনি দ্রুত আপনার বাবাকে একজন মেডিসিন বিশেষজ্ঞ ডাক্তার কে দেখিয়ে চিকিৎসা নিন । প্রেসার ঔষধ খেতে হবে । লবন , গরুর মাংস , চিংড়ি কম খাবেন । হাটুন । ধন্যবাদ ।",medicine
ডাক্তার ভাইকে প্রশ্ন করার জন্য ধন্যবাদ । আপনি গ্যাসের জন্য Tab Maxpro 40 দুই বেলা খাবার আগে খেতে পারেন 10 থেকে 14 দিন । এছাড়া আপনি তেল ঝাল মসলা যুক্ত খাবার এড়িয়ে চলুন । ধূমপানের অভ্যাস থাকলে তা পরিহার করুন । এবং একজন গ্যাস্ট্রো - অ্যান্ট্রোলজিস্ট এর পরামর্শ নিন । ধন্যবাদ ।,nutrition
ডাক্তার ভাই কে প্রশ্ন করার জন্য ধন্যবাদ । চোখ পরিক্ষা করতে হবে । শিশুর ডাক্তার দেখিয়ে নিলে খুব ভালো । ধন্যবাদ ।,doctor
ডাক্তার ভাই কে প্রশ্ন করার জন্য ধন্যবাদ । মেয়ের বয়স কত ? পাতলা পায়খানা কয়বার ? জর কত ? ধন্যবাদ ।,symptoms
আপনাকে ধন্যবাদ প্রশ্ন করার জন্য । রুপা ও মোনাস ১০ খেতে থাকুন । রুপা রাতে ঘুমানোর এক ঘন্টা আগে খান । আরো কিছু ঔষধ আছে যেমন নাকে স্টেরয়েড স্প্রে যা উনাকে পরীক্ষা না করে দেয়া যাবে না । বেশি সমস্যা হলে একজন নাক কান গলা বিশেষজ্ঞ ডাক্তার কে দেখান । ধন্যবাদ ।,medicine
"আমার গলা এবং মুখ প্রচন্ড ঘামে , গরম পরিবেশ থাকতে পারি না , মাথার চুল অনেক পড়ে গেছে , এ পরিস্থিতিতে আমার করনিও কি",symptoms
"হ্যালো ডাক্তার ভাই আমার মেয়ে বাচ্চা বয়স ৬ মাস দুইদিন , দিনের বেলায় ঘুম পাড়ালে ১০ থেকে ১৫ মিনিট ঘুমিয়ে উঠে যায় আর সারাক্ষণ কান্না করে লং টাইম ঘুমাবে কি করলে একটু পরামর্শ চাই ধন্যবাদ ।",symptoms
"আমার পায়ের হাটুর নিচের মাংস পেশীর ভিতর প্রচুর ব্যাথা করে এবং হাটুর ভিতর কেমন খালি খালি লাগে । হাটুর ভিতর সমস্যা তেমন একটা না কিন্তু মাংস পেশীর ব্যথা অনেক বেশি । শুয়ে থাকলে আরো বেশি ব্যথা অনুভূত হয় । আমি ভিটামিন ডি + ক্যালসিয়াম , ভিটামিন বি১ , ৬ , ১২ কম্পলেক্স ও বিভিন্ন ব্যথার ওষুধ খেয়েছি কিন্তু ব্যথা কমেনা । কিছুদিন থেকে হাটতে গেলে পেশিতে কেমন টান লাগে , ঠিক ভাবে হাটতে পারিনা । এমতাবস্থায় আমি কি করতে পারি প্লিজ হেল্প ।",nutrition
Thanks for questioning daktarbhai . Apnar hight onujai weight thik thakle kono shomoshha nai . apatoto beshi kore khawa dawa koren . jodi Khub beshi ojon kome jay tahole diabetes r Dr . R kache Gia medicine change kore ante hbe j oi medicine r jnno weight komtese kina . Thanks,symptoms
"আমার মেয়ের বয়স ৪ মাস , ২ দিন ধরে পায়খানা করে না । এটা কি কোন সমস্যা , নাকি বাচ্ছাদের এমন হয়ে থাকে । কি করব এখন ? ?",symptoms
Thank you for asking your question to daktarbhai . Apnar baby ke physically check up na kore ar karon ta bola jasse na . valo hoy apni akjon paediatric doctor er shate consult koren .,doctor
আমারএীর ৫দিন হল পায়ুপথে বাথা এবংফুলে গেছে টয়লেটও হচ্ছে না টয়লেটে গেলে হালকা রক্ত । আমি ২দিন আগে ডাক্তার ভাইএ প্রশ্ম করেছিলাম তখন solas100mg tab : দুইদিন খাওয়ানো হয়ছে কোন কাজ হচ্ছে না এখন কি করবো দয়া করে জানাবেন । সাত থেকে আট মাস আগে একবার এরকম হয়েছিল,symptoms
আপনাকে ধন্যবাদ প্রশ্ন করার জন্য । এলানিল এলার্জি বা সর্দির ঔষধ । এটা একমি কম্পানির ঔষধ । যে কোন ঔষধ খাওয়ার আগে ডাক্তারের পরামর্শ নিন । ধন্যবাদ,fever
ডাক্তার ভাই কে প্রশ্ন করার জন্য ধন্যবাদ । কিছু vaccine দেওয়া যায় । কিছু যায় না । gynae র ডাক্তার এর পরামর্শ নিন । ধন্যবাদ ।,medicine
Amar bacchar age 1year 14days ( girl child ) . Amar bacchar chul ektu Boro holei Babu matha onk chulkay . . onk mora chamra utthe mathar skin e problem Hoi . . . . kintu mathar chul fele dile AR chulkay na . mathar moddhe chamra more more kmn Jani hoye jay like ghaa type . . kintu chul na rakhle fele dile 2 / 1diner moddhe amnei thik hoye jay . . . ekhn AMR koronio ki ?,symptoms
আমার গত দুই দিন যাবত জ্বর আর ঘাড় সহ মাথা ব্যাথা । সকাল থেকে বিকেল পর্যন্ত খুব জ্বর বা ব্যাথা থাকে না । কিন্তু সন্ধ্যার পর থেকে জ্বর এ ঘার সহ মাথা অনেক বেড়ে যায় । আর থেকে থেকে জ্বর আসে ।,fever
parotin 10 কি কাজ করে ? ? জরুরি জানান প্লিজ,emergency
"স্যার আপনি বলেছেন ঘাড় ব্যথা ও মাথা ব্যথার কভিড - ১৯ সন্দেহে তাড়াতাড়ি পরীক্ষা করতে বলেছেন , এখন আমি ঘরোয়া ভাবে চিকিৎসা নিলে হবে না , যেমন গরম পানি খাচ্ছি এবং গড়গড়া করছি , ভিটামিন সি খাওয়া , মধু , গরম পানির ভাপ আমি নিচ্ছি বতর্মানে । ধন্যবাদ স্যার",nutrition
"গ্রাহক ডাক্তার ভাইকে প্রশ্ন করার জন্য আপনাকে ধন্যবাদ । অনেক কারনেই মাসিকের সময় আর কিছুটা এগিয়ে বা পিছিয়ে যেতে পারে । হরমোনাল ইমব্যালেন্স , ওজন বেড়ে যাওয়া , দুশ্চিন্তা ইত্যাদি কারণে মাসিক এর সময় পরিবর্তন আসতে পারে । এছাড়াও অরক্ষিত সহবাসের কারণে যদি প্রেগনেন্ট হয়ে থাকেন সেক্ষেত্রে ও মাসিক বন্ধ হয়ে যেতে পারে । তাই প্রেগনেন্সি কিট এর মাধ্যমে পরীক্ষা করে দেখতে পারেন । ধন্যবাদ ।",doctor
হালকা খুসখুসে কাশি এবং গলা খুসখুস করে এবং শরীরে হালকা জ্বর আছে এবং শরীর ব্যথা করে অবস্থা আমি কি ধরনের ওষুধ খেতে পারি বলবেন কি,fever
Amar ammur koyakdin dora naka culkaccilo . Ai jonno ammu naka vab nowar jonno menthol nicca . Aitar ki kono side effects asa .,symptoms
"ল্যাক্টেটিং মাদার । বাচ্চার বয়স ১৬ দিন । মা এর আমাশয় এর সিম্পটম দেখা দিয়েছে ২ দিন ধরে । এ অবস্থায় করনিও কি ? বা Amodis 400 mg এই ঔষধ খাওয়া যাবে কিনা বা কিভাবে খাওয়া উচিত , এবং এর ফলে বাচ্চার উপর কোনো প্রভাব পরবে কিনা ? একটু বিস্তারিত পরামর্শ প্রার্থী । ধন্যবাদ ।",nutrition
আপনাকে ধন্যবাদ প্রশ্ন করার জন্য । আপনি চর্ম রোগের ডাক্তার কে না দেখিয়ে আর ডারমোভেট ব্যবহার করবেন না । ডারমোভেট একটি স্টেরয়েডের ক্রিম যা অনেক রোগের জন্য ব্যবহার হয় । এ - র কিছ ক্ষতিকারক দিকও আছে । তাই ব্যবহারের আগে নিশ্চিত হয়ে নিতে হবে যে এ রোগের ঔষধ এটা । ধন্যবাদ,medicine
"My father age 62 years recently had a backpain when he got up from laid down . He has diabetics , Heart problem also bypass surgery patient . He visited a doctor and he was given for X - ray of L / S spine , BMD and MRI of L / S spine and screening . Firstly he did X - ray and shows the x - ray report and doctor advised if he has pain again should come to doctor and will advised for further examine . now he ' s out pain . What should we do now . please give us proper suggestion . Thank you .",symptoms
আপনাকে ধন্যবাদ প্রশ্ন করার জন্য । আপনি ট্যাবলেট ফেক্সো ১২০ মিলিগ্রাম রাতে একটা করে খান ৫ দিন । ধন্যবাদ ।,medicine
I have breathing problem since 7 days but i have no fever or any type of rash or cold . But recently i am suffering from dry mouth and Severe headche with that .,symptoms
স্যার . . . . . আমি ছেলে বয়স ১৯ । নিয়মিত দাঁত ব্রাশ করি না । সম্ভবত টানা মাস ৩ পর দাঁত ব্রাশ করলাম । এখন আমার মুখের নিচের সারির ডানপাশে সর্বশেষ যে দাঁতটা বিদ্যমান সেই দাঁতের গোড়ায় চারপাশে যে গোশত তার একপাশে ব্যথা করছে . . . . . .,symptoms
ডাক্তার ভাইতে প্রশ্ন করার জন্যে আপনাকে ধন্যবাদ । আপনি মাথা ঘুরলে tab - Norium 10 mg 0 + 0 + 1 ৭ দিন খেতে পারেন । দাতের জন্যে tab - ceevit 1 + 0 + 1 ১০ দিন খেতে পারেন । প্রয়োজনে দাতের বিশেষজ্ঞ চিকিৎসক এর পরামর্শ নিন ।,medicine
ডাক্তার ভাইতে প্রশ্ন করার জন্য আপনাকে ধন্যবাদ । আসলে বাচ্চার ওজন কত ? কি মেডিসিন দিয়েছে ডাক্তার । এখন মেডিসিন খাচ্ছে কিনা এগুলো বিস্তারিত জস্না জরুরি । দয়া করে বিস্তারিত তথ্য দিয়ে সাহায্য করবেন । আর একজন শিশু বিশেষজ্ঞ চিকিৎসক এর পরামর্শ নিবেন ।,emergency
"Thanks for questioning daktarbhai . Please do FBS , 2HABF from a good diagnostic centre and then consult with a endocrinologist . Thanks",doctor
আমার বয়স ২২ । আমাশার সমস্যায় ভুগছি বছরখানেক এর বেশী সময় ধরে । বর্তমানে এই সমস্যা বেড়েছে এবং মাঝে মধ্যেই মলের সাথে রক্ত আসছে । প্রতিদিন ই প্রায় কয়েকবার বাথরুমে যেতে হয় এবং প্রতিদিন পাতলা পায়খানা হচ্ছে ( এটা আগে হতোনা গত ৮ ১০ দিন ধরে পাতলা হচ্ছে ) . . কোনো খাবার খাওয়ার পর পেটের মধ্যে খারাপ অনুভূতি হয় । একজনের পরামর্শে Zox 500 এবং Neofloxin 500 খেয়েছিলাম । কিন্তু মলের সাথে রক্ত যাওয়া কমেনি আর পায়খানা পাতলা হওয়াও ঠিক হচ্ছে না । এই মুহূর্তে আমি কি করতে পারি !,nutrition
গত সপ্তাহ থেকে আমি সর্দিতে ভুগছি । কিছুদিন আগে ডেসলর খেয়েছি পাঁচদিন ধরে । কিন্তু সর্দি পানির মতোন থেকে নাকের ভেতর জমে আছে শক্ত হয়ে । আমি শহরে থাকি যেখানে প্রচুর ধুলা । ডাক্তার আমাকে ধুলা এড়িয়ে যেতে বলছে । মাস্ক পড়ি তাও তো এই শক্ত হওয়া সর্দি যাচ্ছে না । গলায় ও কফ জমে আছে । নাক জ্যাম হয়ে আছে কিছু বলুন দয়া করে,fever
"আমার ছেলে বাবুর বয়স ৬ মাস চলতেছে ওজন ৫ কেজি ৬০০ গ্রাম , আজকে ৫ / ৬ দিন থেকে কাশি সাথে হাঁচি আছে , এতদিন কম ছিল , আজকে বেশি , কাশির সাথে জ্বর নেই , বুকে শব্দ নেই , এখন কাশি কমার জন্য কি ওষুধ খাওবো ? জানালে উপকৃত হবো",fever
"আপনার প্রশ্নের জন্য ধন্যবাদ , আপনার খাদ্যে বিষক্রিয়া / বদ হজম বা food poisoning হয়েছে । এই অবস্থায় আপনার ও আর এস এবং প্রচুর পানি খাওয়া উচিত , না হয় আপনার শরীরে পানি শুন্যতা হবে । এর সাথে সহজে হজম হয় এই রকম সহজ পাচ্য খাবার খাওয়া দরকার । দই খেতে পারেন , দই এ থাকা উপাদান পেটের ভিতরের জিবানুকে মারতে সাহায্য করবে , মনে হয় আপনাকে সাহায্য করতে পেরেছি ভালো থাকবেন",nutrition
"ডাক্তার ভাইকে প্রশ্ন করার জন্য ধন্যবাদ । এ বিষয়ে আপনি স্ত্রীকে সরাসরি গাইনোকোলজিস্ট এর কাছে নিয়ে যান , কিছু শারীরিক চেকআপ করিয়ে তারপরে গাইনোকোলজিস্ট উনাকে পিল সাজেস্ট করবেন । ধন্যবাদ",doctor
রোগীঃফিমেইল বয়সঃ২২ বছর আমার প্রায় ১ বছর যাবত গলায় কফ আটকে থাকে । অনেক ট্রায় করে এক্টু কফ বের হয় যারফলে ডুক গিলতে প্রব্লেম হয় । মনে হয় গলায় প্রচুর কাশ জমে আছে খুব ই বিরক্ত লাগে এবং বার বার কাশ এইভাবে বের করতে বমি বমি লাগে । এ অবস্থায় কি করব বুজতে পারছিনা আর প্রব্লেম টাও অনেক পরিমাণে বেরে গেছে । প্লিজ নাক কান গলার ডাক্তার থাকলে এডভাইস করবেন । ধন্যবাদ ।,nutrition
"amr chok e haat er nok lagar karone akhon valo vabe takate parchi nah . . virus er jonno ami doctor er kache o jete parchi nh , akhon ki korte pari . . . 2 din hoise",symptoms
"খাবার খাওয়ার পরে মনে হয় , খাবার জন্য পেট থেকে গলা দিয়ে বেরিয়ে আসতে চাই । কি করতে পারি ?",nutrition
Thanks for your question to daktar Bhai . Please do not use soap and use cotton pants . Please visit to a skin doctor . Thanks,doctor
"গ্রাহক , ডাক্তারভাইকে আপনার প্রশ্নের জন্য ধন্যবাদ । আপনার স্কিনের এই সমস্যাটি না দেখে চিকিৎসা দেয়া সম্ভব নয় । তাই একজন চর্মরোগ বিশেষজ্ঞের সাথে সাক্ষাত করে চিকিৎসা গ্রহন করুন । ধন্যবাদ ।",doctor
"ধন্যবাদ আপনাকে প্রশ্ন করার জন্য । আপনি নাকে নরসল ড্রপ ব্যবহার করুন । আপনি টক ফল , সিভিট খান । ধন্যবাদ",nutrition
বয়স ৬০ বছর । আজকে দুপুর থেকে জ্বর এবং সারা শরীর ব্যথা । করনীয় কি ? ?,fever
"ধন্যবাদ আপনাকে প্রশ্ন করার জন্য । এখন ঘরোয়া উপায় চেষ্টা করুন । সিরাপ এডোভাস খান । আপনি গরম পানি লবণ দিয়ে গড়গড়া করুন । আদা চা , মধু , সিভিট খান । গরম পানি খাবেন একটু পর পর ।",medicine
"আমার ডায়াবেটিস আছে । বয়স ৪০ বছর , নিয়মিত ঔষধ খাচ্ছি , সকালে consucon MR - 60 সকালে এবং রাতে ১ টা করে , Viglimet 50 / 800 সকালে এবং রাতে ১টা করে , Tizinor10 রাতে একটা করে , Osartil50 রাতে ১ টা করে খাচ্ছি । ৩০ . ৮ . ২১ কিছু Test করছি যার ফলাফল নিম্নে HbA1C result 6 . 03 % Lipid Profile Test Serum cholesterol ( Total ) 165 . 1mg / dl HDL cholesterol 39 . 7mg / dl LDL Cholesterol 120 . 8mg / dl Triglyceride 163 . 9mg / dl এখন আমার জন্য কি উপদেশ আছে বা আমার করনীয় কি ?",nutrition
ডাক্তার ভাই কে প্রশ্ন করার জন্য ধন্যবাদ । আসলে শুধুমাত্র ১টি লক্ষন দেখে বলা সম্ভব না । আপনি প্রয়োজনে Neuromedicine এর ডাক্তারের পরামর্শে ct scan brain পরীক্ষা করে নিশ্চিত হতে পারবেন ।,doctor
"আসসালামুয়ালাইকুম , আমার মুখে অনেক পক্স এর দাগ , আর অনেক ব্রণ , আমি অনেক ধরনের ক্রীম ব্যবহার করেছি কোন ফল পাইনি । বরং আরো বেশি হয়েছে । এখন যদি একটা ভালো উপায় বলে দিতেন ।",nutrition
ডাক্তার ভাই কে প্রশ্ন করার জন্য ধন্যবাদ । পায়খানার রাস্তা পরিক্ষা করতে হবে । অনেক রকম পাইলস আছে । ধন্যবাদ ।,symptoms
"শুধু নাপা আর নাপা এক্সট্রা , কোন সমস্যার জন্য কোন অসুদ খেতে হয় । খাওয়ার নিয়ম , জানতে চাই",medicine
আজ করোনার প্রথম ডোজ দিয়েছি । দেয়ার পর রাতে ১০৩ জ্বর আসছে । এখনো আছে । প্রচন্ড খারাপ লাগতেছে । অসহ্য মাথা ব্যথাও আছে । ঘুমাতে পারছিনা ।,fever
আমার ছেলের বয়স ৪ বছর । ও গত ৫দিন ধরে ঠান্ডা আর সর্দিতে ভুগছে । এরমধ্যে প্রথম দুই দিন বেশ কয়েকবার বমি হয়েছে । বমির সঙ্গে প্রচুর কফ বের হয়েছে । এর আগে গত দু ' বছরে দু ' বার ওর বুকে কফ জমার জন্য নেবুলাইজার দেয়া হয়েছিলো । এবার কাশিও আছে প্রচন্ড । সর্দি আর কাশির জন্য প্রথমে অ্যালারিড ও পরে মিরাটেন সিরাপ এক চামচ করে তিন বেলা খাওয়াচ্ছি । কিন্তু কাশি কিছুতেই কমছে না । জর নাই ।,fever
"বাচ্চাদের সিরাপ prosma ( ঠান্ডার জন্য ) , এটা কি এন্টিবায়োটিক ? কোন ওষুধ এন্টিবায়োটিক এটা কি সাধারণ মানুষের বোঝার কোন উপায় আছে ?",medicine
"আমার মায়ের বয়স ৫৫ বছর । তিনি কিছুদিন জ্বরে ভুগার পর সুস্থ হন । তিনদিন জ্বর ছিল না কিন্তু আজ হঠাৎ আবার তাপমাত্রা বৃদ্ধি পেয়েছে । তাছাড়া তাঁর খাবারের রুচি ফিরে আসছে না । যে কয়দিন সুস্থ ছিলেন সেই ক ' দিন ও শুধু বমিবমি বোধ হচ্ছিলো এবং মাথাব্যথা ছিল । ডাক্তারের পরামর্শে ডন - এ সেবন করেও অবস্থা পরিবর্তন হয়নি । খুব দুর্বল বোধ করছেন । বি . দ্র . : শুধু জ্বর ছিল । গলা ব্যথা , কাশি নেই । এই ঔষধগুলো ডাক্তারের পরামর্শে সেবন করেন - ডক্সিন ১০০ মিগ্রা , নাপা এক্সটেন্ড , জিংক ট্যাবলেট , ফেনাডিন , ম্যাক্সপ্রো । এখন কী করব ?",fever
ডাক্তার ভাই কে প্রশ্ন করার জন্য ধন্যবাদ । বাচ্চা ব্যথা পাওয়ার ৪৮ ঘণ্টা পর যদি ফোলা না কমে তবে দেরি না করে হাসপাতালে নিয়ে ডাকতার দেখিয়ে চেক আপ করতে হবে এবং দরকার পরলে X - ray ও করা লাগবে । ধন্যবাদ,doctor
Thanks for questioning to daktervai . . . . Without seeing it ' s difficult to understand your problem . . So it ' s better to consult with a opthalmology department,doctor
"ডাক্তার ভাইকে প্রশ্ন করার জন্য ধন্যবাদ । Suspension Gavicid ২ চামচ , ২ বেলা , ভরা পেটে খেতে পারেন । ধন্যবাদ",medicine
আপনাকে ধন্যবাদ প্রশ্ন করার জন্য । ভাই যদি ১২ বছরের উপরে হয় তাহলে নাপা দুইটা করে খাওয়ান । পানি বেশি করে পান করুন । কুসুম গরম পানি দিয়ে শরীর মুছে দিন । ধন্যবাদ ।,medicine
"আমার প্রথম জ্বর আসে 22 মে । জ্বরের সাথে সর্দিও ছিল । জ্বর শরীরে বেশিক্ষন থাকতো না । জ্বর 100৹F এর মত থাকতো । 29 মে এর দিকে জ্বর সহ অন্যান্য সব সমস্যাই চলে যায় । কিন্তু আমি গত 2 দিন ধরে ( 6 - 7 জুন ) বেশ দুর্বল অনুভব করতেসি । মাথা ধরে থাকে , আর হাত পা তে শক্তি পাই না । এখন আমার কি করা উচিত ? পরামর্শ দিলে উপকৃত হব ।",fever
আমার এখন টনসিলের কারনে যে ঢুক দিত কষ্ট হত তা অনেকটা কমে গেছে Tab - zemax 3ta খাওয়ার পর । এখন ঠুটের দু পাশে জ্বর ঠুসা বের হয়েছে আর খাবার খেতে ঝাল লাগে ।,fever
"মাথা ব্যাথা বমিবমি ভাব ২ বার বমি হইছে । অরুচি , , হালকা সর্দি আছে । কি করতে পারি । আমার স্তীর ।",fever
ENT Doctor এর শরনাপন‍্য হতে বলেছেন । ENT Doctor Mean এবং কোথায় ?,doctor
ডাক্তার ভাইতে প্রশ্ন করার জন্যে আপনাকে ধন্যবাদ । আপনি কিছু খাবার খাইয়ে tab - algin 50 mg একটা ট্যাবলেট খাইয়ে দিবেন । এরপর ও না কমলে কোনো হসপিটালের জরুরি বিভাগে নিয়ে যাবেন যত দ্রুত সম্ভব । । ।,emergency
Thank you for your question Yes she can . Inform the vaccine center also if she is breast feeding the baby . Thank you,doctor
", আমার ভাতিজির ৪ মাস বয়স . ওর কাশি , ঠান্ডা কয়েকদিন থেকে আর জ্বর গতকাল রাত থেকে . ওকে Ambrox drop , afrin খাওয়ানো হয়েছিল কিন্তু কমে নি ঠান্ডা . কি করা উচিত এখন .",fever
"আমার ৮ - ১০ দিন যাবত গলায় কফ । কাশি অথবা সর্দি নাই । এডোভাস সিরাপ খাচ্ছি । গরম পানি দিয়ে গড়গড়া করছি , আদা পানি খাচ্ছি , ভাপ নিচ্ছি । এখনও কফ আছে । আর কি ঔষধ খাব , কি করব ? ধন্যবাদ ।",fever
কিছুদিন ধরে ডান পাশে চোয়াল শক্ত করলে কানের দিকে ব্যথা হচ্ছে । যার জন্যে খাবার খেতেও সমস্যা হচ্ছে । কি করা যেতে পারে ?,nutrition
"আমার চাচার গতকাল থেকে জ্বর , কাশি । জ্বর ১০০ এর উপর । Napa Extend খাচ্ছে তাও জ্বর পড়ছেনা । উনার বয়স ৫০ - ৫৫ এর মধ্যে । ক্যান্সারের রোগী । এখন কি কি ঔষধ খেতে পারে ? উনি কি Ivermectin , Arithromycin এগুলো খেতে পারবেন ? দয়া করে পরামর্শ দিয়ে সাহায্য করবেন ।",fever
"ডাক্তার ভাই এর সাথে থাকার জন্য আপনাকে ধন্যবাদ । Rx , Suppository Napa 125mg - ১ টি স্টিক পায়খানার রাস্তায় দিবেন জ্বর ১০২ এর বেশি হলে Syrup Emistat 4mg / 5ml - ১ চা চামচ ৩ বেলা খাবার আগে - কাপড় ভিজিয়ে স্পঞ্জিং করবেন Advice : - জরুরি ভিত্তিতে হাসপাতালের শিশু বিভাগে ভর্তির জন্য যোগাযোগ করুন Dr < NAME > Mbbs",emergency
"আসসালামুআলাইকুম , গত ৩ / ৪ দিন যাবত আমার মলদ্বারের এক পাশে গুটির মতো শক্ত হয়ে আছে । একটু কিট কিট করে আর ব্যাথা অনুভব হয় । কিন্তু কোন রক্তক্ষরণ নেই । পায়খানা কিছুটা শক্ত । এমতাবস্থায় আমার করনীয় কি ?",emergency
"আসসালামু আলাইকুম , আমার ৩ বছরের ছেলে আছে , সিজারে হয়েছে । আমরা এখন ২য় সন্তান নেওয়ার চেষ্টা করছি । ১ম মাস চলছে - আমার স্ত্রী এখন একটু বমি ভাব , সাথে কি ভিটামিন + , খনিজ ঔষধ খাওয়ানো যাবে কি ? ? কি কি ঔষধ খাওয়ালে ভালো হবে ?",nutrition
"ডাক্তার ভাই কে প্রশ্ন করার জন্য ধন্যবাদ । এটা হয়তো Gingivitis । আপনি একজন দাতের ডাক্তার এর সাথে অনলাইন পরামর্শ করতে পারেন । লবন পানি দিয়ে দিনে ৩ বার ১০ মিনিট কুলি করবেন । cap Indomet 25 mg 1 + 0 + 1 5 days after food , cap omep 20 mg 1 + 0 + 0 14 days before food । ধন্যবাদ ।",medicine
আপনাকে ধন্যবাদ প্রশ্ন করার জন্য ৷ আপনি আপনার মা কে ইসুপগুলের ভুষি খাওয়াতে পারেন । সিরাপ এভোলাক ২ থেকে ৩ চামচ খাওয়াতে পারেন । ধন্যবাদ,medicine
ডাক্তার ভাই কে প্রশ্ন করার জন্য ধন্যবাদ । আপনি অর্থপেডিক কনসালট্যান্ট এর পরামর্শ নিন । ধন্যবাদ,doctor
প্রশ্ন করার জন্য ধন্যবাদ / আপনি বেশি করে পানি জাতীয় খাবার খাবেন নয়তো পানিশূন্যতা দেখা দিবে / TAB OMIDON 10 MG . . . . . . 1 + 1 + 1 খাবারের ৩০ মিনিট আগে খাবেন . . . . . . ৭ দিন / TAB RABE 20 MG . . . . . . . . . . . . 1 + 0 + 1 খাবারের ৩০ মিনিট আগে খাবেন . . . . . . ১৫ দিন / TAB MONAS 10MG . . . . . . . . . 0 + 0 + 1 . . . . . . . . . . . . . . . . . . . . . . . . . . . . . . . . . . . . . . . . . . . . . . . . . . ১৫ দিন / TAB FENADIN 120MG . . . . . 1 + 0 + 1 . . . . . . . . . . . . . . . . . . . . . . . . . . . . . . . . . . . . . . . . . . . . . . . . . . . ৭ দিন / . এই মেডিসিন গুলো সেবন করুন এরপর ও কোনও সমস্যা হলে সরাসরি ডাক্তারের পরামর্শ নিবেন / ধন্যবাদ /,nutrition
Thank you for asking question . Feeling so sorry to hear about your wife . I can understand your condition but please stay strong and take care of your wife and give her support . For your anxiety you can take Tab Reelife . . . 0 + 0 + 1 . . . . 1 month . Thank you .,medicine
"Tab . Napa Extend 665mg 1 + 1 + 1 2days , Tab . Fexo 120 mg 1 + 0 + 1 5days . please don ' t touch your eyes , don ' t rub . wear sunglasses . Take rest . If don ' t improve please consult with a opthalmologist . Thanks",medicine
আপনাকে ধন্যবাদ প্রশ্ন করার জন্য । আপনি প্যারাসিটামল একটা বা দুইটা খান । ঠান্ডা পানি বা বরফ দিয়ে জায়গাটি আধা ঘন্টা করে দিনে দুই বা তিন বার করে সেক দিন । প্রেশার ঠিক আছে কিনা পরিক্ষা করুন । কোনো ব্যাথা পেয়ে থাকলে একটি এক্স রে করিয়ে নিন । একজন অর্থপেডিক্স ডাক্তারের পরামর্শ নিতে পারেন । ধন্যবাদ,medicine
Thank you for your question . Previous blood from uterus may excrete now . If no pain and no fresh bleeding then everything should be fine . For more confirmation please consult with a gynaecologist and act accordingly . Thank you,doctor
আপনাকে ধন্যবাদ প্রশ্ন করার জন্য । ডাক্তার যেহেতু দিয়েছে তিনি নিশ্চয় বুঝেই দিয়েছেন । তাই উনার পরামর্শ মতে চলতে পারেন । একজন শিশু বিশেষজ্ঞ চিকিৎসক কে দেখিয়ে নিশ্চিত হয়ে চিকিৎসা নিন । ধন্যবাদ ।,doctor
ডাক্তার ভাইকে প্রশ্ন করার জন্য ধন্যবাদ । আপনি বাচ্চাকে সরাসরি একজন শিশু বিশেষজ্ঞের কাছে নিয়ে যান এবং সেই অনুযায়ী চিকিৎসা গ্রহণ করুন । ধন্যবাদ,doctor
আপনাকে ধন্যবাদ প্রশ্ন করার জন্য । গ্যাস্টিকের ব্যাথা থেকে ব্যাথা পিঠে ছড়াতে পারে । আপনি ওমেপ্রাজল ঔষধ ২০ মিলিগ্রাম সকালে ও রাতে একটা করে দুই বেলা খাবাবেন । প্যারাসিটামল খেতে পারেন । ধন্যবাদ,medicine
Thank you for your question . After feeding keep the baby on shoulder so that there is mild pressure on his belly and the gas can come out and visit a pediatrician if associated symptom persists . Thank you,doctor
Tab . Napryn 500mg 1 + 1 + 1 and Tab . Myolax 50mg 1 + 1 + 1 for today . . And give hot compression at pain site . Thanks,medicine
Thanks for asking . Your wife need further evaluation . pls consult with Gynaeologist . Thanks,doctor
আপনাকে ধন্যবাদ প্রশ্ন করার জন্য । মাথা ঘোরার অনেক কারন থাকতে পারে । আপনি একজন শিশু ডাক্তারের পরামর্শ নিন । বাচ্চাকে কৃমির জন্য সিরাপ সোলাস এক চামচ করে দুই বেলা তিন দিন খাওয়াতে পারেন । ধন্যবাদ,medicine
"আপনাকে ধন্যবাদ প্রশ্ন করার জন্য । আপনার বাবার রোগ আগে ধরতে হবে । এর জন্য আগে একজন মেডিসিন বিশেষজ্ঞ কে দেখান । কিছু প্রাথমিক চিকিৎসা করান । দূর্বলতা কোনো রোগ নয় , রোগের লক্ষন । আমাদের একটা ভুল ধারনা আছে যে স্যালাইন দিলে দূর্বলতা কমে । স্যালাইন দিলে পানি শুন্যতা থাকলে ভাল হয় । দূর্বলতা কমে না । তেমনি ভিটামিন খেলে শরীরে ভিটামিনের কারনে দূর্বলতা হলে তা ভাল হয় । দূর্বলতার আরো অনেক কারন থাকে যেমন জন্ডিস , রক্ত শুন্যতা ইত্যাদি । রোগ না নির্নয় করে রোগের সঠিক চিকিৎসা করা যায় না । ধন্যবাদ ।",nutrition
"আমার মায়ের বয়স ৬৫ বছরে । আজ প্রায় ৫ দিন যাবত তার বুকে একটা বিষ ফোড়া হয়েছে । যার ফলে , শরীরে ব্যথা , জ্বর জ্বর এবং হাত , ঘাড় , মাথা ব্যথা হচ্ছে । তার হাইপ্রেশার আছে এবং নিয়মিত ঔষধ খান । ব্যাথা এবং ফোড়ার কষ্ট থেকে নিরাময়ের জন্য কিছু করা যায় কি ?",fever
Thanks for your question . you should go through the test as soon as possible because elder people are more prone to covid 19 . thanks,symptoms
আমার বয়স ২৬ . ওজন ৬১ . . . ৩ টা রোগ আছে আমার । ১ . হাতের এবং পায়ের তালু প্রচুর ঘামে । প্রায় ১০ বছর হল ৷ ডাক্তার dricare lotion নিতে বলছে কোন কাজ হয়নি । ২ . চুল পাকছে ৪ - ৫ টা দাড়ি পাকছে ৭ - ৮ টা ৩ . চুল পড়তাছে ইদানিং বেশি । অনেক চুল পড়ে গেছে । সিরিয়াসলি পরামর্শ দিবেন । কি কি টেস্ট করাবো । আপনারা বললে সেই টেস্ট করিয়ে আপনাদের জানাব । pls test er nam gula . .,symptoms
আপনাকে ধন্যবাদ প্রশ্ন করার জন্য । আপনার সমস্যা এই ভাবে সমাধান হবে না । একজন মেডিসিন বিশেষজ্ঞ ডাক্তার কে দেখিয়ে নিশ্চিত হয়ে চিকিৎসা নিন । স্কিন বিশেষজ্ঞ কেও দেখাতে হতে পারে । ধন্যবাদ ।,doctor
আপনাকে ধন্যবাদ প্রশ্ন করার জন্য । আপনার বাচ্চাকে ফ্লাকল খাওয়াতে পারেন । ভাল না হলে একজন শিশু বিশেষজ্ঞ চিকিৎসক কে দেখিয়ে নিতে পারেন । ধন্যবাদ ।,medicine
"ডাক্তার ভাইকে প্রশ্ন করার জন্য ধন্যবাদ । আপনি অবশ্যই দ্রুত একজন নাক কান গলা বিশেষজ্ঞের পরামর্শ নিন , সরাসরি ডাক্তার দেখান । ধন্যবাদ",doctor
"ধন্যবাদ আপনাকে প্রশ্ন করার জন্য । মোনাস ১০ মিগ্রা খান । ঘাড়ে বেল্ট পড়ুন । দুশ্চিন্তা কমান , পর্যাপ্ত বিশ্রাম নিন । সন্ধ্যার পর চা , কফি খাবেন না । ঘুমানোর আগে গরম পানিতে গোসল করুন । ধন্যবাদ",medicine
"ডাক্তার ভাই কে প্রশ্ন করার জন্য ধন্যবাদ । আপনার রোগের পুরো ইতিহাস বলেন নাই । আপনি cap . pantonix 20mg 1 tab , syp . Entacid plus 4tsf এখন খেতে পারেন । পরবর্তীতে Tab . pantonix 20 mg 1 + 0 + 1 14days , syp . entacid plus 2tsf 3times for 14days খাবেন ।",medicine
"গ্রাহক , ডাক্তার ভাইকে আপনার প্রশ্নের জন্য ধন্যবাদ । আপনি কি কোনো দুশ্চিন্তার মধ্যে আছেন ? আপনার ঘুম কেমন হচ্ছে ? আপনি চেষ্টা করবেন যেন আপনি দুশ্চিন্তা মুক্ত থাকতে পারেন । এবং সেই সাথে আপনি ফল , ডাবের পানি ইত্যাদি খাবেন । আপনি নিম্ন লিখিত ঔষধটি সেবন করবেন - - - Tab . Rivotril 0 . 5mg 0 + 0 + 1 - - - - - 5 days ধন্যবাদ ।",nutrition
"আমার বয়স ৩৪ বছর , বিবাহিত , বাচ্চা নেই । কোভিড ভ্যাক্সিন দুই ডোজ এবং হেপাটাইটিস বি ভ্যাক্সিন এর কোর্স কম্পলিট করেছি । সুস্থ থাকতে আমার মতো একজন মানুষ আর কি কি ভ্যাক্সিন নিতে পারি ?",fever
if i take 50 tabs of atenelol 50 mg and also take digoxine 20 tabs . . . then what will heapen ?,medicine
ডাক্তার ভাইতে প্রশ্ন করার জন্যে আপনাকে ধন্যবাদ । প্রথমত আপনাকে খাবার খেতে হবে ঠিকমতো । tab - filwel gold 0 + 1 + 0 ১ মাস এই মাল্টিভিটামিন খেতে পারেন । Tab - ovocal D 1 + 0 + 0 ১ মাস খাবেন । একজন গাইনি বিশেষজ্ঞ চিকিৎসক এর পরামর্শ নিবেন ।,nutrition
ধন্যবাদ আপনার প্রশ্নের জন্য । না দেখে সমাধান দেয়া যাচ্ছে না । সরাসরি জেনারেল সার্জন বিশেষজ্ঞ দেখিয়ে পরামর্শ নিতে হবে ধন্যবাদ,doctor
"বয়স ২ মাস ওজন ৩ . ৮ কেজি । গত ৭ / ৮ দিন হলো ২ দিন পাতলা আবার ১ দিন mucus সহ পায়খানা করছে । ডাক্তার < NAME > ম্যাডাম এর পরামর্শে Bicozin ঔষধ খাওয়ানো হচ্ছে গত কাল থেকে । গত ২৪ ঘন্টার মধ্যে ৬ বার পায়খানা করেছে mucus সহ । এই সমস্যা সমাধানের জন্য কি কোন ঔষধ লাগবে ? বুকের দুধ কম খাচ্ছে । আমার কাছে protexin restore infant formula , Flacol এবং Oticlor drop আছে এগুলো কি এর জন্য কাজ করবে এবং এই বয়স এ কি খাওয়ানো যাবে এবং পরিমাণ কি হবে ? পূনরায় পরামর্শ পেলে উপকৃত হব ।",symptoms
"আসসালামুয়ালাইকুম ডাক্টার , গত ৫ দিন আগে ছাদের উপর থেকে কিছু নামাতে সময় সিড়ি দিয়ে নামাতে সময় নিচের দিকে একটু বেশি ঝুকেছিলাম তখন থেকে কেমন যেন একটা বেথা অনুভব করতে পেলাম তখন থেকে মাজার মধ্যে ব্যাথা করে ও এদিকে ওদিকে পায়ের অংশ গুরাতে পারি না এটা কি সমস্য হতে পারে একটু জানাবেন প্লিজ । ব্যাথার ঔষধ ও খেয়েছি ভালো হয় না । এমনিতেও ব্যাথা না করলেও এদিকে ওদিকে গুরাতে সময় টান লাগে । আমি সৌদি আরব থেকে বলসি একটু বলবেন প্লিজ ।",symptoms
ডাক্তার ভাইকে প্রশ্ন করার জন্য ধন্যবাদ । Tab Monas 10 রাতে একটা করে সাতদিন খেতে পারেন । এছাড়া গরম পানি লবণ দিয়ে গড়গড়া করবেন । ধন্যবাদ,medicine
আপনাকে ধন্যবাদ প্রশ্ন করার জন্য । ঔষধ খেতে থাকেন । ভাজা পোড়া খাবেন না । সিরাপ এন্টাসিড প্লাস দুই চামচ করে জ্বালা পোড়া করলে খেতে পারেন । ধন্যবাদ ।,medicine
"amar age 21 . amar kuchkite koyekmonth jabot chulkani . prothome kalo o gol silo . pore kinaray chulkato . Daktarer prescription onujayi 1 . Tablet TELFIN 250mg , 21 days , 1 + 0 + 1 2 . Fungidal cream 1 + 1 + 1 3 . Rupa 10mg kheyechi o use koresi . halka chulkani majhe majhe ekhono hoy . kalo dag gulo ordhek ase . 1 . Telfin ti ki sothik medicine silo ? 2 . ami ekhon ki medicine nite pari janaben please .",symptoms
ডাক্তার ভাই ‌কে প্রশ্ন করার জন্য ধন্যবাদ । Tab . Calbo - D 1 + 0 + 1 for 2 month . . এটা খান তারপর আমাদের সাথে যোগাযোগ করবেন ধন্যবাদ ।,medicine
ডাক্তার ভাই কে প্রশ্ন করার জন্য ধন্যবাদ । হার্ট এ বেথা র জন্য বিশেষজ্ঞ পরামর্শ নিবেন । আলগা লবন নিবেন না । প্রতিদিন ৩০ মিনিট হাঁটবেন । হাল্কা ব্যায়াম করবেন । তেল পরিহার করুন । রাতে গোসল করবেন । ঘুম হবে । অল্প করে বার বার খাবেন । ধন্যবাদ ।,nutrition
আপনাকে ধন্যবাদ প্রশ্ন করার জন্য । ডায়াবেটিস নিয়ন্ত্রণ করুন । ঔষধ পরিবর্তন করতে হতে পারে । একজন যৌনরোগ বিশেষজ্ঞের সাথে যোগাযোগ করুন । ধন্যবাদ ।,doctor
"ডাক্তার ভাই কে প্রশ্ন করার জন্য ধন্যবাদ । শিশু ডাক্তার এর পরামর্শ নিন । ধন্যবাদ । প্রিয় গ্রাহক , আপনার রোগটির চিকিৎসার জন্য আরও বিস্তারিত তথ্য জানা দরকার । আপনি ডাক্তারভাই এপ্লিকেশন থেকে ' Video Call To A Doctor ' সার্ভিসটি ব্যবহার করে একজন ( * * * ) বিশেষজ্ঞ ডাক্তারের এপয়েন্টমেন্ট নিয়ে ভিডিও কল এ কথা বলতে পারেন এবং ডাক্তারএর লেখা প্রেস্ক্রিপশন আপনি আপনার এপ্লিকেশন এ পেয়ে যাবেন । আরও বিস্তারিত জানতে < NUMBER > তে কল করুন । ধন্যবাদ ।",doctor
"Rx , Oint Clopirox - আক্রান্ত স্থানে দিনে - ২ বার লাগাবেন - ১ মাস Tab Artica 10 - ০ + ০ + ১ - ১মাস আক্রান্ত স্থান শুকনো রাখুন ঢিলা কাপর ব্যাবহার করুন Dr < NAME > Mbbs",medicine
ধন্যবাদ আপনাকে প্রশ্নের জন্য । উচ্চতা নির্ভর করে বংশগত বৈশিষ্ট্য এর উপর । কোন নির্দিষ্ট খাবার বা ব্যায়াম নেই যা উচ্চতা বৃদ্ধির সহায়ক । আপনি প্রোটিন যুক্ত খাবার বেশি খান । একজন ডায়েটিশিয়ান এর পরামর্শ নিতে পারেন । ধন্যবাদ,nutrition
প্রশ্ন করার জন্য ধন্যবাদ । Syp Magmil . . . . ৩ চামচ ১ গ্লাস পানিতে মিশিয়ে প্রতিদিন রাতে খাবেন 15 দিন । এরপরও যদি সমস্যা থাকে তাহলে একজন ডাক্তারের সাথে সরাসরি কথা বলে পরামর্শ নিন । ধন্যবাদ ।,medicine
আপনাকে ধন্যবাদ প্রশ্ন করার জন্য । ঔষধ কি খেয়েছেন তা জানালে ভাল হতো । যেহেতু এক মাস হয়ে গেছে আপনার আর দেরি না করে একজন মেডিসিন বিশেষজ্ঞ কে দেখানো উচিত । নতুন কোনো ঔষধ আর না খেয়ে সঠিক রোগ ধরে সঠিক চিকিৎসা নিন । ধন্যবাদ ।,doctor
আমার প্রায় টয়লেট করতে সময় লাগে । কৌষ্টকাঠিন্য দূর করতে মেডিসিন এর পাশাপাশি খাবার এর নিয়ম কানুন বলে দিলে উপকার হয় ।,nutrition
আপনাকে ধন্যবাদ প্রশ্ন করার জন্য । আপনি ইতিমধ্যে প্রাথমিক চিকিৎসা যেমন এন্টাজল ব্যবহার করে ফেলেছেন । এখন ভাল না হলে একজন নাক জান গলা বিশেষজ্ঞ কে দেখিয়ে নিন । ধন্যবাদ ।,medicine
আপনাকে ধন্যবাদ প্রশ্ন করার জন্য । এলার্জি সমস্যা কখনো ভাল হয় না । এলার্জি থেকে বাঁচার সব চেয়ে ভাল উপায় যে কারনে এলার্জি হয়েছে তা থেকে দূরে থাকা । যেমন ডাস্ট । বেশি সমস্যা হলে ট্যাবলেট ফেক্সো ১২০ মিলিগ্রাম রাতে একটা করে খেতে পারেন । চোখের ডাক্তার একজন কে দেখিয়ে নিন কেন পানি পরছে তা জানার জন্য । ধন্যবাদ ।,medicine
ipena hard surgury rugir kasi komanor jonno ki medicine khaoyate pari,symptoms
"আপনাকে ধন্যবাদ প্রশ্ন করার জন্য । আপনার ভাগ্নিকে গরম দুধ , শাক সবজি খাওয়ান । ইসুপগুলের ভুষি খাওয়ান । পানি বেশি করে খাওয়ান । প্রয়োজনে একজন ডাক্তারকে দেখিয়ে নিতে পারেন । ধন্যবাদ",medicine
"ধন্যবাদ আপনাকে প্রশ্ন করার জন্য । আপনি শাকসব্জি , ফল , আঁশযুক্ত খাবার খাবেন , পানি খাবেন , ইসুবগুলের ভূষি খাবেন । আপনি তরল খাবার , স্যালাইন , ডাবের পানি , শসা , তরমুজ খাবেন , এরা পানি ধরে রাখে শরীরে । দুশ্চিন্তা কমান , পর্যাপ্ত বিশ্রাম নিন । সন্ধ্যার পর চা , কফি খাবেন না । ঘুমানোর আগে গরম পানিতে গোসল করুন । ধন্যবাদ",nutrition
আমার এক থেকে দেড় মাস সকালে প্রসাব হলুদ হয় এবং দিন হলো প্রসাবের রাস্তায় ঝালা করে এবং পেটের বাম পাশে ব্যাথা করে । এখন আমার করনীয় কি ?,symptoms
আপনাকে ধন্যবাদ প্রশ্ন করার জন্য । খুব সম্ভবত আপনার ঘুমের position ঠিক না থাকার জন্য এমন হতে পারে । আপনি ট্যাবলেট নাপা এক্সটেন্ড একটা বা দুইটা খেতে পারেন । ঘারে গরম পানির সেক দিন । ভাল না হলে একজন অর্থপেডিক্স বিশেষজ্ঞ কে দেখাতে পারেন । ধন্যবাদ,medicine
Thank you for your question . Please continue your ongoing medicine . Repeat your test after 3 months . Thank you,doctor
আপনাকে ধন্যবাদ প্রশ্ন করার জন্য । একজন Neurologist এর সাথে যোগাযোগ করুন । ধন্যবাদ ।,doctor
আপনাকে ধন্যবাদ প্রশ্ন করার জন্য । আপনি পানি পান করুন । দুশ্চিন্তা করবেন না । ঘুম ঠিকমত হতে হবে । পায়খানা নরম হতে হবেমুখে কোনো প্রসাধনী ব্যবহার করবেন না । একজন চর্ম ডাক্তার কে দেখান । ধন্যবাদ,doctor
"ডাক্তার ভাইকে প্রশ্ন করার জন্য ধন্যবাদ । Tab Fexo 120 , 0 + 0 + 1 , 7 days . ধন্যবাদ",medicine
শরিলে চুলকানি গামাচির মত বের হয়পরে ঘাতে পরিনতহয় এটার জন্য কি করতে পারি,symptoms
Thank you for your question It ' s mostly used for diarrhea . Thank you,symptoms
"আপনাকে ধন্যবাদ প্রশ্ন করার জন্য । গরম পানি দিয়ে গড়গড়া করুন , গরম চা লেবু , আদা , মধু দিয়ে খান এতে আরাম পাবেন । সুবিধা মত একজন নাক কান গলা বিশেষজ্ঞের সাথে যোগাযোগ করুন । ধন্যবাদ ।",doctor
Thank you for your question Give oral saline mixed with 500ml water and feed after each motion . Give soft rice with mashed banana . If flutanil causes diarrhea then you can stop . Otherwise continue for 3days . Thank you,symptoms
"আপনাকে ধন্যবাদ প্রশ্ন করার জন্য । আপনি ডাক্তার দেখিয়ে কাজ হয়নি , তাহলে প্রাথমিক চিকিৎসা তে আর কাজ হবে না । আমরা এই প্লাটফর্ম থেকে প্রাথমিক চিকিৎসা এবং প্রয়োজনীয় পরামর্শ ছাড়া সরাসরি চিকিৎসা দিতে পারি না । কারন আমাদের রোগী দেখার সুযোগ বা পরীক্ষা করার সুযোগ নাই । আপনি পিজি হাসপাতালে চর্ম রোগের ডাক্তার কে দেখাতে পারেন । জায়গাটি পরিষ্কার রাখুন । পানি বেশি করে পান করুন । পায়খানা নরম রাখুন । রাত জাগবেন না । দুশ্চিন্তা করবেন না । ধন্যবাদ ।",doctor
আমার নাম < NAME > বয়স ৩২ বছর আমার জিহ্বার গোড়ার দিকে গোল গোল কয়েকটি গোটার মত হয়েছে যাতে ব্যাথা করে এবং আদার আদার বাজে যাহার ২০ - ২২ দিন বয়স । কিছুদিন আগে ডাক্তার দেখালে সে আমাকে Turboclav 250mg এবং ভি প্লেক্স সেবনের পরও ব্যাথাও তেমন কমেনাই এবং গোটাও কমে নাই এখন আমার কি চিকিৎসা আছে দযা করে জানতে চাই ।,symptoms
ডাক্তার ভাই কে প্রশ্ন করার জন্য ধন্যবাদ । বাড়তি খাবার খাওয়াতে থাকেন সরাসরি একজন Pediatricianএর সাথে যোগাযোগ করুন ধন্যবাদ ।,nutrition
আপনাকে ধন্যবাদ প্রশ্ন করার জন্য । হতে পারে । বেশি খেলে লিভারে সমস্যা হতে পারে । ধন্যবাদ ।,symptoms
"I have high blood pressure . I am taking medicine . But for safety reason , How many times should I check my BP level everyday ?",symptoms
"মাঝে মাঝেই সাদা স্রাব হয় , গতকাল রাত থেকে বেশি পরিমান সাদা স্রাব নির্গত হচ্ছে । করনীয় কি ?",symptoms
আমার গ্যাসের সমস্যা খুবই প্রকট । অনেক মাস ধরে আমি finix 20 দুই বেলা খেতাম কিন্তু গ্যাস কিছুতেই ভালো হয় নাই তাই এখন ডাক্তারের পরামর্শে sergel 20 খাওয়া শুরু করি । কিন্তু কিছুতেই গ্যাস নিয়ন্ত্রণ হচ্ছে না । আমার প্রচুর পরিমাণে বায়ুনির্গত হয় । এই রোজার মাসে আমার পায়খানার ও সমস্যা হচ্ছে । পায়খানা এলে নিয়ন্ত্রণ করতে পারি না,symptoms
scabo 6 ai medicine 2i ta ek 7e khele Kno prblm hobe ?,medicine
আমার বয়স ২১ । আমি হাঁ করলে আমার টনসিল এর নিচে সাদা গোটা দেখতে পাই । । । আমি oracyn k - 250 খাচ্ছি । । তিনবেলা খেতাম । । । তিনদিন খাবার পর কমে গিয়েছিল । । । ওষুধ খাওয়া বন্ধ ছিল । । । এরপর খেয়াল করলাম ঢ়োক গিলতে সমস্যা হচ্ছে । । সেটার পাশে আবার সাদা হয়েছে । । এখন আবার তিন দিন হলো খাচ্ছি । । আমি কি এখন ওষুধ টি খেয়ে যাবো ? ? ?,nutrition
ডাক্তার ভাই কে প্রশ্ন করার জন্য ধন্যবাদ । এই সমস্যার জন্য ECG ও সরাসরি রোগী দেখে চিকিত্সা প্রয়োজন নিকটস্থ হাসপাতাল যান এবং Cardiologist এর পরামর্শ নিন ধন্যবাদ,doctor
আপনাকে ধন্যবাদ প্রশ্ন করার জন্য । সমস্যাটি সরাসরি একজন সার্জারি বিশেষজ্ঞকে দেখিয়ে প্রয়োজনীয় পরীক্ষার পর এর চিকিৎসা নিন । ধন্যবাদ ।,doctor
আমার শরীর ব্যাথার সাথে সাথে এখন আবার জ্বর আসছে । আসলে আমি বুঝতে পারছি না রোজা রেখে কি করব । জ্বর ১০১,fever
আপনাকে ধন্যবাদ প্রশ্ন করার জন্য । আপনাকে বমির ঔষধ দেয়া হয়েছে । থাইরয়েড এ - র ঔষধ প্রথম খেলে কখনো কখনো এমন সমস্যা হতে পারে যা কিছুদিনের ভিতরে ঠিক হয়ে যাবে । বেশি খারাপ লাগলে অবশ্যই আপনার ডাক্তার কে ঔষধ ও প্রেসক্রিপশন সহ আবার দেখান । ধন্যবাদ,medicine
ডাক্তার ভাই কে প্রশ্ন করার জন্য ধন্যবাদ । এই সমস্যার জন্য রোগী সরাসরি দেখা ও কিছু পরীক্ষা করানো প্রয়োজন । একজন Gynaecologist এর পরামর্শ নিন ধন্যবাদ,doctor
আমার বেশ কিছুদিন যাবত খুশখুশে কাশি । মাঝে মাঝে কাশি শেষে কালো কফ বের হয় । এখন পর্যন্ত কোন প্রকার ঔষধ খাই নি । মাঝে মাঝে গরম পানিতে গারগিল করি তখন কিছুটা কমে যায় । কি করলে কাশি থেকে মুক্তি পাব । আমার ঠান্ডার কোন সমস্যা নাই ।,fever
"ডাক্তার ভাইকে প্রশ্ন করার জন্য ধন্যবাদ । Tab . Rupa 10mg 0 + 0 + 1 5days , Tab . Omidon 10mg 1 + 1 + 1 3days ( 30 min before meal ) , Tab . Cevit 250 mg 1 + 0 + 1 10days ( chewable ) .",medicine
"আমি ২৯ সপ্তাহের টুইন প্রেগন্যান্ট । হঠাৎ করেই ২ - ৩দিন যাবত আমার বাম দিকের কুচকি তে ( v এরিয়ার বাম পাশে ) অনেক ব্যথা হয় । হাটতে গেলে , বসতে গেলে , শোয়ার সময় এপাশ থেকে ওপাশ হতে গেলে অনেক ব্যথা করে । মনে হয় কোন রগ বা কিছুতে টান লাগছে । এমনি টিপ দিলে কোন ব্যথা লাগে না । এটা কি কোন বড় সমস্যা ? ?",symptoms
প্লিজ হেল্প । সমস্যা আমার বাবা ( ৬৫ বছর ) এর । জর আজকে ১০ দিন হলো । জর বাড়ে আবার কমে । আব্বু লাস্ট ২ মাসে ঘরেই ছিল । এর আগে আমাদের ঘরের বাকি ৬ জনের ই জর ছিল । আব্বু এর হয়েছে সবার শেষে । আমরা সবাই এখন সুস্থ । আমাদের কারো করনা এর লক্ষণ ছিল না । আব্বু এর এখন শরীর খুব ই দুর্বল । বিছানা থেকে উঠতে পারে না । টয়লেট এ গেলে ধরে নিতে হয় রুম এই কমোড চেয়ার এ । শরীর কাপে প্রায় ই । গত ৩ দিন অবস্থা খারাপ পেট এ ব্যথা সহ । ইন্টার্নাল ইনফেশনজনিত সমস্যা কিনা ভাবছি । তাই এজিথ্রমাইসিন ২ বেলা আর নাপা খাচ্ছে । শ্বাস নিচ্ছে মিনিটে ৪৫ + বার,symptoms
আপনাকে ধন্যবাদ প্রশ্ন করার জন্য । আপনার সমস্যা গুরুতর যা না দেখে কি সমস্যা বোঝা যাচ্ছে না । আপনি একজন চর্ম রোগ বিশেষজ্ঞ কে দেখিয়ে সঠিক চিকিৎসা নিন । ধন্যবাদ ।,doctor
"আপনাকে ধন্যবাদ প্রশ্ন করার জন্য । আপনার বাবাকে urine routine microscopic examination , SGPT করাতে পারেন । ধন্যবাদ",doctor
"আমার ডান পাসের অন্ডকোস নিয়ে কেমন একটা অনুভব হচ্ছে , তো আমার অন্ডকোস সাভাবিক বা ঠিক আছে কি না বা কোন সমস্য হয়ছে কি না , তা পরিহ্মা করতে কোন Altasonography করতে হবে",symptoms
আমার ছেলের বয়স 2বছর 5মাস ওর নাক দিয়ে পানি পরে অনেক ঠান্ডা লাগছে পরামর্শ চাই,symptoms
"Sir , Amr wife er onk kusa . paikhanai gele prai 30 min lege jai . . Paikhana naki ekto ekto ache . Sir or naki suto thekei kusata problem . Ekn sir ki korle eta dor hobe . .",symptoms
যে ডাক্তার ঔষধ দিয়েছিল । ওনার সাথে কথা বলা সম্ভব হচ্ছেনা । উনি ৬ মাস পর Marvelon বা Rosen খেতে বলেছিলেন । এখন জানতে চাচ্ছি বাচ্চাকে দুধ খাওয়ানো হচ্ছে । Marvelon বা Rosen খেলে বাচ্চার কি কোন ক্ষতি হবে ? আর আমার স্ত্রীর বাচ্চা জন্ম হওয়ার পর এখনো পর্যান্ত পিরিয়ড হয়নাই । এখনো কি মিনিকন খেতে পারবে ?,medicine
আমার কয়েকদিন ধরে বুকে জ্বালাপোড়া হচ্ছে আর হঠাৎ বমি হচ্ছে সেক্ষেত্রে করণীয় কি ।,symptoms
ডাক্তার ভাইতে প্রশ্ন করার জন্যে আপনাকে ধন্যবাদ । tab - telfin 250 mg 1 + 0 + 0 ১৫ দিন খাবেন । combiderm ointment দিনে ৩ বার মাখবেন ১ মাস ।,medicine
"Hi , Assalamuwalaykum sir Ami laxt weak e tsh test koresi amar result 4 ase , amar age 22 year . But testostaron hormun 5 . 1 ng / dl eita ki savabik . please answer me .",doctor
ধন্যবাদ আপনার প্রশ্নের জন্য । Apresin খেতে পারেন । ধন্যবাদ,medicine
আমার মায়ের বয়স ৬৫ বছর । কিছু দিন ধরে পায়ে পানি জমছে । পা আনেকটা ফুলে গেছে । এখন কি করনীয় জানালে উপকৃত হতাম ।,symptoms
drop . antazole Tab . monas 10mg Syp . . alcof 200ml Tab . napa 500 Tab . levonix 500,medicine
"স্যার / ম্যাম , আমার বয়স ৩০ , গত ২০ / ৩০দিন যাবৎ সকালে দাঁত ব্রাশ করার সময় দাঁতের মাড়ি দিয়ে রক্ত বের হতো , ইদানিং সকালে ব্রাশের টাইম ছাড়াও অন্য যেকোন সময় দাঁতের গোড়া থেকে রক্ত বের হয় ৷ এখন আমার করনীয় কি ? কিংবা আমি কোন ঔষধ সেবন করতে পারি দয়া করে সাজেস্ট করবেন ৷",symptoms
আপনাকে ধন্যবাদ প্রশ্ন করার জন্য । আপনাকে আর দেড়ি না করে এখনি একজন শিশু বিশেষজ্ঞ কে আপনার বাচ্চাকে দেখান । ঔষধ গুলো চালিয়ে যান । ধন্যবাদ,doctor
Thank you for your question This can be caused by genetic variation . Please consult with a medicine specialist and act accordingly Thank you,doctor
আমার এক বন্ধুর ২ মাস ধরে মাঝে মাঝে ব্লাড পরে মুখ দিয়ে । কিন্তু কোনো কাশি বা অন্য কোনো সমস্যা অনুভব করেনা । তাই কোনো ডাক্তারের কাছে যায়নি । কয়েকদিন আগে আবার ব্লাড পরছে । এইটা কোন ধরনের সমস্যা ? ?,fever
কালকে রাত থেকে আমার প্রেশার বেড়ে গেছে উপরে ১৪০ নিচে ৭০ এখন আমি কি ব্যাথার ঔষধ খেতে পারবো ইটোরিক্স ৯০ খেতে চাই আমার বয়স ২১বছর,symptoms
"ডাক্তার ভাই কে প্রশ্ন করার জন্য ধন্যবাদ । পাতলা পায়খানার মত , কথাটার মানে বুজলাম না । পায়খানা কি পানি পানি ? আপনি এখন এ বাচ্চা কে শিশু হাসপাতাল নিয়ে যান । ছোট বাচ্চা , শিশু র ডাক্তার দিয়ে চিকিৎসা জরুরি । ধন্যবাদ ।",emergency
ডাক্তার ভাই কে প্রশ্ন করার জন্য ধন্নবাদ । ভরা পেটে নাপা খেতে পারবেন । ধন্যবাদ ।,medicine
অনেক দিন মানে ছোটবেলা থেকে দাঁত দিয়ে রক্ত পড়ে । একবার স্কেলিং করিয়েও লাভ হই নাই । করনীয়,symptoms
ডাক্তার ভাইকে প্রশ্ন করার জন্য ধন্যবাদ । আপনি এই ব্যাপারে একজন স্কিন বিশেষজ্ঞের সাথে পরামর্শ করুন । ধন্যবাদ,doctor
I have just found that I m pregnant . There is vomiting tendency and acidity along with backbone pain . My last period was on 5th April . I have also aneamia . What to do in this situation ?,symptoms
আমার স্ত্রীর বয়স ২২ । পাঁচ দিন আগে তার মাসিক হয়েছে । বেশ কয়েক দিন যাবৎ তার বমি বমি লাগে আর মাথা ঘোরায় । কি করণীয় জানাবেন ।,symptoms
ডাক্তার ভাইতে প্রশ্ন করার জন্যে আপনাকে ধন্যবাদ । আপনি Tab - monas 10 mg 0 + 0 + 1 চলবে Tab - Docopa 200 mg 1 + 0 + 1 15 দিন cap - sergel 20 mg 1 + 0 + 1 খাবার আগে ১৫ দিন খেতে পারেন । । ।,nutrition
ডাক্তার ভাইকে প্রশ্ন করার জন্য ধন্যবাদ । Tab Tory 120 দুই বেলা তিন দিন খেতে পারেন । এতে ব্যথার কিছুটা উপশম ঘটতে পারে । এছাড়া গরম পানি লবণ দিয়ে গার্গল করুন । এবং মাড়ি ফোলার জন্য অবশ্যই দ্রুত একজন অভিজ্ঞ দাঁতের ডাক্তারের পরামর্শ নিন । ডেন্টিস্ট আপনার দাঁত দেখে অ্যান্টিবায়োটিক এবং পরবর্তী যা করণীয় সবকিছুর পরামর্শ দিয়ে দিবেন । ধন্যবাদ,medicine
I have been suffering from cold fever for one days,symptoms
ই ক্যাপ ট্যাবলেট এ কি কি উপকারিতা আছে এবং এটা কি ডাক্তারের পরামর্শ ছাড়া খাওয়া যায়,medicine
"আমার প্রায় ৫ বছর দরে বুকের স্কিনে আলারজি মত উঠে ডাক্তার দেখিয়েছি পরে আমাকে traileon injection দিতে বলে এবং আমি দিয়েছি ২৮ দিন পর পর ৩বার দিয়েছি কিন্তু ওইতা আবার উঠে ! চিনি জাতিয় খাবার খেলে জালাফুরা করে , , , ও এর আগে ডাক্তার আমাকে saldrom cream বেবহার করতে বলে কিন্তু কাজ হয়নাই , , , , এখন কি ওষুধ সেবন করতে হবে ? ? ? আগ্রিম ধন্যবাদ !",nutrition
ডাক্তার ভাই কে প্রশ্ন করার জন্য ধন্যবাদ । ইচ্হাশক্তির মাধ্যমে সবই করা সম্ভব । আস্তে আস্তে কমিয়ে দিন । প্রয়োজনে psychiatrist ' র পরামর্শ নিন ।,doctor
ডাক্তার ভাইতে প্রশ্ন করার জন্যে আপনাকে ধন্যবাদ । নিকটতম হাসপাতালে অথবা গাইনি বিশেষজ্ঞ চিকিৎসক এর চেম্বারে যোগাযোগ করবেন । । । বমির জন্য tab - emistat 8 mg 1 + 1 + 1 বমি হলে দিতে পারেন । । ।,medicine
ডাক্তার ভাই কে প্রশ্ন করার জন্য ধন্যবাদ । আপনি Tofen খাওয়াতে পারেন আর সাথে জ্বরের জন্য Napa Pediatric drop ৩ বেলা 1 . 5ml করে খাওয়াবেন বাচ্চার ওজন উল্লেখ করলে ভাল হতো । আর একজন Pediatricianএর সাথে যোগাযোগ করুন ধন্যবাদ ।,fever
"আমার বাবার বয়স ৫৫ । উনি ডায়ালাইসিস শুরু করেন ১ মাস আগে , নিচ্ছেন সপ্তাহে ২ বার । কিন্তু উনার ক্রিটিনাইন লেভেল প্রথম ডায়ালাইসিস এর পর ১১ থেকে ৭ এ চলে আসে । কিন্তু তারপর ধীরে ধীরে আবার বারতে থাকে । বরতমানে উনার ক্রিটিনাইন ৯ . ৫ এ আছে । আমার প্রশ্ন হচ্ছে যদি ডায়ালিসিস করেই তাহলে ক্রিটিনাইন লেভেল ধীরে ধীরে বাড়ছে কেন ? এটা বাড়ার কি কারন হতে পারে ?",doctor
Thanks for questioning daktarbhai . Please consult with a good surgery doctor . eta recurrent hoy tokhon Abar operations o lage . Thanks,doctor
"আপনাকে ধন্যবাদ প্রশ্ন করার জন্য । জ্বর মাপবেন , Syp . Bukof 2 tsf 3 times Daily for 5 days খান । ধন্যবাদ ।",fever
আপনাকে ধন্যবাদ প্রশ্ন করার জন্য । মাল্টিভিট প্লাস স্কয়ার কম্পানির একটি ভাল মাল্টি ভিটামিন । ধন্যবাদ,nutrition
আপনাকে ধন্যবাদ প্রশ্ন করার জন্য । আরো বিস্তারিত তথ্য জানা দরকার । রক্তচাপ পরীক্ষা করুন । সকাল সকাল ঘুম থেকে উঠবেন । অনেক সময় Body একটা Clock এর মত কাজ করে এবং সকাল বেলায় শরীরের তাপমাত্রা বাড়িয়ে আপনাকে ঘুম থেকে ওঠার জন্য সংকেত দেয় । ঘুম থেকে ওঠার পর খালিপেটে এক গ্লাস পানি খাবেন । এ ধরনের কিছু Lifestyle Modification এ আপনার সমস্যা সমাধান হয়ে যাবে আশা করা যায় । ঔষধের প্রয়োজন হবে না । দিনে ১০ মিনিট হাটাচলা + Exercise করতে পারেন । ধন্যবাদ ।,doctor
আমার সবসময় বিশেষ করে চোখ বন্ধ করলে / ঘুমাতে গেলে সাপের ভয় হয় । আমার সাথেই ঘুমাই । তবুও লাইট বন্ধ করে ঘুমাতে পারি না । কি করলে এর থেকে পরিত্রাণ পাওয়া যাবে ?,symptoms
একটু টেনশন করলেই আমার শ্বাস বন্ধ হয়ে যাওয়ার মতোন হয় এবং বার বার হামি আসে । এবং আমার ঘুমের সমস্যা খুব ।,symptoms
ডাক্তার ভাইকে প্রশ্ন করার জন্য ধন্যবাদ । Neosten 1 % ointment আক্রান্ত স্থানে ২ - ৩ বেলা লাগাবেন । পরিষ্কার কাপড় পরিধান করবেন । এছাড়া একজন অভিজ্ঞ চর্মরোগ বিশেষজ্ঞের পরামর্শ নিতে পারেন । ধন্যবাদ,medicine
Daktar bhai ke question korar jonno dhonnobad . apni shampoo koidin por por koren ? apnar chul ki dry thake ? tel diben chule . apni vit E capsule 1 ta kore 1 month kheye dekhte paren . prochur shobji ar fruits khaben . dhonnobad .,medicine
"আমার মা গত 11 - 12 তারিখ জর ঠাণ্ডা ছিল । নাপা + রূপা খাওয়ানো হয়েছিল । 13 তারিখ ছিলনা , আজ 14 তারিখ আবার জ্বর হালকা বুকেও ব্যাথা শরীর দুর্বল আছে । পরামর্শ চাই ।",fever
"আমার বাবার বয়স ৪৮ বছর ৷ তার হালকা ঠান্ডা , জ্বর ও মাথা টা ভার হয়ে থাকে ৷ এখন তাকে কী ঔষুধ দেয়া যাবে ? ? ?",fever
ডাক্তার ভাই এর সাথে থাকার জন্য ধন্যবাদ । এক্ষেত্রে শ্বাসকষ্ট হচ্ছে কিনা লক্ষ্য রাখুন । কিছু সময় উপুড় হয়ে শুয়ে থাকুন ১০ - ১৫ মি আবার কিছুক্ষণ চিত হয়ে শুয়ে থাকুন । এভাবে রিপিট করুন । সাথে পালস অক্সিমিটার থাকলে রক্তে অক্সিজেন এর মাত্রা পরিমাপ করুন । এটা অতীব জরুরি । Dr . < NAME > Mbbs ( du ),emergency
"আমার বয়স ৩০ । আমার জ্বর , সাথে শুকনো কাশি । হাল্কা গলা ব্যাথা আছে । আমি কি ইভারমেকটিন এবং ডক্সিসাইক্লিন ঔষধ নিতে পারব ? যদি নিতে পারি তাহলে নিয়ম কি ? এর কোন সাইড এফেক্ট আছে কি না ?",fever
আসসালামুয়ালাইকুম আমার বয়স ২৫ বছর । অনেক দিন যাবৎ চুল পড়া সমস্যায় ভুগছি । গোড়া থেকে প্রচুর পরিমাণে চুল পড়ছে । স্থায়ি সমাধান কি ?,symptoms
আমার বড় ছেলের বয়স ৫ . ৫ বছর আর ছোট ছেলের বয়স২৩ মাস । তাদের গত বুধ বার থেকে জ্বর সর্দিকাশি । রেনুভা খাওচ্ছি খাওয়ার পর জ্বর কমে আবার আসে সাথে ১ / ২ চামচ করে বিপাস সিরাপ খাচ্ছে । এখন আর কি খাওয়াতে পারি,fever
"আমার মা "" নরফ্লু "" টেবলেট সেবন করতেন । কিন্তু এখন এই টেবলেট কোন মেডিসিন কর্ণারে পাচ্ছি না । এখন কি টেবলেট খাওয়াব ? ?",medicine
ডাক্তার ভাইতে প্রশ্ন করার জন্যে আপনাকে ধন্যবাদ । Tab - Fexo 120 mg 0 + 0 + 1 ৭ দিন । Combicid cream দিনে ৩ বার মাখবেন ১৫ দিন ।,medicine
ডাক্তার ভাই কে প্রশ্ন করার জন্য ধন্যবাদ । যখন ৫ দিনের বেশি হয়ে গেছে এবং এন্টিবায়োটিক খেয়েও কমে নাই তাই আপনি করোনা টেষ্ট করান । পাতলা পায়খানা ও করোনার লক্ষন সেহেতু যত দ্রুত সম্ভব করোনা টেষ্ট করে নিশ্চিত হয়ে পরবর্তী চিকিৎসা করুন ।,fever
Thank you for your question Mix 1pack oral saline and 500ml water . Feed the baby after each motion 7 / 8drops . Syp . Famotid 1ml twice for 3days . Consult with a pediatrician and act accordingly . Thank you,medicine
"Sir , Amr maa age 49 . Sir maa guto 6 Din dore jor . Jor ache aber chole jai . Emnite thanda kasi nei . Sir ekn napa extra 3 bela are zimax 500 1 ta kore doi din hulo khasse . Kintu terpore jor ache . Eter junno ki kurbo sir .",symptoms
নাম : < NAME > বয়স : ৯বছর প্রসাবের সমস্যা গত দুইদিন যাবত । একটু একটু করে প্রস্রাব আসে । প্রস্রাব পরিষ্কার হয় না । বারবার বাথরুমে যায় । বাথরুম অনেকক্ষণ বসে থাকতে হয় । প্যান্টে ও প্রস্রাব পড়ে যায় । বসে থাকলে সমস্যা হয় বেশি । এর ব্যবস্থাপত্র কি ?,symptoms
ghum hoi nah etar jonne ki kora uchit . . . onek try kori ghumanor .,symptoms
Jointec Max এই ঔষধের সাইড এফেক্ট কি কি ?,medicine
"আমার পেটে কিছু হজম হতে চায় , না গত ৬ মাস যাবৎ অনেক গ্যাসের ঔষধ খেয়েছি , মাঝে মধ্যে ঠিক হয় আবার দেখা দেয় , এখন পেট টাসা দিলে পেট ব্যাথাকরে , গলার কাছে টুপলা হয়ে থাকে প্রচুর ঢেকুর উঠে , মাঝে মাঝে নিশ্বাস নিতে কষ্ট হয় , প্রসাবে গন্ধ আছে ।",symptoms
serum calcium porikkha koraben . ar sunlight a kichukkhon boste bolben . Thanks,doctor
My urine is not cleared properly . Felling something is retards in my urine tube .,symptoms
Thank you for your question . Avoid allergic food and contaminations . Use sterile Cotton to wipe eyes . Tab . Deslor once for 5days . Check for eye power . Consult with an ophthalmologist . Thank you,medicine
আমার স্ত্রীর নাম < NAME > । বয়স ৩৬ বছর । সে দিনে স্বাভাবিক কাজকর্ম করলে তেমন সমস্যা হয় না । কিন্তু রাতে ঘুমাতে যাওয়ার সময় রাত বৃদ্ধির সাথে সাথে হাতের মাংসপেশিতে প্রচন্ড ব্যাথা ও জ্বালাপোড়া করে । সাথে সাথে হাতের তালু ও আঙ্গুল অবশ হয়ে যায় । উল্লেখ্য যে তার থাইরক্সের সমস্যা আছে । এই অবস্থায় করণীয় কি । দয়া করে জানাবেন ।,symptoms
Tab . Rupa 10mg 0 + 0 + 1 5days . Thanks,medicine
"ধন্যবাদ আপনাকে প্রশ্ন করার জন্য । বুকে ব্যাথা গ্যাসের জন্য হচ্ছে । আপনি শাকসব্জি , ফল , আঁশযুক্ত খাবার খাবেন , পানি খাবেন , ইসুবগুলের ভূষি খাবেন । খালিপেটে থাকবেন না । চা , কফি , গরু , খাসী , মসলাযুক্ত , ভাজাপোড়া কম খাবেন । গলা ব্যাথার জন্য আপনি গরম পানি লবণ দিয়ে গড়গড়া করুন । আদা চা , মধু , সিভিট খান । গরম পানি খাবেন একটু পর পর । ধন্যবাদ",nutrition
Thanks for your question to daktar Bhai . Please take vit A enriched food . And please check your fasting blood sugar and random blood sugar regularly . If you control sugar your eye will be healthy . Thanks,doctor
ধন্যবাদ আপনাকে প্রশ্নের জন্য । নিউরোলজির ট্রিটমেন্ট কি চলছে ? ধৈর্য্য ধরতে হবে । পেটের সমস্যার জন্য ডাক্তারের পরামর্শ নিয়ে খাবার ও ওষুধ সেবন করতে হবে । ধন্যবাদ,nutrition
Bextram gold ei medicin ta keno khay r ki ki opokar hoy janaben please,medicine
ডাক্তার ভাই কে প্রশ্ন করার জন্য ধন্যবাদ । উঠার তো কথা । শিশু ডাক্তার বা দাতের ডাক্তার দেখান । ধন্যবাদ ।,doctor
আমার দুই তিন দিন আগে জর ছিলো এখন সমস্যা হলো আমি কোন খাবারে গন্ধ পাইনা ।,nutrition
আপনাকে ধন্যবাদ প্রশ্ন করার জন্য । আপনি ট্যাবলেট ক্যালবো ডি একটা করে এবং ট্যাবলেট নিউরো বি সকালে ও রাতে একটা করে দুই বেলা খান । ধন্যবাদ ।,medicine
আপনাকে ধন্যবাদ প্রশ্ন করার জন্য । আপনি জরুরি একজন নাক কান গলা বিশেষজ্ঞের সাথে যোগাযোগ করুন । ধন্যবাদ ।,emergency
norix ইমারজেন্সি পিল সেবনের পর etorix90 ঔষধ খেলে কি ইমারজেন্সি পিলের ওপর কোনো প্রভাব পড়বে ? ?,medicine
আপনাকে ধন্যবাদ প্রশ্ন করার জন্য । আপনি দ্রুত হাসপাতাল ইমার্জেন্সি তে যোগাযোগ করুন । কিছু পরীক্ষা করান । ধন্যবাদ,doctor
ধন্যবাদ ডাকতার ভাই কে প্রশ্ন করার জন্য । মনে হচ্ছে আপনার Pox হয়েছে । প্রেসার কমার জন্য ORS saline খান । ব্যাথার জন্য Tab . Napa 500mg 1 + 1 + 1 খান । ধন্যবাদ,symptoms
আমি কাল tsh test করছি রিপোর্ট আসছে 4 . 15 . আমার বয়স ৩৩ । এতে কি কি সম্যসা আছে জানালে ভালো হয়,doctor
Thank you for your question This is self resolving in most cases . Worm syrup might not cause any problem . Please consult with your pediatrician and act accordingly . Syp . Napa half spoon 2times a day for fever . Thank you,medicine
আপনাকে ধন্যবাদ প্রশ্ন করার জন্য । জ্বর কতদিন ? শরীরের তাপমাত্রা কত ? বিস্তারিত বলুন । প্রয়োজনে ' Talk to a Doctor ' অথবা ' Video Call to a Doctor ' সুবিধা ব্যাবহার করুন । Tab . Dinafex 60mg 1 + 0 + 1 . . . . . 5 Days খান । ধন্যবাদ ।,fever
আমার শ্বশুরের বয়স ৫৯ বছর । উনার করোনা পজিটিভ হয়ছে । আজ নবম দিন । প্রথম ৫ - ৬ দিন জ্বর ছিল । এখন নাই । কাশি আছে । ডাক্তার সমস্ত কিছু চেক করে উনাকে নিচের ঔষধটি দিছে । Tab . Favivir 200 mg 4 + 0 + 4 - - - 1 day . 1 + 1 + 1 - - - 9 day . এখন প্রশ্ন হলো ঔষধের ডোজটি কি সকাল থেকেই শুরু করতে হবে নাকি রাত থেকে করলেও চলবে ? মানে এটা রাতে ৪ টা দিয়ে আগামীকাল সকালে ৪ টা দিয়ে একদিন কাউন্ট করি । তারপর আগামীকাল দুপুর থেকে ১ টা করে বাকি ৯ দিন । জরুরি উপদেশ কাম্য । ধন্যবাদ ।,emergency
Thank you for your question . Tab . Lora 10mg 0 + 0 + 1 . . . . . . for 5 days . Thank you .,medicine
Thank you for your question Consanguineous marriage can cause many difficulties to baby . Blood group isn ' t the problem . Do hb electrophoresis . Thank you,doctor
"আমার বুকের বাম পাশে ব্যাথা করে doctor dekhayse medicine kaytase taw balo hosse na , blood pressure high , pressure ar medicine Kaytase Bisocam 2 . 5 / 5 akhon ki kore advice please",symptoms
"শরীরের অংশ ফুলে যায় , ঠোঁটে বেশি হয় । চুলকায় না , ভার অনুভূতি হয় । এল্যাজির মত অনেকটা , আজ দুপুরে ইলিশ মাছ খেয়েছিলাম । এখন কি ঔষধ খেতে পারি । এর জন্য রক্তের কোন পরিখা করতে হবে কি ? কোথায় করলে ভাল হয় । এর আগেও এরকম ৩ - ৪ বার হয়েছিল । কি কি খাবার করব",nutrition
ডাক্তার ভাই কে প্রশ্ন করার জন্য ধন্যবাদ । syp zinc ১ / ২ চামচ করে * দিনে ২ বার Biofix sachet packet দিনে ১টি প্যাকেট ২চামচ দুধের সাথে মিশিয়ে খাওয়াবেন । ORS - N - প্রতিবার পায়খানার পর ১০ - ২০ চামচ করে খাওয়াবেন ।,medicine
ডাক্তার ভাই কে প্রশ্ন করার জন্য ধন্যবাদ । select plus shampoo ১দিন পর ১দিন । গোসলের ৩০মিন আগে মাখাবেন । cream dermasol আক্রান্ত স্হানে লাগাবেন ।,medicine
আমার মাজার বাম পাশ দি‌য়ে অ‌নেক ব্যাথা এবং পু‌রো পা ধ‌রে,symptoms
"বাচ্চা হবার ২ মাস পর সহবাস করেছিলাম । কিন্তু সহবাসের ২ মাস পর বমি বমি ভাব লাগে । প্রেগনেন্সি কিট দিয়ে টেস্ট করালে পজেটিভ দেখায় । এমতাবস্থায় বাচ্চা নিতে ইচ্ছুক না , কি করতে পারি পরামর্শ দিন ।",symptoms
"এলার্জি জনিত শাসকষ্ট আছে , মাঝে মাঝে শাসকষ্ট বাড়লে ঔষধ খাওয়া লাগে , এখন করোনার ভ্যাক্সিন কি নেওয়া যাবে । প্লিজ পরামর্শ দিবেন । ।",fever
জনাব হঠাৎ করেই বাম কানের ভিতরে ব্যাথা করছে । ব্যাথাটা এমন যে কটববাড বা শক্ত কিছুর আঘাত কানের ভিতরে লাগলে যেমনটা লাগে । কিন্তু আমি কোন কটনবাড ব্যাবহার বা শক্ত কিছু কানে ঢুকাই নাই । ভাত বা অন্য কিছু চাবাতে গেলে ব্যাথা বেশি অনুভূত হয় । আমার করণীয় কি ?,symptoms
Thank you for your question Please consult with a dermatologist . Thank you,doctor
Amar kan prochondo batha korse and cholkosse . pray ey amar Dan kanta erokom hoy .,symptoms
Thanks for your question . consult a psycho sexologist . thanks,doctor
আপনাকে ধন্যবাদ প্রশ্ন করার জন্য । পিজি হাসপাতালে খোঁজ নিয়ে দেখতে পারেন । খরচ কিছু কম হবে । কোনো নির্দিষ্ট পরীক্ষা না করলে হবে কিনা তা শুধুমাত্র আপনাকে যে ডাক্তার দেখেছেন উনি বলতে পারবেন । আমাদের প্যানেলে কোনো হেপাটোলোজিস্ট নাই । ধন্যবাদ,doctor
"স্যার আমার ৩ মাস আগে হঠাট করে বুকে নিশ্বাস নিতে কস্ট হয় , হঠাট করে গলা সুখাই জায় , আর শরীরে কনো শক্তি পাইনা বুক থেকে গলা পর্যন্ত মনে হয় অবশ হয়ে যায় । এর পরে আমি মেডিকেলে সার্জন ডাক্তার কে দেখায় , সেখানে তেমন কিছু বলেনা , ঔষুধ খেতে বলছিলো কিছু সেগুলা খাই । কাল আমার আবার হঠাৎ করে এই রোগ তা রাতে হয় , পরে কাল ডাক্তার বল্য গ্যাস থেকে নাকি এমন হয় । স্যার আমি এখন কি করলে এই রোগ থেকে মুক্তি পাবো , দয়া করে আমার উত্তর দিবেন ,",symptoms
আপনাকে ধন্যবাদ প্রশ্ন করার জন্য । আপনার সমস্যা গুরুতর যা প্রাথমিক চিকিৎসা তে ভাল হবে না । আপনি হাসপাতাল ভর্তি হয়ে চিকিৎসা নিন । একজন অর্থপেডিক্স বিশেষজ্ঞ চিকিৎসক কে দেখিয়ে নিন । আপাতত ব্যাথার জন্য প্যারাসিটামল খেতে পারেন । ধন্যবাদ ।,medicine
"গত কয়েক দিন ধরে টানা আমার শরীর এর তাপমাত্রা ৯৯ . ৫ - ১০০ ডিগ্রি এর মধ্যে থাকে । সাথে কফ , কাশি আছে । আর গত কয়েক দিন দুর্বলতা ছিল , তবে আজকে কম দুর্বল লাগছে । শরীর এর এই তাপমাত্রা কি স্বাভাবিক ?",fever
আপনাকে ধন্যবাদ প্রশ্ন করার জন্য । আপনার এই রোগ কখনো ভাল হবে না । কারন আপনার গরুর মাংস ও ডিমে এলার্জি আছে । একমাত্র উপায় খাবার পরিহার করা । ধন্যবাদ,nutrition
"বয়ষ ৩৪বছর সমস্যা ৫বছর রোগীর নাম ঃ < NAME > সমস্যা ঃ মাঝে মাঝে হঠাৎ মাটিতে পড়ে যায় পড়ে যাবার কোন আর ওঠতে পারে না , পাগলামী করে । আমাকে আপনারা কি সাহায্য করতে পারবেন",symptoms
ডাক্তার ভাইতে প্রশ্ন করার জন্যে আপনাকে ধন্যবাদ । এটা ঠান্ডার কারনে হতে পারে । আপনি tab - fexo 120 mg 0 + 0 + 1 ৭ দিন খেতে পারেন ।,medicine
"ধন্যবাদ আপনাকে প্রশ্ন করার জন্য । আপনি গরম পানি লবণ দিয়ে গড়গড়া করুন । আদা চা , মধু , সিভিট খান । গরম পানি খাবেন একটু পর পর । নাপা খান গলা ব্যাথার জন্য । শুকনা কাশির জন্য মন্টেলুকাস্ট ট্যাবলেট খান । আপনি টক ফল , সিভিট খান । রুচি বাড়বে । ধন্যবাদ",fever
"আমার ছেলের বয়স ১৫ বছর উচ্চতা ৫ . ৫ "" ওজন ৪০ কেজি । খুব পাতলা ও দুর্বল । সহজেই অসুস্থ হয়ে পড়ে । ভাত রুটি পরিমাণ মতো খায় । কিন্তু ইদানীং খাবারে অরুচি",nutrition
আমার নিজের একটি সমস্যা অশ্ব বা গেজ বলে যেটাকে যখন বাথরুম করতে যায় কখন বাইর হয়ে যায় আবার হাত দিয়ে ধাক্কা দিয়ে ভিতরে দিতে হয় আবার মাঝেমধ্যে পায়খানা কঠিন হয়ে যাবে রক্ত বের হয় এর জন্য কি ট্যাবলেট খেতে পারি,symptoms
"ডাক্তারভাইকে প্রশ্ন করার জন্য ধন্যবাদ । ওজন কমানোর সঠিক ও সর্বোত্তম উপায় নিয়মিত Physical Exercise এবং Balanced Diet । প্রয়োজনে একজন Nutritionist এর পরামর্শ নিয়ে আপনি একটি খাদ্য তালিকা মেনে চলুন । প্রতিদিন অন্তত ৪০ - ৬০ মিনিট হাঁটুন , ২ - ৩ লিটার পানি পান করুন , যে কোন অস্বাস্থ্যকর অভ্যাস ত্যাগ করুন , তেল চর্বী মসলাযুক্ত খাবার পরিহার করে শাক সবজি ফলমূল বেশি খাবেন । ধৈর্য সহকারে নিয়ম কানুন মেনে চললে ভালো ফল অবশ্যই পাবেন । বাজারজাত প্রোডাক্টের মূলত অনেক side effects থাকে যা উপকার থেকে অপকার বেশি করে । ধন্যবাদ ।",nutrition
"ডাক্তার ভাইকে প্রশ্ন করার জন্য ধন্যবাদ । Tab Monas 10 , 0 + 0 + 1 , 10 days . Syrup Mucolyte , 2 spoon , 3 times , 10 days . Tab Ceevit 250 , 1 + 0 + 1 , 14 days , ( chewable ) . এছাড়া গরম পানি লবণ দিয়ে গড়গড়া করবেন দিনে চার থেকে পাঁচবার ‌‌‌‌ । ধন্যবাদ ।",medicine
Thanks for your question to daktar Bhai . I can not give any medicine without seeing . Please visit a skin doctor . Thanks,doctor
ডাক্তার ভাইকে প্রশ্ন করার জন্য ধন্যবাদ । Tab Ace Plus - তিন বেলা খেতে পারেন । জ্বর যদি না কমে তবে রক্ত পরীক্ষা করা লাগতে পারে । ধন্যবাদ,fever
"আপনাকে ধন্যবাদ প্রশ্ন করার জন্য । বুকে ব্যাথার অনেক কারন থাকে যেমন কার্ডিয়াক সমস্যা , গ্যাস্টিকের সমস্যা ইত্যাদি । আপনি একজন মেডিসিন ডাক্তারের পরামর্শ করে কিছু পরীক্ষা করে নিশ্চিত হয়ে নিন । ডায়াবেটিস , ইসিজি , এক্স রে চেস্ট ইত্যাদি করা প্রয়োজন । ধন্যবাদ",symptoms
"আমার বয়স ৩১ বছর , গত কিছু দিন ধরে সর্দি লেগে আছে , ফার্মেসি থেকে Fexo 120 দিছে কিন্তু কোন কাজ হচ্ছে না । এখন কি ওষুধ খাওয়া যাবে ? ?",fever
"আপনাকে ধন্যবাদ প্রশ্ন করার জন্য । গলা ব্যাথার সাথে অন্য কোন সমস্যা আছে ? কুসুম গরম পানি দিয়ে গড়গড়া করুন দিনে তিন বার , লেবুর রস , মধু , আদা দিয়ে গরম চা খাবেন দিনে দুই বার । ধন্যবাদ ।",symptoms
আপনাকে ধন্যবাদ প্রশ্ন করার জন্য । আপনি খাওয়ার পর মুখ ভাল করে পরিষ্কার করবেন । পানি বেশি করে পান করুন । মাউথ ওয়াস ব্যবহার করতে পারেন । একজন দাতের চিকিৎসককে দেখিয়ে নিতে পারেন । ধন্যবাদ,doctor
আসসালামুয়ালাইকুম । আমার বোনের বয়স ৫০ । তার প্রতিদিন এলার্জির ট্যাবলেট খেতে হয় অন্যথায় একদিন‌ও যদি মিস করে তাহলে তার এলার্জি ভেসে ওঠে এরূপ অবস্থায় সে কি করতে পারি ?,symptoms
"শহীদ সোহরাওয়ার্দী মেডিকেলের ডিরেক্টর ড . < NAME > ম‍্যাম আমাকে Flugal 50gm ( 21 দিন ) , fungidal cream এবং মাসিকের রাস্তার চারিপাশ এবং কুস্কি শুকনো রাখতে এবং ঢিলেঢালা কাপড় পরিধান করতে বলেছেন । সব নিয়ম মেনে চলেছি । এখনো ঢিলেঢালা কাপড় পরিধান করি । সমস‍্যা হলো : কোর্স সম্পূর্ণ করার পরও প্রতি মাসে মাসিক হলে প্রস্রাব , মাসিকের রাস্তার চারিপাশ অনেক চুলকায় , বিশেষ করে দুই পাশের কুস্কি অনেক চুলকায় , ছিলে লাল হয়ে যায় । তবে আমি মাসিকের সময় 6 - 7 ঘন্টা পর পর প‍্যাড পরিবর্তন করি এবং গরম পানি স‍্যাভলন দিয়ে পরিষ্কার করি ।",symptoms
ডাক্তার ভাইতে প্রশ্ন করার জন্যে আপনাকে ধন্যবাদ । আপাতত Tab - Naprosyn 500mg 1 + 0 + 1 ভরা পেটে ৭ দিন cap - maxpro 20 mg 1 + 0 + 1 খাবার আগে ৭ দিন খাবে । । আর নিকটস্থ হসপিটালে যোগাযোগ করে প্রয়োজনীয় ব্যাবস্থা নিবেন ।,nutrition
আপনাকে ধন্যবাদ প্রশ্ন করার জন্য । আপনি ইতিমধ্যে অনেক দেরি করে ফেলেছেন । একজন ভাল নাক কান গলা ডাক্তারকে দ্রুত দেখিয়ে নিন । ধন্যবাদ,doctor
করোনা ভাইরাসের কারনে হাস্পাতালে যেতে পারছি না আপাতত একটা সমাধান দিন please pleaae . আমার আম্মুর কোমর থেকে থেকে হাটু পর্যন্ত ডান পায়ের পিছনের উরুর নার্ভগুলা শুয়ে এপাশ ওপাশ করলে বা দাঁড়ালে প্রচন্ড ব্যথা এবং অচেতন এর মত হওয়ার উপক্রম হয় । এভাবে প্রায় 15 দিন যাবত বিশ্রাম নিচ্ছে । এখন ঘাড়ে ব্যাথা ও দুই হাতের কব্জি ফুলে যায় । হাত দিয়ে কোনো কিছু স্পর্শ করলেও ব্যথা পায় । প্রস্রাব পায়খানা ও বিছানায় করতে হচ্ছে ঠিকমতো উঠতেও পারছে না বিছানা থেকে । এখন বাম পাও নড়াচড়া করতে প্রচন্ড ব্যথা পায় ।,emergency
"আপনাকে ধন্যবাদ প্রশ্ন করার জন্য । আপনি ভাত , রুটি , আলু , মিষ্টি কম খাবেন । একজন ডায়েটিসিয়ান এর সাথে যোগাযোগ করতে পারেন । ধন্যবাদ",doctor
"serum calcium , cpk চেক করবেন । ধন্যবাদ ।",doctor
ডাক্তার ভাই কে প্রশ্ন করার জন্য ধন্যবাদ । এই সমস্যার জন্য কিছু পরীক্ষা ও দীর্ঘ মেয়াদের চিকিত্সা প্রয়োজন একজন Orthopedics specialist এরপরামর্শ নিন ধন্যবাদ,doctor
১ম সন্তানের বয়স ৪ বছর । বতর্মানে কোন পদ্ধতি নেওয়া হচ্ছে না । বীর্য বাইরে বের করা হচ্ছে । জন্মনিয়ন্ত্রণের জন্য পিল খেতে চাচ্ছে তাই কোন পিলটা খাওয়া যায় এবং পাশ্বপ্রতিক্রিয়া কম হবে । দয়া সঠিক পরামর্শ পেলে কৃতজ্ঞ থাকবো ।,medicine
ডাক্তার ভাই কে প্রশ্ন করার জন্য ধন্যবাদ । জ্বর কত বলতে হবে । ১ চামচ আদা রসুন ভর্তা গরম পানি তে দিয়ে খেয়ে ফেলবেন । ১০ দিন করবেন । গরম পানি লবন দিয়ে গড়গড়া করবেন দিনে ২ বার । ধন্যবাদ ।,fever
"ডাক্তারভাইকে প্রশ্ন করার জন্য ধন্যবাদ । বাড়িতে একটি Pregnancy Urine Strip Test করিয়ে নিন । নানান কারণে মাসিক দেরী হতে পারে । অপর্যাপ্ত ঘুম ও খাওয়া , mental stress , hormone imbalance , ওজন বৃদ্ধি বা হ্রাস ইত্যাদি । লক্ষ্য রাখুন এমন কোন সমস্যা হচ্ছে কিনা । Pregnancy test নেগেটিভ আসলে দ্রুত USG of lower abdomen পরীক্ষাটি করিয়ে গাইনী / অবস বিশেষজ্ঞ ডাক্তারের পরামর্শ নিন । ধন্যবাদ ।",doctor
